Data,ABEV3,ALOS3,ANIM3,ASAI3,AUAU3,AURE3,AXIA3,AZZA3,B3SA3,BBAS3,BBDC3,BBDC4,BBSE3,BEEF3,BPAC11,BRAP4,BRAV3,CBAV3,CEAB3,CMIG4,CMIN3,COGN3,CPFE3,CPLE3,CSAN3,CSMG3,CSNA3,CURY3,CVCB3,CXSE3,CYRE3,DIRR3,ECOR3,EGIE3,EMBJ3,ENEV3,ENGI11,EQTL3,EZTC3,FLRY3,GGBR4,GGPS3,GMAT3,GOAU4,HAPV3,HYPE3,IGTI11,INTB3,IRBR3,ISAE4,ITSA4,ITUB3,ITUB4,JHSF3,KLBN11,LREN3,MBRF3,MDNE3,MGLU3,MOTV3,MOVI3,MRVE3,MULT3,NATU3,ORVR3,PETR3,PETR4,POMO4,PRIO3,PSSA3,RADL3,RAIL3,RAPT4,RDOR3,RECV3,RENT3,SANB11,SAPR11,SAUD3,SBSP3,SIMH3,SLCE3,SMFT3,SMTO3,SUZB3,TAEE11,TEND3,TIMS3,TOTS3,UGPA3,USIM5,VALE3,VAMO3,VBBR3,VIVA3,VIVT3,WEGE3,YDUQ3
02/01/2023 00:00:00,"11,86","12,62","3,22","18,33",,"11,34","35,50","63,65","10,77","13,22","9,43","10,65","22,02","11,64","20,24","19,77","35,21","10,13","2,02","5,38","2,76","1,74","27,30","5,67","15,29","10,51","11,60","8,35","3,91","5,95","10,50","3,79","3,76","22,06","14,12","11,20","32,81","23,85","8,39","11,60","19,83","9,40","5,70","7,67","69,60","37,63","15,92","24,72","25,35","17,64","5,38","14,09","16,61","3,60","14,51","14,77","7,12","4,24","22,19","9,53","6,27","7,34","17,95",,"7,81","15,05","12,58","1,47","36,70","18,93","20,68","16,67","7,36","23,32","21,58","44,44","21,67","14,20","7,01","9,35","12,21","15,34","11,54","20,79","45,36","24,96","3,70","8,57","24,46","10,41","6,48","64,80","10,16","11,06","19,00","14,64","34,76","8,72"
03/01/2023 00:00:00,"11,84","12,08","3,09","17,96",,"11,14","34,83","61,67","10,41","12,97","8,99","10,12","21,33","11,31","19,28","19,62","33,54","9,74","1,94","5,25","2,73","1,66","26,96","5,62","14,66","10,36","11,46","8,18","3,67","5,93","10,03","3,66","3,59","21,86","14,38","11,03","32,34","23,27","8,20","11,17","19,87","8,94","5,36","7,60","67,65","36,00","15,07","23,77","25,35","17,22","5,25","13,82","16,27","3,55","14,65","14,42","6,98","4,12","21,76","9,32","6,01","7,17","17,37",,"7,54","14,84","12,26","1,50","34,24","18,57","20,29","16,30","7,26","22,17","20,45","43,35","21,58","13,95","6,85","9,26","11,65","15,09","11,12","20,08","46,17","24,70","3,86","8,37","23,62","10,25","6,41","64,68","9,58","10,73","18,44","14,35","33,90","8,16"
04/01/2023 00:00:00,"11,91","12,20","3,05","18,42",,"11,36","35,77","63,08","10,49","13,14","9,06","10,15","21,44","11,74","19,89","19,81","33,74","9,86","2,06","5,32","2,72","1,73","27,28","5,69","14,77","10,26","11,55","8,21","3,91","5,97","10,43","3,59","3,66","21,87","14,78","11,45","31,93","23,31","8,57","11,40","19,77","9,05","5,59","7,66","68,70","36,12","15,12","24,24","28,26","17,23","5,29","13,83","16,32","3,54","14,71","14,51","7,11","4,18","21,85","9,44","6,27","7,41","17,67",,"7,56","15,08","12,65","1,52","34,04","18,63","20,19","16,54","7,20","22,51","20,51","43,86","22,02","14,07","6,85","9,33","12,06","14,81","11,33","20,26","46,26","24,67","3,79","8,52","24,31","10,49","6,54","64,80","9,81","11,05","18,53","14,66","34,12","8,27"
05/01/2023 00:00:00,"11,94","12,59","3,02","18,32",,"11,41","35,84","63,84","10,82","13,74","9,36","10,59","21,48","11,98","20,70","20,30","36,03","10,08","2,12","5,37","2,77","1,74","27,31","5,75","15,07","10,46","12,31","8,36","4,01","5,93","10,71","3,65","3,77","21,73","14,61","11,71","31,90","23,39","8,56","11,61","20,26","9,16","5,82","7,79","71,55","36,59","15,59","24,75","27,09","17,12","5,37","14,24","16,82","3,63","14,82","14,29","7,22","4,46","22,79","9,57","6,49","7,48","18,14",,"7,69","15,57","13,11","1,58","34,91","18,81","20,82","16,65","7,30","23,81","20,49","44,22","22,37","14,23","6,86","9,56","12,54","14,94","11,39","19,83","46,55","24,77","4,17","8,44","25,42","10,63","6,92","65,89","10,06","11,10","18,72","15,06","34,20","8,38"
06/01/2023 00:00:00,"11,97","12,96","3,04","18,38",,"11,42","35,86","65,09","11,07","13,93","9,61","10,88","22,11","12,16","20,82","20,37","36,64","10,32","2,15","5,37","2,94","1,78","27,02","5,66","15,59","10,48","12,82","8,54","4,25","5,91","11,20","3,73","3,98","21,79","14,36","12,38","31,74","23,31","8,81","11,97","20,41","9,38","5,89","7,85","70,80","37,11","16,18","24,88","28,84","16,91","5,46","14,42","17,12","3,59","14,71","14,82","7,20","4,56","23,65","9,68","6,85","7,55","18,62",,"7,96","15,48","13,03","1,55","35,12","19,06","21,24","16,81","7,28","24,06","20,85","45,07","22,95","14,31","7,33","9,60","13,08","14,86","11,58","19,95","46,25","25,72","4,09","8,55","25,83","10,75","7,00","66,93","10,44","11,17","19,27","15,38","34,70","8,68"
09/01/2023 00:00:00,"12,03","13,28","3,22","18,56",,"11,23","36,12","64,43","10,92","13,79","9,63","11,02","22,22","12,23","20,62","20,63","37,12","10,81","2,16","5,51","2,91","1,79","27,27","5,61","15,52","10,59","12,87","8,43","4,47","5,95","11,10","3,64","3,97","22,33","14,62","12,04","31,76","23,63","8,68","11,60","20,83","9,21","5,82","8,03","63,00","36,97","16,21","25,41","30,88","17,03","5,50","14,46","17,24","3,54","14,77","14,85","7,11","4,49","24,24","9,66","6,82","7,55","18,39",,"8,17","15,58","13,10","1,55","35,95","19,24","21,04","16,73","7,42","23,63","21,11","45,01","22,93","14,51","7,20","9,62","13,22","14,74","11,85","19,34","46,87","26,00","4,06","8,55","26,32","10,72","7,03","67,00","10,59","11,08","19,29","15,33","34,60","8,58"
10/01/2023 00:00:00,"12,15","13,69","3,23","18,57",,"11,11","35,77","66,18","11,31","14,03","9,83","11,35","22,55","12,32","21,73","21,05","37,79","11,06","2,35","5,53","3,10","1,88","26,92","5,67","16,03","10,70","13,49","8,55","4,68","5,97","11,38","3,76","4,20","22,37","14,90","12,40","31,68","23,84","8,91","11,87","21,41","9,75","5,91","8,19","64,65","37,21","16,52","26,46","36,12","17,29","5,61","14,69","17,57","3,63","14,66","15,30","7,31","4,60","26,13","10,07","7,07","7,83","18,95",,"8,50","15,67","13,22","1,55","36,15","19,68","21,35","17,12","7,55","23,34","21,22","46,46","23,78","14,49","7,53","9,65","13,85","15,01","13,37","19,93","46,29","26,03","4,60","8,50","27,24","11,08","7,28","67,83","11,12","11,20","20,42","15,49","34,26","8,70"
11/01/2023 00:00:00,"11,94","14,18","3,29","19,07",,"11,50","37,39","67,84","11,83","14,23","9,94","11,58","22,69","13,28","21,33","21,08","42,95","11,06","2,41","5,76","3,09","1,90","27,62","5,84","16,36","10,74","13,51","8,76","4,63","5,97","11,55","3,76","4,31","22,97","15,39","12,66","32,36","24,92","8,95","12,25","21,62","9,60","5,98","8,26","69,00","38,75","16,76","27,08","34,96","17,43","5,66","15,06","17,88","3,66","14,35","15,91","7,36","4,54","25,96","10,52","6,99","7,82","19,69",,"8,73","15,87","13,33","1,55","38,96","19,75","21,58","17,49","7,70","23,60","21,34","47,71","24,61","14,63","7,77","9,76","14,01","15,19","13,46","21,10","45,61","25,99","4,53","8,37","27,54","11,45","7,24","67,59","11,56","11,32","20,24","15,62","35,22","8,64"
12/01/2023 00:00:00,"11,78","13,96","3,31","19,30",,"11,80","37,06","68,36","11,76","14,14","9,74","11,31","22,61","13,35","20,72","21,21","43,42","11,16","2,34","5,71","3,10","1,87","27,40","5,79","16,64","10,63","13,34","8,90","4,50","6,00","11,53","3,75","4,14","22,94","15,51","12,65","33,48","25,09","8,98","12,14","21,70","9,55","5,78","8,31","65,25","38,82","16,74","26,87","32,63","17,59","5,60","15,03","17,63","3,61","14,42","16,23","7,36","4,56","27,33","10,79","6,82","7,59","19,34",,"9,00","15,96","13,52","1,56","39,69","19,60","21,39","17,63","7,71","23,13","21,99","47,29","23,91","14,60","8,04","9,65","13,58","15,31","13,51","20,46","46,55","26,46","4,24","8,49","27,01","11,43","7,27","67,94","11,24","11,36","19,94","15,62","35,14","8,53"
13/01/2023 00:00:00,"11,60","13,69","3,20","19,27",,"11,58","36,37","67,63","11,58","14,17","9,77","11,27","22,55","13,97","20,15","21,07","42,76","11,18","2,23","5,63","3,13","1,82","27,19","5,79","16,12","10,32","13,31","8,85","4,24","6,13","11,24","3,68","3,97","22,36","15,55","12,60","32,24","24,66","8,60","11,65","21,82","9,53","6,01","8,29","63,75","38,16","16,22","26,12","32,05","17,42","5,56","14,86","17,54","3,52","14,37","15,39","7,13","4,31","29,39","10,63","6,53","7,19","18,99",,"8,95","15,92","13,48","1,56","38,99","19,46","21,32","17,34","7,59","22,65","21,73","46,57","23,45","14,26","7,86","9,56","13,33","15,54","13,50","19,82","46,70","26,36","4,08","8,32","26,61","10,97","7,20","68,00","11,25","11,11","19,20","15,34","35,56","8,24"
16/01/2023 00:00:00,"11,03","13,55","3,14","19,36",,"11,79","35,70","66,49","11,39","14,15","9,56","10,92","22,34","13,88","19,32","20,65","42,64","11,41","2,48","5,58","3,01","1,77","27,48","5,77","15,69","10,30","13,09","8,53","4,08","5,98","11,13","3,62","3,80","22,56","16,16","12,37","31,39","24,43","8,40","11,42","21,46","9,57","6,12","8,13","61,80","37,08","16,05","25,88","31,76","17,32","5,46","14,57","17,35","3,46","14,41","15,08","6,87","4,27","32,98","10,26","6,18","6,99","18,64",,"8,89","15,53","13,19","1,52","39,01","19,37","21,41","17,28","7,27","22,51","21,59","46,61","22,57","14,44","7,92","9,59","12,89","15,71","13,67","19,79","46,87","26,36","3,89","8,40","26,12","10,76","7,14","66,86","10,80","11,12","19,16","15,36","34,39","8,27"
17/01/2023 00:00:00,"11,58","13,72","3,13","19,36",,"11,75","36,35","68,70","11,44","14,98","9,62","11,00","22,67","13,95","20,28","20,79","42,84","11,53","2,39","5,75","3,10","1,80","27,74","5,87","16,25","10,65","13,22","8,66","3,98","6,15","11,47","3,68","3,89","22,91","16,15","12,61","32,22","24,42","8,53","11,80","21,77","9,70","6,23","8,34","62,25","37,25","16,55","25,74","32,63","17,45","5,54","14,87","17,71","3,55","14,62","15,24","7,07","4,46","32,47","10,41","6,13","6,97","19,45",,"9,12","16,62","14,01","1,54","38,68","19,57","21,32","17,53","7,26","24,33","22,00","48,20","22,66","14,48","8,11","9,68","13,06","15,95","13,62","20,49","47,44","26,52","3,97","8,43","27,65","11,08","7,32","66,78","11,00","11,47","19,22","15,71","34,95","8,16"
18/01/2023 00:00:00,"11,51","13,76","3,50","19,70",,"11,41","36,47","69,00","11,50","15,20","9,73","11,16","22,86","14,10","20,69","21,04","44,54","12,16","2,34","5,77","3,24","1,85","28,14","5,86","16,29","10,38","13,64","8,47","3,85","6,26","11,77","3,76","4,08","23,07","16,09","12,96","32,23","24,97","8,86","11,82","22,48","9,79","6,29","8,58","63,15","38,27","16,76","26,00","31,46","17,77","5,59","14,95","18,03","3,57","14,65","15,78","7,01","4,37","30,50","10,56","6,32","7,14","19,42",,"9,07","16,41","13,76","1,57","38,91","20,04","21,34","17,82","7,24","23,94","22,24","50,25","23,30","14,54","8,01","9,65","13,51","16,03","13,96","21,00","46,18","26,52","4,65","8,34","28,13","11,26","7,50","67,65","11,62","11,49","19,72","16,10","34,66","8,23"
19/01/2023 00:00:00,"11,40","13,74","3,56","19,48",,"11,66","36,47","70,25","11,41","15,54","9,77","11,19","23,11","14,16","20,08","21,18","45,58","12,18","2,29","5,76","3,22","1,84","28,06","5,88","16,42","10,48","13,72","8,45","3,90","6,29","11,78","3,74","4,05","22,87","16,16","12,92","32,44","24,94","8,89","11,90","22,54","9,89","6,29","8,66","65,55","38,56","16,77","25,82","32,05","17,66","5,59","14,87","18,03","3,65","14,53","15,89","7,05","4,43","32,64","11,11","6,41","7,04","19,63",,"9,09","16,96","14,21","1,59","40,46","19,86","21,57","18,00","7,25","25,43","22,32","49,35","23,04","14,53","8,16","9,68","13,74","16,08","14,18","20,84","45,69","26,88","4,34","8,33","28,01","11,21","7,44","67,94","11,93","11,53","19,83","16,13","34,59","8,42"
20/01/2023 00:00:00,"11,31","13,49","3,52","19,30",,"11,58","35,84","69,91","11,23","15,92","9,59","11,03","23,11","14,21","19,48","21,26","47,17","12,32","2,81","5,61","3,23","1,84","27,64","5,88","15,69","9,84","14,05","8,54","3,84","6,18","11,70","3,71","3,97","22,55","16,01","12,44","31,51","24,58","8,96","11,51","22,34","9,89","6,28","8,56","65,70","38,20","16,61","25,27","29,42","17,61","5,52","14,67","17,71","3,59","14,20","15,70","6,98","4,45","32,73","11,07","6,39","7,01","19,26",,"9,17","17,15","14,47","1,58","41,03","19,54","21,40","17,33","7,33","24,31","22,17","47,87","22,89","14,46","8,24","9,37","14,07","16,30","14,16","20,84","43,66","26,61","4,25","8,31","27,49","11,00","7,64","68,13","11,86","11,38","20,07","15,88","34,06","8,39"
23/01/2023 00:00:00,"11,21","13,49","3,58","19,57",,"11,52","35,75","70,43","11,13","15,80","9,28","10,56","23,29","13,71","19,06","20,99","46,45","12,08","2,57","5,53","3,36","1,84","27,43","5,76","15,04","9,69","14,14","8,89","3,83","6,14","11,84","3,81","4,04","22,48","16,11","12,06","31,73","24,58","9,20","11,18","21,86","10,05","6,35","8,37","63,45","37,83","16,64","25,19","29,72","17,57","5,41","14,33","17,16","3,57","14,08","15,58","7,17","4,53","34,61","11,02","6,45","6,81","19,28",,"9,04","17,55","14,70","1,58","41,49","19,40","21,58","17,46","7,25","24,42","21,95","48,85","22,05","14,40","8,24","9,16","13,78","16,47","13,60","20,49","43,51","26,85","4,12","8,32","28,01","10,84","7,69","68,35","11,67","11,22","20,20","16,68","34,10","8,35"
24/01/2023 00:00:00,"11,37","13,73","3,56","20,32",,"11,69","36,42","71,16","11,29","15,72","9,38","10,68","23,54","13,50","19,31","21,23","45,02","11,76","2,58","5,63","3,43","1,89","28,01","5,80","15,64","9,86","13,89","9,21","4,16","6,22","11,97","3,92","4,05","22,94","16,57","12,14","31,70","24,80","9,28","11,43","21,80","10,23","6,52","8,37","67,20","37,89","16,89","26,06","27,09","17,47","5,51","14,30","17,32","3,58","14,16","16,27","7,16","4,49","37,61","10,88","6,32","6,92","19,80",,"9,35","17,42","14,60","1,58","40,96","19,73","21,97","17,77","7,34","24,81","22,22","50,49","22,47","14,40","8,53","9,41","14,49","16,42","13,69","21,08","44,00","26,98","4,24","8,20","28,55","11,30","7,63","69,08","12,12","11,63","20,96","16,34","33,95","8,50"
25/01/2023 00:00:00,"11,46","13,95","3,62","20,38",,"11,89","37,33","72,45","11,53","16,15","9,40","10,60","24,52","13,63","19,82","21,40","45,38","11,68","2,69","5,78","3,53","1,90","28,64","5,88","15,82","9,97","13,87","9,41","4,29","6,36","12,21","3,98","4,06","22,99","16,57","12,23","32,75","25,38","9,32","11,88","21,72","10,43","6,66","8,40","68,70","38,11","17,20","26,58","21,42","17,63","5,52","14,40","17,38","3,73","14,01","16,60","7,14","4,60","37,27","11,06","6,43","6,94","20,19",,"9,45","17,49","14,79","1,67","41,85","19,94","22,15","17,73","7,52","25,49","22,16","51,33","22,66","14,55","8,49","9,54","14,47","16,52","13,85","22,00","43,31","27,07","4,29","8,19","28,34","11,47","7,63","69,73","12,25","12,03","20,96","16,11","35,33","8,56"
26/01/2023 00:00:00,"11,48","14,04","3,51","20,27",,"11,97","37,33","71,82","11,54","16,15","9,38","10,63","24,44","13,52","19,72","21,81","45,26","12,03","2,73","5,62","3,57","1,87","28,47","5,87","15,83","9,97","14,49","9,33","4,48","6,37","12,32","3,94","4,08","22,89","16,47","12,10","33,44","25,48","9,62","11,60","22,21","10,46","6,37","8,59","66,60","37,93","17,59","26,33","22,75","17,73","5,55","14,34","17,28","3,78","13,95","16,68","7,07","4,52","36,67","10,96","6,46","7,08","20,36",,"9,49","17,00","14,41","1,66","42,27","20,26","22,20","17,74","7,69","25,57","22,40","51,41","22,77","14,68","8,67","9,45","14,57","16,83","14,05","22,16","42,05","27,40","4,33","8,27","27,89","11,46","7,92","71,03","12,43","12,00","21,36","16,19","34,86","8,55"
27/01/2023 00:00:00,"11,41","13,78","3,46","20,29",,"11,98","36,12","71,14","11,18","15,97","9,18","10,31","24,58","13,28","19,37","21,24","44,51","11,65","2,85","5,53","3,51","1,84","28,08","5,80","15,83","9,91","14,34","9,20","4,73","6,35","12,14","3,91","4,00","22,96","16,15","11,97","33,13","25,31","9,46","11,41","21,72","10,21","6,50","8,40","69,00","38,44","17,25","26,48","25,79","17,66","5,42","13,98","16,91","3,74","13,90","16,25","6,84","4,52","38,81","10,87","6,25","6,82","20,02",,"9,40","16,62","14,06","1,60","41,72","20,32","22,36","17,49","7,63","26,16","21,74","51,02","22,84","14,68","8,62","9,37","14,35","16,92","14,21","21,41","41,75","27,58","4,23","8,16","27,49","11,42","7,81","69,09","12,44","12,05","21,43","16,26","34,59","8,41"
30/01/2023 00:00:00,"11,31","13,83","3,46","20,06",,"11,84","35,60","75,66","11,32","16,22","9,21","10,37","24,99","13,03","19,21","21,14","43,79","11,51","2,65","5,51","3,53","1,84","28,33","5,79","15,41","9,98","14,42","9,32","4,05","6,38","12,08","3,85","3,96","22,94","16,13","11,83","32,68","25,04","9,45","11,51","21,82","10,19","6,50","8,44","70,50","38,63","17,34","25,61","24,29","17,53","5,47","13,99","16,92","3,75","14,22","16,19","6,64","4,45","37,35","10,91","6,24","6,69","20,24",,"9,47","16,67","14,13","1,59","41,43","20,82","22,44","17,17","7,39","26,17","21,29","50,73","22,74","14,45","8,68","9,45","14,39","17,27","14,23","21,67","42,86","27,53","4,08","8,27","27,99","11,20","7,81","68,84","12,48","11,93","21,69","16,33","34,08","8,58"
31/01/2023 00:00:00,"11,41","13,97","3,74","18,97",,"12,07","35,55","75,23","11,40","16,17","9,41","10,54","24,91","12,82","19,74","21,18","43,36","11,80","2,73","5,65","3,65","2,02","28,23","5,86","15,71","10,06","14,58","9,66","4,14","6,37","12,40","3,96","4,03","23,26","16,14","12,00","32,41","25,52","9,54","11,88","22,03","10,32","6,42","8,52","77,25","39,93","17,68","25,98","25,37","17,71","5,49","14,15","17,18","3,84","14,11","16,53","6,56","4,38","37,95","10,89","6,60","7,02","20,62",,"9,65","16,94","14,31","1,64","42,03","21,66","22,08","17,35","7,44","27,48","20,81","51,34","23,03","14,53","8,97","9,73","14,99","17,13","14,39","22,13","42,94","28,01","4,31","8,44","28,41","11,49","7,86","68,50","12,79","12,38","22,42","16,83","34,89","9,20"
01/02/2023 00:00:00,"11,01","13,88","3,84","18,95",,"12,08","34,83","75,78","11,36","15,98","9,29","10,34","24,16","12,78","19,51","20,84","42,62","11,62","2,80","5,63","3,65","2,00","28,24","5,89","15,51","10,19","14,58","9,48","4,14","6,36","12,23","3,89","4,03","22,98","16,11","12,24","32,51","25,50","9,06","11,97","21,62","10,45","6,24","8,36","75,75","39,55","17,68","25,41","24,57","17,47","5,33","14,04","16,96","3,79","14,23","16,55","6,91","4,39","36,75","10,83","6,34","6,90","20,47",,"9,95","16,61","14,11","1,66","41,03","21,29","21,85","17,12","7,29","27,48","20,17","50,75","22,02","14,62","9,06","9,72","14,99","17,19","15,05","23,17","43,30","27,46","4,38","8,27","28,48","11,22","7,75","67,74","12,88","12,01","22,30","16,19","35,03","9,24"
02/02/2023 00:00:00,"10,95","14,10","3,84","18,84",,"12,04","34,11","76,13","11,43","15,68","9,35","10,49","24,07","12,58","18,75","20,02","42,01","10,93","2,80","5,63","3,39","2,04","27,74","5,73","15,15","10,16","13,79","9,53","4,25","6,25","12,32","3,90","4,05","22,71","16,31","12,05","33,31","25,55","9,12","12,20","20,64","10,31","6,16","7,96","76,65","38,72","17,25","25,56","23,65","17,39","5,36","14,07","17,11","3,77","13,74","16,64","6,63","4,33","37,18","10,78","6,32","6,97","20,36",,"10,27","15,82","13,46","1,68","39,99","21,26","21,48","17,37","7,24","26,69","19,12","52,16","21,90","14,76","9,02","9,74","14,66","17,07","15,03","22,82","41,69","27,20","4,57","8,17","28,83","11,13","7,29","64,61","12,91","12,25","22,64","15,90","34,71","9,19"
03/02/2023 00:00:00,"10,85","13,52","3,43","18,46",,"11,92","33,23","74,31","10,65","15,58","9,14","10,26","24,00","12,42","18,28","20,09","41,09","10,62","2,66","5,51","3,38","1,90","26,96","5,65","14,95","9,84","13,89","9,33","4,02","6,07","11,83","3,76","3,80","22,42","16,26","11,77","32,71","24,76","8,78","11,60","20,90","10,06","6,04","8,02","69,45","38,63","16,71","25,24","22,78","17,18","5,30","14,04","17,05","3,76","13,98","15,48","6,56","4,31","36,58","10,42","6,19","6,57","19,53",,"10,32","16,01","13,61","1,66","40,11","21,08","21,00","17,03","7,15","25,46","18,79","50,23","21,60","14,51","8,95","9,35","14,28","17,07","14,56","22,72","42,89","26,99","4,21","7,97","28,07","10,74","7,22","64,47","12,58","11,78","21,76","15,67","34,59","8,01"
06/02/2023 00:00:00,"10,88","13,86","3,33","18,55",,"11,91","33,42","73,34","10,65","15,67","9,16","10,22","24,12","12,35","18,30","19,81","42,21","10,47","2,48","5,59","3,36","1,89","27,13","5,70","15,02","9,88","13,61","9,18","3,95","6,17","11,47","3,77","3,67","22,57","16,25","11,75","32,20","24,52","8,40","11,39","20,73","9,94","5,98","7,99","69,00","38,82","17,12","25,01","22,26","17,16","5,31","14,16","17,06","3,61","13,82","15,44","6,12","4,22","35,38","10,54","6,05","6,46","19,93",,"10,14","16,59","14,15","1,67","41,13","21,21","21,01","16,56","7,10","25,25","19,17","50,13","21,95","14,55","9,12","9,36","14,28","17,19","14,55","23,02","42,56","27,26","3,90","8,02","28,42","11,21","7,07","63,67","12,75","12,23","21,33","15,53","34,28","7,95"
07/02/2023 00:00:00,"10,83","13,66","3,29","18,19",,"11,60","32,25","71,70","10,46","15,45","9,10","10,16","24,28","12,53","18,36","19,83","42,25","10,48","2,39","5,41","3,37","1,87","26,55","5,59","15,06","9,89","13,62","9,03","3,82","6,10","11,46","3,73","3,52","22,08","16,75","11,59","31,05","24,09","8,37","11,51","21,02","9,76","5,87","8,09","69,75","38,30","17,03","24,82","21,70","17,02","5,25","13,95","16,67","3,58","13,95","15,11","5,80","4,23","34,70","10,43","6,05","6,36","19,84",,"10,07","16,50","14,06","1,66","41,56","21,32","21,08","16,72","7,14","24,75","19,48","49,68","22,17","14,56","9,23","9,03","14,26","17,13","14,28","23,28","42,66","26,84","3,68","7,84","27,68","11,01","6,99","64,09","12,76","11,98","20,91","15,44","34,37","7,82"
08/02/2023 00:00:00,"11,02","13,91","3,40","18,11",,"11,71","32,60","72,49","10,66","15,82","9,43","10,66","24,43","12,31","19,11","19,80","43,12","10,27","2,35","5,50","3,40","1,90","26,72","5,65","15,24","9,91","13,64","9,10","3,87","6,20","11,96","3,88","3,61","22,49","16,43","11,73","31,81","24,55","8,74","11,68","20,96","9,80","5,88","8,06","67,20","38,82","17,38","24,94","22,71","17,15","5,70","14,87","18,04","3,66","13,93","15,36","5,97","4,31","36,15","10,51","6,19","6,40","20,61",,"10,11","16,84","14,30","1,72","42,48","21,61","21,22","16,81","7,28","24,66","19,79","50,77","22,92","14,55","9,26","9,19","14,74","17,32","14,61","25,17","42,56","27,16","3,71","7,90","28,79","11,52","7,02","64,31","12,77","12,35","21,05","15,61","34,36","7,90"
09/02/2023 00:00:00,"10,88","13,51","3,35","17,88",,"11,66","31,89","69,65","10,25","15,73","9,21","10,39","23,15","12,01","18,93","19,68","42,04","10,21","2,21","5,36","3,34","1,85","25,35","5,60","14,65","9,72","13,46","8,95","3,62","6,07","12,04","3,79","3,50","22,12","16,04","11,46","30,03","23,88","8,53","11,41","19,29","9,59","5,76","7,43","67,35","38,62","16,64","24,65","21,97","16,88","5,55","14,53","17,60","3,54","14,04","14,71","5,73","4,02","35,21","10,29","5,76","6,06","20,04",,"9,67","16,84","14,23","1,70","41,89","21,21","21,10","16,04","7,08","24,20","19,44","49,14","22,89","14,38","9,24","9,11","13,64","17,23","14,58","25,07","42,88","26,88","3,61","7,74","28,04","11,16","6,85","64,07","12,13","11,78","20,29","15,48","34,65","7,41"
10/02/2023 00:00:00,"10,75","13,55","3,47","17,98",,"11,73","32,39","66,48","10,38","16,04","8,65","9,54","23,71","12,09","18,98","19,09","43,11","10,16","2,09","5,41","3,35","1,84","26,27","5,66","14,73","9,62","13,44","9,15","3,49","6,14","12,38","3,96","3,43","22,48","15,91","11,70","31,12","24,36","8,64","11,13","19,06","9,84","5,97","7,33","68,10","39,15","17,21","24,55","21,38","17,03","5,49","14,43","17,52","3,58","14,16","14,73","5,64","4,13","34,18","10,40","5,78","6,12","20,50",,"9,76","17,30","14,66","1,72","42,68","22,24","21,12","16,56","7,15","24,43","19,92","49,26","23,04","14,66","9,46","9,27","14,05","17,29","14,56","25,12","42,97","27,27","3,60","8,08","28,40","11,31","6,77","62,91","12,40","11,59","20,25","15,73","35,22","7,60"
13/02/2023 00:00:00,"10,97","13,61","3,40","18,02",,"11,80","32,04","68,78","10,48","16,13","8,91","9,88","23,97","11,88","19,40","19,24","41,87","10,03","2,10","5,43","3,30","1,84","26,27","5,66","14,77","9,81","13,39","9,22","3,43","6,18","12,73","3,93","3,46","22,82","15,79","11,75","31,13","24,23","8,83","11,40","19,24","9,74","5,79","7,41","68,70","39,06","16,86","24,78","21,55","17,04","5,63","14,92","18,13","3,66","14,21","14,78","5,71","4,09","35,38","10,42","5,89","6,15","20,41",,"9,75","17,38","14,71","1,68","41,97","22,49","20,93","16,53","7,38","24,29","20,12","49,08","22,94","14,69","9,53","9,35","14,12","17,25","14,39","24,72","43,26","27,42","3,60","8,25","28,26","11,37","6,73","62,85","12,53","11,84","20,68","15,81","35,20","7,64"
14/02/2023 00:00:00,"10,86","13,42","3,14","17,81",,"11,72","30,86","66,57","10,06","16,51","8,88","9,97","24,12","11,64","18,75","19,06","39,80","9,92","2,03","5,38","3,26","1,81","26,07","5,56","14,48","10,05","13,43","9,04","3,20","6,13","12,48","3,89","3,46","22,52","16,03","11,56","30,35","24,00","8,46","11,28","19,29","9,50","5,73","7,43","68,70","38,79","16,59","24,34","21,66","17,03","5,59","14,74","17,91","3,60","14,36","14,30","5,61","4,04","34,78","10,24","5,78","6,15","20,41",,"9,67","17,28","14,65","1,72","40,79","22,49","20,45","16,39","7,23","23,39","19,65","48,09","22,86","14,62","9,43","9,53","13,97","17,21","14,54","23,54","43,48","27,03","3,70","8,38","28,19","11,04","6,56","63,13","12,22","11,50","20,12","15,91","35,00","7,15"
15/02/2023 00:00:00,"11,06","13,59","3,14","18,55",,"11,76","31,35","67,23","10,19","16,66","9,05","10,36","24,29","12,02","19,48","19,31","40,05","9,99","2,11","5,38","3,43","1,84","26,01","5,62","14,77","10,00","13,92","9,25","3,19","6,17","12,64","3,96","3,60","22,91","16,21","11,67","30,95","24,22","8,58","11,54","19,21","9,70","5,83","7,39","73,95","39,28","16,92","24,77","22,08","17,15","5,63","14,90","18,17","3,62","14,54","14,69","5,83","4,16","33,33","10,30","6,19","6,51","20,60",,"9,86","17,36","14,68","1,73","40,83","22,39","20,86","16,46","7,34","24,32","20,06","49,10","23,18","14,80","9,83","9,51","14,84","17,42","14,74","24,04","44,62","27,13","3,82","8,63","27,02","11,42","6,68","64,51","12,75","11,75","20,50","15,96","35,47","7,44"
16/02/2023 00:00:00,"10,93","13,79","3,22","18,35",,"11,89","31,46","67,61","10,00","16,85","9,12","10,55","24,59","11,33","19,67","19,39","39,98","10,14","2,06","5,40","3,35","1,87","26,24","5,65","14,96","9,98","14,15","9,14","3,42","6,34","12,09","3,90","3,70","23,08","16,03","11,84","30,87","24,11","8,48","11,77","19,42","9,90","5,94","7,47","76,95","39,87","17,58","24,79","22,51","17,15","5,64","15,01","18,31","3,62","14,50","14,81","5,76","4,02","32,64","10,26","6,19","6,45","21,20",,"9,93","17,34","14,74","1,71","40,19","23,04","20,72","16,95","7,31","25,04","19,64","50,37","23,72","14,61","10,20","9,62","14,80","17,14","15,13","24,45","44,23","27,07","4,02","8,68","26,93","11,23","6,73","64,65","12,87","11,72","20,47","16,29","35,38","7,46"
17/02/2023 00:00:00,"11,03","13,94","3,18","18,46",,"11,73","31,40","68,14","9,70","17,02","9,11","10,49","24,70","11,34","19,04","19,28","38,54","10,03","1,96","5,40","3,36","1,87","26,40","5,59","14,63","10,08","13,71","9,31","3,39","6,29","12,04","3,94","3,61","23,28","16,35","11,67","31,10","24,09","8,44","11,81","19,24","9,72","5,99","7,43","76,35","37,91","17,62","24,87","22,21","17,41","5,63","15,05","18,25","3,54","14,22","14,99","5,61","4,13","31,36","10,15","6,15","6,32","21,53",,"10,01","17,07","14,51","1,78","38,15","23,32","21,13","17,24","7,27","24,99","19,44","50,03","23,75","14,71","10,28","9,62","14,55","17,13","15,17","23,67","43,49","27,24","4,12","8,73","27,15","11,51","6,71","63,81","12,79","11,59","20,68","16,73","36,15","7,23"
22/02/2023 00:00:00,"11,04","13,75","3,18","18,18",,"11,72","30,42","65,78","9,54","16,60","8,97","10,39","24,58","10,45","18,77","18,88","37,73","10,08","1,85","5,27","3,36","1,89","26,04","5,44","14,42","10,10","13,67","9,14","3,28","6,29","12,41","3,89","3,65","23,13","15,89","11,42","30,26","23,55","8,27","11,64","18,94","9,75","5,82","7,30","74,10","37,68","17,21","24,68","21,22","17,22","5,51","14,74","17,91","3,50","13,92","14,28","5,34","4,11","30,16","10,15","5,90","6,22","21,10",,"9,80","16,65","14,14","1,74","37,54","22,33","20,92","16,99","7,19","24,16","19,32","48,16","23,45","14,34","10,80","9,33","14,68","16,70","14,69","23,50","42,64","26,91","4,15","8,90","26,65","11,66","6,54","63,32","12,64","11,38","20,14","15,98","35,24","6,85"
23/02/2023 00:00:00,"11,07","13,75","3,15","18,12",,"11,68","30,32","65,87","9,48","16,73","8,99","10,34","24,44","10,81","18,88","18,84","38,01","9,83","1,87","5,27","3,34","1,84","25,89","5,40","14,30","9,90","13,73","9,15","3,20","6,29","12,43","3,90","3,68","23,07","15,86","11,29","29,94","23,72","8,31","11,39","19,15","9,79","5,67","7,35","72,45","37,95","17,40","24,38","20,88","17,20","5,51","14,80","17,98","3,55","13,91","14,66","5,36","4,04","30,50","10,21","5,86","6,31","21,32",,"9,76","17,27","14,57","1,72","37,41","22,63","20,69","16,91","7,25","23,82","19,87","47,98","23,73","14,39","10,02","9,22","14,41","16,81","14,63","23,85","42,74","26,98","4,06","8,88","27,16","11,95","6,45","63,02","12,29","11,35","20,14","15,90","36,01","6,85"
24/02/2023 00:00:00,"11,13","13,58","3,00","18,04",,"11,68","30,18","64,10","9,17","16,41","8,80","10,01","23,70","10,56","18,49","18,37","37,85","9,67","1,84","5,20","3,16","1,80","25,78","5,35","13,82","10,18","13,02","9,09","3,13","6,20","12,27","3,85","3,67","23,05","15,87","11,18","29,82","23,40","8,20","11,24","18,88","9,75","5,62","7,27","71,25","37,39","17,35","23,69","20,72","16,92","5,36","14,39","17,43","3,49","14,00","14,53","5,37","4,09","30,93","10,21","5,76","6,16","21,24",,"9,75","17,01","14,21","1,73","37,54","22,61","20,40","17,00","7,19","23,13","19,81","47,69","23,22","14,37","9,59","9,21","13,70","16,94","14,42","22,97","42,74","26,78","4,06","8,90","26,26","11,89","6,30","61,64","11,81","11,21","19,92","15,80","35,66","6,74"
27/02/2023 00:00:00,"11,20","13,62","2,85","17,75",,"11,65","30,27","64,41","9,32","16,19","8,79","9,91","23,84","10,35","18,13","18,33","37,85","9,68","1,86","5,20","3,17","1,78","25,70","5,34","14,08","10,26","13,18","8,93","3,00","6,26","12,38","3,90","3,59","23,11","15,87","11,23","29,98","23,23","8,42","11,15","18,98","9,85","5,43","7,30","68,25","36,66","17,40","24,14","18,92","16,90","5,31","14,23","17,20","3,41","14,03","14,67","5,50","4,15","31,27","10,17","5,70","6,16","21,75",,"9,66","17,29","14,35","1,70","36,96","22,45","20,27","17,07","7,24","22,82","19,85","47,54","22,87","14,33","8,64","9,33","13,64","16,44","14,50","24,15","42,92","26,67","4,32","8,78","26,43","11,77","6,32","61,64","11,64","11,03","20,03","15,87","35,60","6,66"
28/02/2023 00:00:00,"11,19","13,25","2,70","17,51",,"11,59","30,02","64,06","9,31","16,34","8,69","9,85","23,78","10,38","18,30","18,36","35,21","9,68","1,85","5,17","3,19","1,72","25,69","5,38","14,09","9,77","13,13","9,03","2,79","6,21","12,24","3,82","3,64","23,21","16,38","11,43","29,81","23,16","8,28","10,89","19,27","9,82","5,30","7,40","67,35","35,84","17,47","23,83","18,33","16,85","5,30","14,28","17,26","3,19","14,36","14,25","5,43","3,90","30,76","10,18","5,75","5,90","21,81",,"9,75","16,53","13,85","1,72","33,65","22,13","20,17","16,96","7,31","22,01","18,65","48,12","22,62","14,31","9,10","9,05","13,85","16,45","14,08","24,07","44,21","26,86","4,21","8,77","25,78","11,57","6,30","61,84","11,62","11,13","19,83","15,67","35,93","6,28"
01/03/2023 00:00:00,"11,26","12,68","2,71","17,03",,"11,53","29,32","63,48","9,27","15,81","8,67","9,77","23,64","10,45","17,70","19,14","31,53","9,94","1,78","5,15","3,27","1,70","25,57","5,34","13,92","10,36","14,13","8,85","2,64","6,22","12,14","3,69","3,62","23,22","16,67","11,20","29,87","22,67","8,03","10,94","19,87","9,77","5,14","7,62","45,30","35,51","16,59","24,43","18,38","16,84","5,26","14,12","16,98","3,26","14,42","13,68","5,60","3,80","27,67","10,10","5,37","5,70","22,05",,"9,45","16,53","13,89","1,76","33,33","21,83","20,01","16,46","7,15","21,22","17,78","46,24","22,13","14,47","8,90","9,11","13,49","16,35","13,49","24,33","43,31","26,97","4,10","8,76","25,65","11,40","6,61","64,65","11,75","10,80","19,17","15,66","36,14","6,09"
02/03/2023 00:00:00,"10,97","12,73","2,74","16,89",,"11,54","29,01","62,46","9,35","15,17","8,54","9,64","24,03","10,08","17,65","18,97","30,26","9,99","2,00","5,11","3,33","1,67","25,33","5,33","13,84","10,28","14,00","8,67","2,57","6,15","12,09","3,72","3,54","23,28","17,16","11,12","29,40","22,71","7,82","10,72","19,90","9,87","4,97","7,65","43,80","35,95","16,95","24,44","17,92","16,84","5,15","13,78","16,43","3,20","14,48","13,83","5,67","3,80","26,99","9,97","5,32","5,62","21,32",,"9,24","16,08","13,52","1,80","33,91","21,94","19,89","16,78","7,04","20,40","18,65","46,08","21,76","14,37","8,70","9,07","13,29","16,36","13,49","24,80","43,25","26,94","4,37","8,65","25,95","11,31","6,55","64,51","11,81","10,71","18,81","15,54","35,93","5,96"
03/03/2023 00:00:00,"10,95","12,80","2,75","16,92",,"11,54","28,65","63,74","9,28","15,34","8,51","9,70","23,68","10,81","17,59","19,20","31,74","10,02","2,49","5,07","3,41","1,68","25,10","5,34","13,86","10,17","14,37","8,73","2,58","6,23","12,04","3,68","3,49","23,20","17,72","11,14","29,20","22,89","7,76","10,68","19,80","10,40","4,93","7,60","40,20","36,03","16,30","24,94","17,93","16,84","5,16","13,78","16,45","3,15","14,51","13,56","5,77","3,81","25,87","9,99","5,48","5,53","20,33",,"9,24","16,67","14,10","1,81","34,65","21,57","20,01","16,70","7,13","19,90","18,88","45,92","21,42","14,22","8,88","8,99","13,35","16,36","13,31","24,33","44,64","26,97","4,51","8,59","26,18","11,41","6,62","64,73","11,68","11,14","18,58","15,38","35,64","5,94"
06/03/2023 00:00:00,"11,28","13,09","2,78","17,04",,"11,48","28,86","64,06","9,67","15,69","8,76","10,02","24,25","10,79","18,01","18,93","31,87","9,55","2,65","5,15","3,41","1,71","25,20","5,41","14,20","10,21","13,82","8,89","3,08","6,26","12,28","3,74","3,57","23,39","17,77","11,20","29,62","23,21","7,97","10,85","19,17","10,46","4,86","7,43","40,80","36,48","16,76","24,89","18,18","16,82","5,27","13,88","16,82","3,21","14,44","13,86","5,90","3,86","27,33","10,16","5,70","5,74","20,88",,"9,47","16,91","14,25","1,84","34,57","21,82","20,64","17,05","7,32","20,33","18,74","46,25","21,52","14,35","9,27","9,01","14,12","16,47","13,65","25,14","44,25","27,14","4,32","8,65","26,35","11,75","6,56","62,44","12,13","11,25","19,23","15,60","36,18","5,99"
07/03/2023 00:00:00,"11,22","13,09","2,77","17,13",,"11,62","28,23","64,53","9,75","16,05","8,89","10,25","24,24","10,87","17,68","18,57","31,28","9,40","2,71","5,19","3,37","1,72","25,38","5,36","14,31","10,29","13,63","8,72","3,38","6,23","12,49","3,79","3,64","23,91","18,00","11,37","29,90","23,22","8,10","10,85","18,90","10,35","4,80","7,35","40,20","35,96","17,01","24,46","18,15","16,79","5,25","14,02","16,87","3,19","14,32","13,94","5,92","3,87","27,59","10,24","6,21","5,69","20,99",,"9,43","16,40","13,78","1,88","33,54","22,07","20,80","17,34","7,36","20,24","18,55","46,31","21,79","14,21","9,39","9,07","14,55","16,31","13,53","24,99","44,22","27,13","4,21","8,77","26,07","11,59","6,48","61,85","12,26","11,08","19,53","15,81","36,33","6,00"
08/03/2023 00:00:00,"11,38","13,60","3,13","17,41",,"11,63","28,92","66,66","10,28","16,21","9,12","10,57","24,23","10,89","18,84","18,77","32,26","9,31","2,85","5,30","3,47","1,87","26,00","5,42","14,58","10,44","14,17","8,91","3,50","6,24","13,04","3,86","3,99","23,88","17,92","11,84","30,72","23,72","8,78","11,26","19,26","10,48","5,04","7,47","43,80","36,41","17,63","24,78","19,14","16,93","5,36","14,21","17,08","3,32","14,49","14,98","5,96","4,25","29,39","10,76","6,97","5,96","21,87",,"9,78","16,65","13,95","1,88","34,41","22,37","21,61","17,94","7,59","21,45","18,97","48,56","21,86","14,42","9,23","9,29","15,86","15,97","14,34","25,50","43,94","27,35","4,46","8,88","26,48","12,09","6,72","62,41","12,68","11,42","20,48","15,74","36,85","6,73"
09/03/2023 00:00:00,"11,36","13,60","3,24","17,25",,"11,58","28,06","66,72","10,22","15,86","9,08","10,53","24,04","10,78","19,11","18,33","30,30","9,06","2,75","5,16","3,30","1,89","25,90","5,24","14,55","10,37","13,03","9,08","3,84","6,32","13,41","3,87","4,12","24,41","17,75","11,88","30,99","23,79","8,95","11,34","18,43","10,57","5,35","7,15","29,10","35,45","17,48","23,97","20,09","16,95","5,30","14,02","16,75","3,22","14,34","14,77","5,99","4,02","29,04","10,85","7,11","6,34","21,68",,"9,77","16,45","13,89","1,95","33,38","22,47","21,34","18,01","7,63","21,15","18,71","48,53","21,86","14,61","9,20","9,11","16,11","15,70","14,50","24,38","43,04","27,27","4,57","8,80","26,17","11,99","6,56","61,59","12,71","11,50","20,62","15,88","36,58","6,74"
10/03/2023 00:00:00,"11,29","13,45","3,24","16,28",,"11,58","27,83","59,00","9,94","15,56","8,84","10,23","23,64","10,70","18,29","18,09","27,96","8,50","2,73","5,18","3,25","1,81","25,75","5,24","14,09","10,34","12,54","9,25","3,16","6,23","13,01","3,93","3,99","24,19","18,76","11,76","30,22","23,82","8,89","11,13","18,16","10,50","5,40","7,04","37,05","34,81","17,18","22,57","19,51","16,98","5,21","13,70","16,35","3,15","14,21","14,46","5,82","3,87","29,13","10,70","6,73","6,43","21,72",,"9,71","16,33","13,71","1,93","33,16","21,88","21,33","17,96","7,36","20,10","18,61","47,61","21,26","14,77","9,08","8,88","15,44","15,60","14,11","24,07","41,74","27,23","5,00","8,73","25,89","11,84","6,39","61,39","12,60","11,50","20,23","15,70","36,28","6,48"
13/03/2023 00:00:00,"11,37","13,45","3,35","16,11",,"11,66","27,89","58,88","10,02","15,46","8,76","10,12","23,11","10,56","17,79","18,20","26,45","7,94","2,84","5,21","3,34","1,86","26,29","5,21","13,61","10,74","12,65","9,42","3,27","6,15","13,15","4,01","4,09","24,35","18,56","11,65","30,37","23,92","9,06","11,20","17,97","10,39","5,49","6,98","37,50","34,81","17,18","22,79","19,59","17,23","5,13","13,53","16,16","3,15","13,77","14,69","5,82","3,88","31,87","10,93","6,87","6,90","21,36",,"9,25","15,81","13,28","1,92","31,72","21,15","21,49","17,90","7,24","20,37","17,85","47,47","20,99","14,87","9,08","9,05","15,57","15,63","14,03","22,67","41,29","27,46","5,36","8,95","26,50","11,61","6,39","61,65","12,62","11,34","20,24","15,75","36,51","6,57"
14/03/2023 00:00:00,"11,66","13,50","3,18","15,98",,"11,76","28,23","57,52","10,10","15,35","8,70","10,06","23,11","10,32","17,76","18,26","27,26","7,54","2,63","5,30","3,32","1,85","26,93","5,27","13,70","11,05","12,39","9,10","3,01","6,13","12,83","3,91","4,09","24,58","19,28","11,37","30,48","23,75","9,09","11,06","18,20","10,27","5,56","7,09","37,20","34,99","17,31","22,59","20,44","17,38","5,13","13,49","16,10","3,17","13,56","14,11","5,78","3,81","31,96","10,87","6,44","6,95","21,46",,"9,12","15,53","13,04","1,90","32,16","20,85","21,70","17,53","7,11","19,34","18,13","45,53","21,06","14,69","8,77","9,18","14,97","15,66","13,69","22,91","41,65","27,65","5,44","9,15","26,97","11,60","6,46","62,21","12,18","11,23","19,77","15,89","36,94","6,43"
15/03/2023 00:00:00,"11,72","13,73","3,27","16,16",,"11,75","29,61","58,31","10,18","15,36","8,87","10,20","22,84","10,16","17,83","17,78","26,29","6,83","2,75","5,39","3,21","1,94","27,30","5,36","13,49","11,20","11,64","9,38","2,83","6,15","12,82","4,11","4,04","24,86","19,26","11,73","30,98","24,62","9,43","11,18","17,36","10,28","5,47","6,80","37,80","35,41","17,77","22,60","20,19","17,53","5,15","13,51","16,06","3,23","13,18","14,17","5,85","3,91","32,64","10,93","6,48","7,45","22,01",,"9,35","15,15","12,81","1,88","31,10","20,87","21,79","17,46","6,91","20,47","14,64","45,87","21,02","15,06","8,75","9,33","15,32","15,53","14,03","22,71","40,95","28,14","5,68","9,28","27,24","11,52","6,35","60,33","12,34","11,22","20,38","16,16","36,77","6,55"
16/03/2023 00:00:00,"11,92","13,66","3,46","15,68",,"11,67","29,47","59,18","10,47","15,53","9,00","10,49","22,94","10,38","18,52","17,73","26,31","6,86","2,73","5,35","3,20","1,92","26,64","5,28","13,44","10,96","11,64","9,53","3,06","6,15","13,02","4,15","4,21","24,18","19,73","11,37","30,73","24,37","9,71","11,39","17,54","10,22","5,50","6,86","39,60","35,77","17,87","21,99","21,34","17,42","5,19","13,54","16,32","3,20","13,24","14,29","6,05","4,02","33,33","11,03","7,15","7,66","21,78",,"9,64","15,10","12,77","1,87","31,65","20,72","21,72","17,61","6,88","20,02","13,66","48,38","21,27","14,97","8,80","9,35","15,76","15,29","15,19","22,44","40,74","27,01","5,54","9,14","27,35","11,71","6,44","60,56","12,45","11,16","20,36","16,19","36,98","6,55"
17/03/2023 00:00:00,"11,88","13,66","3,36","15,37",,"11,40","28,21","57,35","9,97","15,26","8,72","10,05","22,54","10,72","18,04","17,80","30,71","6,45","2,60","5,19","3,16","1,90","24,90","5,04","13,34","10,83","11,50","9,26","3,00","6,10","12,05","4,01","4,58","23,64","19,91","11,50","28,76","23,15","8,67","11,14","17,29","10,03","5,55","6,75","35,55","35,27","17,74","21,94","21,13","16,82","5,07","13,24","15,86","2,96","13,37","13,81","6,25","3,86","32,38","11,04","7,15","7,26","21,09",,"9,18","15,16","12,90","1,82","31,32","20,52","21,14","17,73","6,85","18,93","14,04","46,60","20,43","14,71","8,68","9,05","15,24","15,16","14,93","21,51","40,37","26,80","5,40","9,15","26,94","11,67","6,40","61,28","11,73","10,84","20,59","15,62","36,59","6,74"
20/03/2023 00:00:00,"11,80","13,18","3,19","15,49",,"11,32","27,93","54,92","9,87","15,17","8,69","9,88","22,42","10,26","17,65","17,96","29,80","6,48","2,50","5,17","3,21","1,84","24,90","5,09","13,31","10,64","11,29","9,03","2,89","6,05","11,64","3,85","4,30","23,61","19,69","10,94","28,66","22,94","8,09","10,72","17,19","9,88","5,42","6,74","32,70","35,12","17,24","21,02","20,24","16,79","5,11","13,23","15,90","2,84","13,28","13,34","6,08","3,73","31,78","10,86","6,49","7,12","20,65",,"9,10","14,80","12,58","1,80","30,94","20,09","20,99","17,48","6,77","18,55","13,41","46,01","20,41","14,65","8,68","8,83","13,97","15,22","14,44","22,38","40,04","26,85","5,16","9,07","26,28","11,61","6,32","61,78","11,36","10,59","20,32","15,71","36,48","6,33"
21/03/2023 00:00:00,"11,66","13,14","3,10","15,57",,"11,34","26,96","55,14","9,86","15,35","8,66","9,91","22,46","10,33","17,60","17,66","28,86","6,43","2,50","5,14","3,08","1,82","24,67","5,01","13,01","10,50","11,15","9,03","2,97","6,15","11,61","3,90","4,27","23,45","20,02","10,90","28,43","22,83","8,12","11,08","17,37","9,84","5,22","6,78","33,30","34,70","17,36","21,38","20,13","16,57","5,16","13,41","16,22","2,80","13,28","13,45","5,99","3,70","31,70","10,90","6,32","7,17","20,62",,"9,02","15,13","12,84","1,78","31,67","20,05","21,09","17,53","6,62","18,61","13,61","45,15","20,69","14,55","8,72","8,64","13,78","15,15","14,50","22,26","39,78","26,33","5,00","8,98","26,41","11,96","6,26","61,27","11,34","10,72","20,07","15,49","36,72","6,54"
22/03/2023 00:00:00,"11,66","13,09","3,07","14,68",,"11,33","26,88","53,67","9,74","15,39","8,59","9,82","22,52","10,35","17,33","17,60","29,25","6,44","2,48","5,15","3,09","1,82","25,06","5,07","12,98","11,04","11,22","9,09","2,90","6,24","11,55","3,96","4,27","23,39","19,92","10,55","28,67","22,91","8,49","11,00","17,44","9,99","5,12","6,81","33,15","34,44","17,30","21,34","19,23","16,67","5,10","13,37","16,13","2,77","13,23","13,33","5,73","3,81","30,76","11,20","6,59","7,50","20,88",,"9,05","15,00","12,80","1,83","31,30","20,26","21,03","17,39","6,71","18,31","13,76","45,09","20,66","14,54","8,73","8,67","14,37","15,32","13,82","21,72","39,71","26,21","5,20","9,02","26,34","11,92","6,27","60,50","11,49","10,03","20,04","15,45","36,31","6,40"
23/03/2023 00:00:00,"11,51","12,33","2,74","14,72",,"11,19","26,70","52,56","9,20","15,22","8,40","9,48","22,70","10,49","16,66","17,07","28,48","6,24","2,38","5,19","3,06","1,73","24,74","5,00","12,83","11,12","10,86","8,65","2,74","6,33","10,84","3,81","4,14","23,27","20,28","10,16","28,73","22,34","7,93","10,92","17,30","9,75","4,92","6,74","31,05","33,96","16,62","20,98","18,90","16,58","5,02","13,04","15,73","2,68","13,28","12,99","5,43","3,66","26,64","10,72","6,13","6,99","20,31",,"8,79","14,70","12,51","1,82","29,88","20,17","20,96","16,83","6,55","17,87","13,12","43,41","20,34","14,36","8,70","8,43","13,22","15,03","12,52","21,00","39,12","26,06","4,38","9,08","24,85","11,55","6,12","58,95","10,74","9,73","19,28","15,53","36,65","5,83"
24/03/2023 00:00:00,"11,61","13,28","2,83","14,43",,"11,30","27,10","53,37","9,32","15,38","8,52","9,58","22,99","10,56","16,92","17,07","29,01","6,29","2,36","5,24","3,10","1,57","25,29","5,13","13,16","11,44","10,85","9,04","2,88","6,32","10,71","3,95","4,32","23,52","20,24","10,54","29,38","23,10","8,06","11,21","17,51","9,88","5,05","6,85","33,75","34,13","17,20","21,47","19,96","16,85","5,12","13,24","15,96","2,72","13,47","13,12","5,62","3,74","27,67","10,94","6,41","7,10","20,84",,"9,03","14,76","12,51","1,82","30,23","20,18","21,34","17,14","6,72","18,17","13,49","44,48","20,60","14,61","8,69","8,27","13,68","15,17","12,18","21,28","39,48","26,44","4,29","9,09","25,58","11,49","6,10","58,27","11,13","9,80","20,11","15,77","37,22","6,44"
27/03/2023 00:00:00,"11,64","13,56","2,80","14,65",,"11,29","27,90","53,55","9,35","15,39","8,63","9,76","22,79","10,41","17,14","17,07","29,56","6,23","2,50","5,37","3,07","1,54","25,52","5,22","13,37","11,61","10,91","9,10","2,73","6,40","11,12","4,00","4,25","23,52","20,19","10,32","29,25","23,67","8,20","11,08","17,57","10,04","5,23","6,87","33,30","34,08","17,57","21,27","19,99","16,89","5,18","13,41","16,23","2,81","13,11","13,34","5,62","3,79","28,61","11,01","6,48","7,07","20,95",,"8,90","14,98","12,72","1,82","31,57","19,97","21,16","17,31","6,82","18,10","13,90","44,98","20,74","14,79","8,73","8,50","13,99","15,15","12,15","21,08","38,89","26,42","4,41","9,15","25,75","11,72","6,10","58,18","11,36","10,11","20,36","15,85","37,85","6,23"
28/03/2023 00:00:00,"12,19","13,63","2,30","14,83",,"11,42","29,29","55,30","9,43","15,49","8,59","9,74","23,19","10,61","17,49","17,37","29,50","6,73","2,66","5,49","3,11","1,54","26,58","5,26","13,73","11,40","11,36","9,26","2,79","6,44","11,09","4,01","4,32","23,53","20,33","10,58","31,29","24,30","8,15","11,36","17,63","9,92","5,39","6,91","39,45","34,87","17,63","21,21","19,99","16,94","5,16","13,50","16,31","2,90","13,19","13,80","5,66","3,87","28,96","11,23","6,55","6,87","21,25",,"9,06","15,24","12,95","1,79","31,83","20,11","21,77","17,49","6,90","17,23","13,84","46,35","20,70","14,87","8,86","8,68","14,26","15,43","12,34","21,96","39,16","26,46","4,39","9,18","26,09","11,80","6,30","58,79","11,56","10,19","20,86","16,01","38,01","6,15"
29/03/2023 00:00:00,"12,38","13,66","2,06","14,89",,"11,37","29,03","55,21","9,35","15,67","8,69","9,79","22,82","10,42","17,35","17,59","29,39","6,90","2,58","5,59","3,14","1,50","26,51","5,24","14,18","11,37","11,60","9,13","2,78","6,44","11,09","3,91","4,34","23,58","20,78","10,46","30,76","24,21","7,96","11,15","17,58","9,97","5,45","6,92","41,40","34,98","17,52","20,32","20,52","16,80","5,21","13,57","16,46","2,86","13,37","13,13","5,64","3,88","28,70","10,99","6,40","6,73","21,25",,"8,88","15,40","13,12","1,80","31,89","19,80","21,69","17,66","6,83","17,59","14,01","46,43","20,70","14,95","8,84","8,72","14,14","15,37","12,06","22,85","39,89","26,38","4,25","9,23","26,29","11,93","6,30","59,64","11,72","10,42","20,45","16,05","38,34","6,06"
30/03/2023 00:00:00,"12,38","14,00","2,13","15,41",,"11,40","29,65","56,63","9,59","15,96","8,92","10,09","22,64","10,21","18,09","18,00","29,38","7,06","2,65","5,70","3,27","1,55","27,02","5,34","14,59","11,64","12,23","9,21","3,01","6,45","11,60","3,97","4,53","23,85","20,71","10,69","31,37","24,65","8,17","11,38","18,15","10,20","5,57","7,10","42,00","34,31","18,07","20,08","21,56","16,80","5,32","13,97","16,92","2,90","13,43","13,62","5,78","3,91","29,47","11,53","6,86","6,87","21,72",,"9,10","15,57","13,16","1,84","32,30","19,79","22,16","17,99","6,91","19,16","14,04","48,09","21,29","15,33","8,78","8,91","14,55","15,25","12,38","24,17","39,87","26,33","4,43","9,38","27,00","11,97","6,74","60,61","12,11","10,68","21,21","16,15","38,46","6,49"
31/03/2023 00:00:00,"11,97","13,65","2,13","15,00",,"11,49","29,11","54,54","9,19","16,00","8,86","9,93","22,60","9,66","17,89","17,80","28,50","7,05","2,56","5,75","3,31","1,59","26,85","5,31","14,19","11,53","12,16","9,20","2,86","6,45","11,51","3,97","4,60","23,74","20,52","10,47","31,57","24,55","7,96","11,15","18,00","10,07","5,37","7,02","39,30","32,68","17,49","19,39","21,60","16,78","5,36","14,04","17,00","2,82","13,31","12,79","5,66","3,87","28,36","11,86","7,07","6,38","21,46",,"9,14","15,23","12,87","1,78","31,14","19,67","21,74","17,80","6,90","18,29","13,40","46,68","21,36","15,25","8,71","8,85","14,43","15,22","12,10","23,91","38,53","26,31","4,32","9,00","26,61","12,25","6,72","59,47","11,68","10,84","20,23","15,58","37,26","6,28"
03/04/2023 00:00:00,"11,97","13,36","2,00","14,26",,"11,34","28,69","53,28","9,39","15,81","8,66","9,68","22,39","9,27","17,89","17,84","28,95","6,92","2,60","5,82","3,23","1,53","26,86","5,27","14,18","11,79","11,90","9,08","2,74","6,27","11,15","3,92","4,47","23,44","20,39","10,28","31,38","24,48","7,87","10,86","18,08","10,14","5,24","7,07","36,75","31,57","16,85","19,44","20,73","16,71","5,27","13,62","16,52","2,82","13,41","11,90","5,37","3,82","28,36","11,71","6,63","6,14","21,28",,"8,99","15,96","13,44","1,77","32,35","19,03","21,24","17,91","6,80","17,97","13,58","45,54","20,96","15,40","8,67","8,81","13,83","15,13","11,95","24,47","39,58","26,18","4,24","8,83","26,63","12,26","6,63","59,49","11,28","10,59","19,67","15,44","36,38","6,17"
04/04/2023 00:00:00,"12,06","13,62","2,00","14,16",,"11,44","29,16","53,98","9,61","16,07","8,79","9,90","23,04","9,25","18,41","17,54","27,92","5,77","2,43","5,86","3,15","1,51","27,47","5,40","14,10","12,19","11,72","9,23","2,60","6,43","11,37","4,02","4,51","23,78","20,54","10,35","32,44","25,13","8,03","10,85","17,64","10,27","5,42","6,92","37,20","32,84","17,31","19,93","21,34","17,16","5,31","13,91","16,85","2,82","13,47","11,88","5,43","3,89","27,59","11,76","6,80","6,27","21,75",,"9,19","15,73","13,32","1,81","33,80","19,57","21,79","18,14","6,80","18,78","13,66","46,49","21,17","16,07","8,74","8,88","14,18","15,39","12,47","24,87","39,22","26,58","4,20","9,13","27,51","12,46","6,60","57,81","11,28","10,68","19,89","15,79","36,41","6,20"
05/04/2023 00:00:00,"12,03","13,77","1,94","13,48",,"11,49","28,72","51,23","9,58","16,02","8,80","9,98","22,70","9,00","18,73","17,07","26,77","5,49","2,43","5,87","3,10","1,52","27,56","5,40","13,79","11,88","11,58","9,31","2,57","6,45","11,37","4,08","4,76","23,63","19,47","10,41","32,27","24,83","8,19","10,88","17,11","10,21","5,09","6,71","35,40","32,94","17,55","19,16","20,63","17,18","5,30","13,88","16,84","2,82","13,14","11,56","5,34","3,86","28,10","11,75","6,81","6,42","21,87",,"8,99","15,76","13,36","1,79","33,45","19,32","21,98","17,61","6,64","18,60","13,65","46,16","20,82","16,34","8,28","8,72","13,85","14,81","12,47","24,71","37,95","26,58","4,01","9,15","26,83","12,56","6,54","56,96","10,67","10,70","19,17","15,73","35,61","6,30"
06/04/2023 00:00:00,"12,06","13,83","1,84","13,16",,"11,54","28,62","53,65","9,50","15,96","8,72","9,84","23,67","9,27","18,62","17,31","28,07","5,58","2,45","5,87","3,12","1,51","28,03","5,39","13,84","12,13","11,48","9,21","2,55","6,64","11,36","4,13","4,83","23,73","19,40","10,69","32,80","25,21","8,33","10,83","17,04","10,24","5,04","6,69","35,55","32,81","17,56","19,02","21,20","17,11","5,29","13,84","16,78","2,80","13,16","12,13","5,37","3,77","28,87","11,88","7,18","6,59","22,05",,"9,19","15,57","13,17","1,81","34,80","19,56","22,28","17,62","6,57","18,85","13,60","45,66","20,68","15,98","8,56","8,78","14,14","14,91","12,26","25,13","37,38","26,48","4,18","9,26","25,74","12,67","6,46","56,85","10,80","10,61","19,63","15,91","35,48","6,29"
10/04/2023 00:00:00,"12,08","13,83","1,82","13,44",,"11,72","29,12","54,61","9,68","15,97","8,77","9,95","24,06","9,23","18,99","17,49","29,65","5,57","2,45","5,96","3,17","1,50","27,83","5,41","13,82","12,27","11,91","8,97","2,62","6,81","11,36","4,12","4,95","23,55","19,62","10,77","32,93","25,30","8,46","10,69","17,52","10,08","5,06","6,88","35,25","31,69","17,38","19,29","21,44","17,11","5,31","13,96","16,96","2,86","13,33","11,94","5,46","3,94","28,70","11,90","6,75","6,51","22,31",,"9,09","15,99","13,45","1,86","34,86","19,73","22,28","17,55","6,64","18,41","13,85","45,48","20,82","16,06","8,59","8,61","13,97","15,11","11,94","25,74","38,10","25,65","4,08","9,33","25,75","12,68","6,68","57,95","10,90","10,53","19,47","16,02","35,28","6,46"
11/04/2023 00:00:00,"12,35","14,18","2,05","14,20",,"11,76","29,95","59,25","10,32","16,34","9,13","10,47","24,31","9,11","20,58","18,18","30,44","5,87","2,70","6,07","3,30","1,67","28,13","5,62","14,70","12,14","12,74","9,39","2,92","6,95","12,45","4,22","5,30","23,55","20,24","11,22","33,20","25,55","9,29","11,15","18,45","10,58","5,54","7,22","39,75","32,87","17,98","20,58","22,04","17,35","5,49","14,41","17,51","3,02","13,74","13,05","5,75","4,06","32,38","12,00","7,11","7,10","22,50",,"9,42","16,69","14,08","1,88","35,67","19,83","22,63","17,98","6,97","20,12","14,16","49,65","21,68","15,50","8,52","8,92","15,11","15,45","12,77","25,79","39,41","25,64","4,36","10,14","26,64","12,93","7,13","61,01","11,85","10,94","20,23","16,27","35,92","7,11"
12/04/2023 00:00:00,"12,33","14,23","2,05","13,94",,"11,80","30,73","59,18","10,53","17,48","9,19","10,42","24,59","9,21","21,09","18,00","31,13","5,79","2,80","6,26","3,38","1,70","28,48","5,80","14,96","11,91","12,63","9,53","3,01","7,20","12,93","4,19","5,70","23,83","19,95","11,39","34,01","25,98","9,60","11,31","18,27","10,55","5,54","7,10","40,20","32,80","18,43","21,03","22,54","17,50","5,60","14,56","17,63","3,01","13,85","13,27","5,80","4,19","33,24","12,22","7,45","7,17","22,60",,"9,29","16,70","14,19","1,90","36,37","19,93","23,31","18,24","7,00","20,41","14,49","50,26","21,65","15,97","8,56","8,98","15,45","15,30","12,94","25,96","39,08","26,21","4,56","10,26","26,83","13,07","7,06","59,70","12,11","10,99","20,60","16,35","36,52","7,22"
13/04/2023 00:00:00,"12,19","14,45","2,13","13,27",,"11,91","30,72","59,14","10,42","17,47","9,28","10,43","24,28","8,61","20,95","17,76","31,93","5,78","2,85","6,20","3,33","1,73","28,53","5,96","14,83","12,35","12,32","9,35","3,07","7,25","12,94","4,20","5,59","24,06","20,01","11,65","34,18","26,19","9,83","11,15","18,47","10,68","5,34","7,18","39,60","32,64","18,43","20,94","23,74","17,48","5,61","14,47","17,63","3,07","13,78","13,01","5,39","4,27","33,07","12,52","7,40","7,64","22,56",,"9,02","16,90","14,29","1,93","36,45","20,02","22,89","18,17","7,06","20,33","14,66","50,65","21,90","16,42","8,46","8,97","15,71","15,16","13,35","25,74","38,26","26,40","5,12","10,43","25,21","12,93","7,05","58,90","12,46","10,57","20,92","16,54","36,18","7,37"
14/04/2023 00:00:00,"12,24","14,44","2,15","12,76",,"11,98","30,57","58,27","10,62","17,77","9,28","10,41","24,26","8,67","20,90","17,67","31,79","5,60","2,80","6,18","3,23","1,72","28,70","5,94","14,87","11,93","11,42","9,29","3,03","7,22","12,67","4,24","5,42","24,25","20,21","11,43","34,79","26,20","9,79","11,18","18,62","10,75","5,19","7,22","39,00","32,42","18,59","21,03","23,61","17,43","5,65","14,68","17,89","3,06","13,61","12,59","5,23","4,52","32,04","12,09","7,36","7,45","22,58",,"9,22","17,15","14,43","1,93","36,62","20,23","23,17","18,21","7,13","19,10","14,53","50,20","22,15","16,10","8,39","8,68","15,61","15,04","13,29","25,21","37,50","26,29","5,29","10,58","25,27","13,00","6,94","58,38","12,53","10,38","20,36","16,58","35,62","7,26"
17/04/2023 00:00:00,"12,33","14,33","2,11","12,81",,"12,05","29,42","58,21","10,67","17,81","9,27","10,37","24,05","8,62","20,76","17,49","26,80","5,56","2,76","6,24","3,21","1,73","28,32","5,86","14,84","12,24","11,57","9,20","3,05","7,28","12,79","4,19","5,46","24,34","20,17","11,32","34,14","25,90","9,83","11,16","18,52","10,77","5,19","7,18","38,10","32,79","18,23","21,23","23,98","17,38","5,63","14,64","17,85","3,16","13,69","12,93","5,31","4,52","31,36","12,12","7,31","7,34","22,64",,"9,32","17,22","14,66","1,92","36,09","20,29","22,97","18,60","7,22","18,95","14,19","50,59","21,96","16,04","8,42","8,56","15,53","15,19","13,31","24,87","37,47","26,71","5,41","10,74","25,62","12,69","6,95","57,68","12,34","10,39","20,32","16,74","36,28","7,25"
18/04/2023 00:00:00,"12,23","14,22","2,02","12,70",,"11,97","30,12","57,68","10,55","17,84","9,22","10,30","24,06","8,35","21,07","17,74","26,26","5,57","2,67","6,26","3,22","1,68","28,27","5,81","14,78","12,16","11,79","8,87","2,82","7,13","12,59","4,05","5,37","24,24","20,33","11,16","33,36","25,54","9,62","11,08","18,54","10,78","5,05","7,17","36,00","32,55","18,19","20,84","24,36","17,29","5,63","14,64","17,84","3,11","13,82","12,39","5,42","4,35","30,33","12,04","7,26","7,19","22,45",,"9,05","17,66","15,03","1,94","35,24","20,31","22,88","18,52","7,28","19,61","13,65","49,71","21,64","15,83","8,25","8,32","15,07","15,15","13,28","24,46","38,13","26,52","5,15","10,74","24,99","12,80","7,02","58,18","11,63","10,10","19,31","16,74","36,08","7,05"
19/04/2023 00:00:00,"12,18","14,04","1,85","12,44",,"12,04","29,49","55,16","10,29","17,63","9,04","10,11","24,04","8,24","20,43","17,23","26,32","5,42","2,47","6,21","3,15","1,62","28,08","5,82","14,45","12,04","11,50","8,42","2,67","7,11","12,20","3,91","5,24","24,05","20,49","10,99","32,60","24,93","9,05","10,74","18,20","10,33","4,91","7,05","35,40","31,70","17,58","19,95","23,74","17,35","5,57","14,39","17,55","2,93","13,89","11,71","5,30","4,16","27,84","11,99","6,77","6,81","21,92",,"8,40","17,10","14,55","1,88","34,24","20,56","22,45","18,23","7,10","19,11","13,35","47,94","21,59","15,69","8,14","8,41","14,43","14,74","12,46","24,36","38,15","26,24","4,75","10,76","24,14","12,73","6,87","56,48","11,31","9,81","18,31","16,68","35,94","6,55"
20/04/2023 00:00:00,"12,20","14,27","1,88","12,55",,"12,09","29,53","56,75","10,35","17,80","9,15","10,20","24,16","8,46","20,72","16,97","26,90","5,39","2,55","6,30","3,19","1,64","28,27","5,88","14,45","12,07","11,45","8,29","2,71","7,11","12,24","3,84","5,37","24,51","19,99","11,23","33,04","25,58","8,96","10,93","18,43","10,58","4,97","7,05","38,85","32,15","17,60","19,93","25,25","17,38","5,56","14,42","17,60","2,88","13,67","11,72","5,41","4,06","28,27","12,08","6,97","6,83","21,91",,"8,91","17,15","14,65","1,95","33,95","20,37","22,89","18,61","7,46","19,81","13,31","49,40","21,49","15,82","8,19","8,49","14,93","14,67","12,89","24,54","37,32","26,18","4,70","10,62","24,25","12,60","6,62","55,30","11,48","10,03","19,02","16,72","36,98","6,79"
24/04/2023 00:00:00,"11,98","14,12","1,85","12,45",,"12,11","30,07","55,53","10,44","17,76","9,07","10,12","24,02","8,12","20,43","16,26","26,97","5,14","2,60","6,28","3,01","1,65","28,74","5,91","14,59","12,02","11,07","8,14","2,68","7,17","12,31","3,79","5,27","24,33","19,93","11,26","33,40","25,28","9,02","10,98","17,90","10,57","5,01","6,84","39,15","31,73","17,78","19,78","26,82","17,52","5,59","14,30","17,44","2,83","13,71","11,66","5,39","4,15","29,04","12,04","6,77","6,61","21,82",,"8,85","17,41","14,93","1,94","34,97","20,53","23,21","18,71","7,36","19,85","13,27","49,38","21,29","15,77","7,98","8,51","14,74","14,62","13,11","25,31","36,74","26,77","4,61","10,70","24,38","12,81","6,56","53,30","11,53","9,96","18,98","16,54","37,08","7,00"
25/04/2023 00:00:00,"11,94","13,95","1,85","12,05",,"12,06","29,93","53,59","10,47","17,60","9,22","10,34","24,16","8,01","20,67","15,88","27,21","4,91","2,47","6,27","2,92","1,66","28,75","5,96","14,26","12,01","10,79","7,97","2,55","7,25","12,16","3,64","5,16","24,30","19,57","11,20","32,71","25,14","8,79","10,89","17,27","10,49","4,93","6,62","38,40","31,05","17,75","18,89","25,98","17,49","5,60","14,42","17,60","2,86","13,49","11,40","5,39","4,04","28,10","12,18","6,86","6,10","21,63",,"8,94","17,32","14,87","1,93","34,59","20,51","23,20","18,66","7,35","19,65","13,02","49,12","21,49","15,80","7,98","8,53","14,55","14,34","12,88","26,00","35,93","26,78","4,42","10,76","24,22","12,70","6,50","51,85","11,28","10,03","18,53","16,56","37,25","7,07"
26/04/2023 00:00:00,"11,87","13,72","1,87","12,15",,"12,00","29,75","53,78","9,99","17,46","9,05","10,19","24,17","7,82","20,40","16,04","26,72","4,74","2,51","6,23","3,01","1,67","28,08","5,95","13,76","12,09","10,68","8,11","2,41","7,32","12,08","3,72","5,12","24,04","19,41","11,04","32,56","24,89","8,95","10,89","17,21","10,51","5,03","6,64","37,35","31,24","17,72","18,97","27,29","17,31","5,53","14,31","17,42","2,81","13,48","11,57","5,27","4,10","26,64","12,28","7,36","6,52","21,48",,"9,13","17,07","14,68","1,96","33,45","20,83","23,47","18,47","7,34","19,64","12,64","49,47","21,19","15,78","7,99","8,38","14,95","14,39","12,97","26,14","35,43","26,54","4,49","10,91","23,97","12,43","6,48","52,05","11,26","9,83","18,41","16,50","36,86","6,93"
27/04/2023 00:00:00,"11,83","14,08","1,93","11,87",,"12,08","29,86","54,56","10,19","17,48","9,18","10,39","23,89","7,96","21,08","16,30","29,90","4,90","2,47","6,28","3,05","1,70","28,03","5,99","13,81","12,41","10,90","8,67","2,35","7,27","12,43","3,85","5,26","24,15","18,94","11,04","32,97","24,77","9,24","10,97","17,40","10,56","5,04","6,71","38,40","31,21","18,19","18,76","27,43","17,40","5,60","14,57","17,73","2,88","13,50","11,59","5,37","4,11","27,41","12,37","7,56","7,08","21,91",,"8,63","16,62","14,32","1,98","33,59","21,05","23,41","18,45","7,46","19,38","12,85","50,38","21,51","15,93","8,00","8,12","14,72","14,31","13,36","26,90","35,19","26,68","4,87","11,00","24,04","12,44","6,56","53,16","10,79","9,88","18,85","16,91","37,08","7,09"
28/04/2023 00:00:00,"11,83","14,45","1,96","11,91",,"12,36","29,80","57,00","10,37","17,54","9,30","10,46","23,85","8,12","21,33","16,57","31,11","5,25","2,55","6,26","3,17","1,73","28,11","6,05","14,09","12,49","11,20","8,87","2,51","7,31","12,63","3,90","5,47","24,37","19,17","11,35","32,84","24,90","9,49","11,15","17,93","10,70","5,17","6,91","41,40","32,29","18,72","19,14","30,56","17,85","5,66","14,74","17,82","2,99","14,07","12,23","5,55","4,31","28,61","12,61","7,52","7,20","22,56",,"8,57","17,07","14,65","2,01","34,69","21,01","23,46","18,66","7,59","19,70","13,28","50,70","21,74","15,92","8,08","8,07","14,80","14,53","13,83","27,78","36,86","27,50","5,26","11,00","24,24","12,68","6,96","53,63","10,69","9,93","19,86","16,86","37,78","7,23"
02/05/2023 00:00:00,"11,92","14,44","1,77","11,47",,"12,39","29,52","54,90","10,06","17,12","9,06","10,31","23,79","7,80","20,56","15,78","29,38","4,97","2,69","6,26","3,17","1,67","28,30","6,03","13,65","12,52","10,96","8,43","2,42","7,20","12,43","3,76","5,21","24,28","18,97","11,07","33,14","24,66","9,17","11,11","17,39","10,30","4,96","6,68","41,85","32,04","18,62","18,95","33,15","17,90","5,46","14,22","17,13","2,92","14,11","11,52","5,44","4,16","27,76","12,71","7,35","7,00","22,32",,"8,50","16,31","14,06","2,05","33,47","20,67","23,74","18,64","7,64","19,24","12,44","48,97","21,45","15,97","8,04","8,00","14,32","14,43","14,08","27,00","37,67","27,26","5,30","11,08","24,04","12,53","6,91","51,51","10,16","9,28","19,04","16,85","37,51","6,95"
03/05/2023 00:00:00,"12,18","14,69","1,71","11,12",,"12,29","29,16","51,87","10,22","17,06","9,09","10,40","23,30","8,07","20,64","15,68","29,15","5,01","2,70","6,19","3,13","1,62","27,85","5,96","13,55","12,65","11,08","8,24","2,51","7,28","12,60","3,67","5,38","24,66","18,50","11,20","33,48","24,38","9,30","11,11","17,59","10,47","4,90","6,75","41,55","31,71","18,75","20,58","30,91","18,16","5,46","14,10","17,11","2,96","14,64","11,25","5,58","4,17","28,61","12,73","7,64","7,01","22,56",,"8,55","16,22","14,01","2,16","34,05","20,22","23,37","18,89","7,94","18,97","12,50","49,52","21,48","16,07","8,04","7,93","14,74","14,64","14,37","26,85","37,14","27,26","5,34","11,07","24,06","12,71","6,96","51,11","10,13","9,44","19,05","16,85","36,66","7,27"
04/05/2023 00:00:00,"12,23","15,08","1,74","11,13",,"12,34","29,69","51,09","10,50","17,26","9,30","10,64","23,02","8,01","21,13","15,11","29,28","4,87","2,82","6,16","3,05","1,69","28,14","5,99","13,36","13,13","10,39","8,29","2,60","7,31","13,14","3,70","5,67","25,18","16,70","11,30","34,13","25,03","9,69","11,21","16,86","10,62","4,90","6,52","42,60","31,83","18,97","21,63","29,75","18,45","5,53","14,16","17,24","2,95","14,36","11,94","5,68","4,18","30,58","12,55","7,88","7,39","23,14",,"8,50","16,45","14,23","2,16","32,65","19,65","23,56","18,85","7,97","19,64","12,44","50,35","21,85","16,42","8,02","8,29","13,78","14,43","14,36","27,33","36,67","27,02","5,93","11,01","24,53","14,21","6,86","49,53","9,43","9,88","19,18","16,77","36,11","7,63"
05/05/2023 00:00:00,"12,11","15,36","1,83","10,18",,"12,51","29,89","54,35","11,09","17,69","9,64","11,17","23,27","8,36","21,74","15,71","30,88","5,35","3,01","6,02","3,20","1,79","28,19","5,95","13,88","13,17","11,12","8,56","2,83","7,39","13,50","3,82","5,77","25,59","16,29","11,44","34,07","25,33","10,22","12,14","17,65","11,28","5,12","6,82","43,95","32,45","19,51","22,09","32,05","18,62","5,70","14,58","17,88","3,09","14,64","13,05","5,73","4,32","32,64","12,89","8,15","8,12","23,72",,"8,71","17,14","14,84","2,26","34,24","19,97","23,73","19,85","8,15","20,51","13,11","51,00","22,75","16,32","8,30","8,24","14,61","15,05","14,69","28,56","38,54","27,20","6,20","10,84","25,09","14,37","7,24","51,14","9,97","10,37","20,15","16,97","36,04","8,25"
08/05/2023 00:00:00,"12,12","15,05","1,86","10,85",,"12,11","29,38","53,72","11,04","17,63","9,84","11,58","23,24","8,54","21,98","15,95","32,03","5,29","3,13","6,00","3,35","1,78","28,10","5,83","14,35","13,03","11,41","8,37","2,84","7,48","13,51","3,90","5,73","25,67","16,19","11,34","34,05","25,37","10,00","12,17","17,81","11,31","5,30","6,85","43,80","32,70","18,99","21,98","31,98","18,76","5,74","14,87","18,13","3,08","14,93","12,97","5,70","4,36","33,15","12,78","8,40","8,16","23,42",,"8,70","17,43","15,15","2,40","34,45","19,73","23,94","19,48","8,28","20,42","13,32","50,85","23,08","16,43","8,30","8,26","14,97","14,03","14,15","29,84","38,78","27,28","6,25","11,00","25,83","14,69","7,29","51,83","9,96","10,61","19,90","16,89","36,02","8,44"
09/05/2023 00:00:00,"12,12","15,15","1,89","11,26",,"12,03","30,60","55,40","11,15","17,57","9,94","11,47","23,43","8,67","22,31","15,97","31,78","4,97","3,21","6,07","3,43","1,83","28,30","5,96","14,70","13,04","11,43","8,70","2,94","7,49","13,56","3,90","5,86","26,18","16,24","11,38","34,54","25,67","10,12","12,46","17,91","11,26","5,32","6,88","43,20","33,40","19,17","21,69","33,74","18,87","5,77","15,02","18,24","3,06","15,01","13,51","5,69","4,50","35,47","12,88","8,65","8,26","23,54",,"9,15","17,56","15,20","2,40","34,55","19,66","24,22","19,41","8,42","21,08","13,20","51,51","23,43","16,44","8,31","8,30","15,44","14,04","14,26","29,49","38,43","27,44","6,60","10,69","26,38","14,69","7,35","52,36","10,19","10,80","19,99","16,80","36,63","8,19"
10/05/2023 00:00:00,"12,03","15,47","1,96","11,34",,"11,87","31,62","56,22","11,14","17,80","9,97","11,49","23,50","8,97","22,77","15,85","32,02","4,92","3,37","6,15","3,41","1,96","28,75","6,05","14,86","13,41","11,21","8,75","2,97","7,56","13,88","3,94","6,01","26,31","16,59","11,65","35,24","25,90","10,47","12,55","17,35","11,59","5,62","6,71","45,30","33,44","19,50","21,84","34,38","18,97","5,82","15,27","18,51","3,16","15,01","13,51","5,71","4,57","36,75","12,77","8,81","8,80","23,69",,"9,16","17,59","15,17","2,38","34,59","19,96","24,61","19,41","8,73","21,06","13,18","52,49","23,74","16,62","8,46","8,63","15,50","13,78","14,37","29,42","38,61","27,67","6,49","10,79","26,48","14,54","7,38","51,38","10,00","10,90","20,58","16,99","36,16","10,14"
11/05/2023 00:00:00,"12,12","15,48","2,07","11,32",,"12,06","31,74","57,85","11,34","18,17","10,04","11,64","23,61","9,26","23,28","15,43","31,66","4,85","3,48","6,24","3,29","2,01","29,13","5,96","15,41","13,54","11,04","9,01","3,09","7,69","14,10","4,02","5,87","26,49","16,86","11,60","35,51","26,24","10,52","12,63","17,17","12,03","6,31","6,63","46,05","32,70","19,52","21,42","35,02","19,07","5,87","15,39","18,69","3,17","14,92","13,06","5,73","4,64","37,27","12,68","9,38","9,11","23,60",,"9,38","18,01","15,72","2,48","34,76","19,96","24,89","19,74","9,08","21,72","13,01","54,05","24,30","16,61","8,95","8,71","15,94","13,70","15,10","30,32","38,50","28,06","6,70","11,08","26,48","15,11","7,19","50,38","10,35","10,92","21,08","17,11","36,13","10,96"
12/05/2023 00:00:00,"12,07","15,48","2,10","11,20",,"12,09","31,07","58,21","11,39","18,10","10,02","11,70","23,75","9,18","23,21","15,23","32,50","4,88","3,52","6,17","3,32","2,05","28,95","5,91","15,34","13,67","11,00","9,05","3,01","7,68","13,94","3,96","5,69","26,90","17,32","11,65","34,64","26,59","9,85","12,76","17,27","12,27","6,21","6,65","46,80","33,00","19,38","21,34","34,89","19,08","5,84","15,33","18,52","3,12","15,01","12,99","5,59","4,76","36,92","12,54","9,03","8,87","23,39",,"9,23","18,65","16,23","2,51","34,44","18,85","24,95","19,75","9,27","21,93","12,81","53,78","24,48","17,17","8,96","9,35","15,55","13,80","15,14","30,35","39,30","28,15","6,78","10,97","26,39","14,85","7,21","50,43","10,16","10,83","21,48","17,06","35,75","11,07"
15/05/2023 00:00:00,"12,22","15,66","2,10","11,37",,"12,14","31,33","59,85","11,54","18,18","10,14","11,88","22,34","9,18","23,39","15,59","32,34","5,07","3,66","6,26","3,37","2,07","29,13","5,91","15,24","14,36","11,20","9,09","2,90","7,54","14,12","3,96","5,87","27,07","17,42","11,96","35,52","26,75","10,33","12,73","17,38","12,46","6,06","6,71","47,25","33,00","19,41","21,33","34,96","19,22","5,87","15,37","18,59","3,14","15,69","13,39","5,63","4,69","37,52","12,68","9,40","8,84","23,45",,"9,10","18,28","15,86","2,43","34,41","19,18","25,12","19,89","9,29","22,44","11,65","53,55","24,22","17,64","9,12","9,42","15,98","13,96","15,68","30,11","39,74","28,14","6,73","10,89","27,01","14,90","7,36","51,16","10,15","10,95","22,06","17,17","36,42","10,95"
16/05/2023 00:00:00,"12,20","15,68","1,92","10,81",,"12,12","31,00","58,89","11,37","17,66","10,05","11,89","22,35","8,89","23,30","15,42","29,90","4,89","3,60","6,18","3,35","1,98","28,75","5,84","14,95","14,35","10,93","9,19","2,71","7,55","14,05","3,99","5,89","26,62","17,62","11,80","35,09","26,52","10,26","12,44","16,98","12,32","5,91","6,59","51,15","32,77","19,31","20,69","34,57","19,13","5,86","15,28","18,52","2,93","15,42","13,11","5,30","4,61","28,96","12,29","9,03","8,81","23,03",,"8,31","18,69","16,26","2,42","34,44","19,16","25,10","19,63","9,16","23,94","11,64","53,43","24,10","17,73","9,01","9,16","15,38","13,96","15,18","29,99","40,48","28,02","6,55","10,90","26,74","14,84","7,22","50,10","9,95","11,11","21,54","17,07","36,48","10,56"
17/05/2023 00:00:00,"12,17","16,07","2,08","10,85",,"11,98","30,52","61,48","11,82","17,69","10,14","11,83","22,22","8,64","23,77","16,01","31,32","5,33","3,92","6,06","3,53","2,12","28,07","5,77","15,32","14,34","11,41","9,35","2,76","7,61","14,16","4,09","6,06","26,17","17,87","12,09","35,01","26,43","10,50","12,43","17,54","12,39","6,01","6,80","52,20","32,94","19,68","21,48","31,67","19,14","5,87","15,38","18,71","3,13","15,60","14,38","5,36","4,79","28,79","12,56","9,33","8,90","23,19",,"8,59","18,57","15,86","2,55","36,44","19,11","25,07","19,72","9,30","24,20","12,14","54,41","24,30","17,49","9,01","9,09","16,21","14,08","15,49","30,84","40,50","28,08","6,59","10,79","27,06","15,10","7,46","51,76","10,07","11,80","22,48","16,95","36,26","11,19"
18/05/2023 00:00:00,"12,16","16,30","2,32","10,95",,"11,98","30,16","62,24","11,97","17,67","10,17","11,87","21,77","9,24","23,75","16,03","31,31","5,37","3,95","6,07","3,56","2,18","28,34","5,76","15,24","14,40","11,48","9,50","2,85","7,62","14,46","4,16","6,00","26,07","17,85","11,95","34,70","26,63","10,75","12,74","17,60","12,54","6,29","6,86","55,05","33,42","19,91","21,96","33,12","18,97","5,86","15,36","18,64","3,31","16,14","14,55","5,59","4,66","30,33","12,81","10,07","9,14","23,45",,"8,83","18,65","15,96","2,56","36,29","18,81","25,44","19,96","9,38","24,96","11,94","55,01","24,36","17,71","9,12","9,17","16,81","13,84","15,70","31,41","42,00","28,13","6,61","10,87","27,46","15,47","7,54","51,84","10,56","12,19","23,33","17,04","36,11","11,63"
19/05/2023 00:00:00,"12,18","16,53","2,33","11,46",,"12,09","31,09","61,12","12,04","18,02","10,29","12,16","21,48","9,68","24,02","15,89","32,50","5,50","3,90","6,14","3,69","2,12","28,80","5,76","15,37","14,51","11,55","9,76","2,81","7,66","14,50","4,23","6,09","26,26","17,79","11,96","36,10","27,07","10,90","12,89","17,51","12,36","6,36","6,81","54,15","34,18","20,12","22,62","34,31","18,93","5,82","15,18","18,49","3,39","16,46","14,99","5,89","5,03","31,18","12,90","10,01","9,83","23,56",,"8,86","18,74","15,93","2,64","36,91","19,11","25,57","20,07","9,53","24,89","11,84","55,34","24,26","17,67","9,36","9,18","17,18","13,89","15,21","31,66","42,06","28,07","7,01","10,98","27,32","15,38","7,72","51,27","11,44","12,49","23,05","17,08","36,87","11,68"
22/05/2023 00:00:00,"12,22","16,69","2,46","11,64",,"12,28","31,51","60,85","11,88","17,78","10,24","12,04","21,50","9,77","23,60","15,78","31,83","5,62","3,92","6,11","3,60","2,27","28,66","5,75","15,38","14,52","11,55","9,71","2,95","7,61","14,71","4,22","5,97","26,18","17,80","11,91","35,37","27,00","10,86","12,93","18,24","12,45","6,25","7,03","55,50","34,50","20,23","22,27","34,64","18,94","5,78","15,02","18,14","3,40","16,39","14,62","5,92","5,10","32,56","12,74","9,97","9,50","23,40",,"8,79","18,46","15,84","2,59","36,13","19,19","25,92","20,02","9,51","25,15","11,89","55,34","24,10","17,65","9,26","9,14","17,47","13,87","14,99","31,76","41,84","28,07","7,14","11,04","27,32","15,27","7,58","50,44","11,28","12,71","23,09","17,09","37,09","11,93"
23/05/2023 00:00:00,"12,19","16,66","2,44","11,21",,"12,23","31,54","59,56","11,72","18,20","10,31","12,14","21,39","9,64","23,60","15,31","30,99","5,28","3,94","6,08","3,52","2,24","28,89","5,81","15,26","14,37","11,30","9,58","2,80","7,66","14,78","4,27","5,78","26,01","17,53","11,74","34,94","26,92","10,87","12,56","18,21","12,39","6,10","7,05","54,75","34,11","20,23","22,07","34,35","19,03","5,81","15,06","18,28","3,48","16,29","14,38","5,62","4,98","31,36","12,77","9,89","9,28","23,28",,"8,95","18,85","16,23","2,61","36,10","19,31","26,08","19,90","9,53","25,11","11,90","55,07","23,96","17,54","9,25","9,08","17,14","13,70","15,08","31,86","42,47","28,20","7,08","11,13","27,23","15,14","7,24","49,30","11,17","12,78","22,73","17,09","36,96","12,11"
24/05/2023 00:00:00,"12,25","16,61","2,42","10,86",,"12,25","30,88","59,89","11,41","18,25","10,09","11,76","21,81","9,24","23,52","15,01","31,49","5,16","3,89","6,08","3,41","2,26","28,75","5,72","15,10","14,45","10,87","9,30","2,59","7,72","14,90","4,22","5,82","26,04","17,17","11,61","34,47","26,52","10,75","12,57","17,78","12,39","6,18","6,88","53,25","34,05","20,26","22,24","34,04","19,11","5,80","14,97","18,18","3,47","15,95","14,20","5,48","5,03","31,10","12,59","9,49","9,10","23,08",,"8,90","19,05","16,48","2,61","35,89","19,40","26,29","19,66","9,53","24,63","11,95","54,79","23,85","17,51","9,19","9,00","16,62","13,62","15,30","31,83","41,30","28,26","6,53","11,15","26,65","15,31","7,14","48,18","10,93","12,91","22,13","16,90","36,59","11,90"
25/05/2023 00:00:00,"12,32","16,86","2,48","11,27",,"12,29","31,76","61,94","11,70","18,27","10,26","12,19","22,11","9,30","24,47","14,97","30,69","5,24","4,11","6,10","3,41","2,32","28,73","5,85","15,05","14,65","10,62","9,72","2,47","7,86","15,82","4,31","5,81","26,20","17,85","11,76","35,96","26,75","11,22","12,81","17,60","12,94","6,52","6,89","59,10","35,02","20,27","22,63","35,24","19,28","5,89","15,39","18,75","3,60","15,96","15,06","5,48","5,08","32,21","12,74","9,49","10,04","23,33",,"9,10","18,91","16,35","2,53","35,57","19,64","26,17","19,89","9,66","25,55","11,90","55,89","23,61","17,72","9,46","9,23","17,16","13,60","16,28","32,31","40,86","28,48","6,82","11,31","28,19","15,00","7,04","48,04","11,48","12,75","22,99","17,28","35,87","12,33"
26/05/2023 00:00:00,"12,33","17,01","2,49","11,05",,"12,23","31,25","64,35","12,12","18,17","10,25","12,19","22,18","9,43","24,72","15,39","30,16","5,39","4,13","6,10","3,45","2,35","28,75","5,85","14,98","14,82","10,76","9,91","2,74","7,85","15,91","4,37","5,67","26,26","18,24","11,69","35,80","26,69","11,23","12,65","18,15","12,91","6,63","7,10","58,50","35,72","20,31","22,95","35,47","19,34","5,86","15,32","18,61","3,63","16,14","15,47","5,47","5,41","32,73","12,71","9,84","9,92","23,45",,"9,13","19,22","16,57","2,57","35,29","19,52","26,66","19,89","9,81","25,55","11,88","56,15","23,64","17,58","9,57","9,62","17,76","13,71","16,65","31,94","42,00","28,52","7,16","11,25","28,12","14,76","7,07","49,13","11,68","12,88","23,68","17,16","36,30","12,53"
29/05/2023 00:00:00,"12,33","17,19","2,55","11,16",,"12,28","30,62","63,86","12,01","18,13","10,24","12,20","22,31","9,23","24,86","15,39","30,02","5,50","4,14","6,07","3,44","2,42","28,66","5,88","14,81","14,73","10,75","9,78","2,85","7,94","15,89","4,27","5,70","26,50","18,57","11,58","35,08","26,08","11,50","12,36","18,14","12,77","6,67","7,08","58,50","35,92","20,26","22,21","36,04","19,48","5,85","15,19","18,52","3,56","15,93","15,20","5,44","5,51","32,47","12,61","9,78","9,93","23,33",,"9,16","19,10","16,50","2,46","35,06","19,90","26,64","19,66","9,83","25,36","12,00","56,14","23,72","17,79","9,49","9,52","17,68","13,71","16,70","31,53","42,03","28,66","7,25","11,29","27,68","14,86","7,04","48,76","11,63","12,38","23,40","17,13","35,73","12,76"
30/05/2023 00:00:00,"12,10","17,28","2,54","10,87",,"12,27","30,66","63,37","11,85","18,29","10,05","11,87","22,03","9,34","24,24","14,98","29,30","5,35","4,00","6,04","3,35","2,43","28,14","5,76","14,55","14,68","10,34","9,81","2,74","7,96","15,69","4,30","5,68","26,33","18,64","11,54","34,76","25,95","11,29","12,23","17,68","12,49","6,71","6,91","60,90","35,59","20,18","21,62","37,59","19,52","5,79","15,12","18,26","3,57","15,95","14,92","5,33","5,45","31,96","12,79","9,14","9,83","23,30",,"9,04","18,92","16,32","2,46","34,08","19,98","26,42","19,71","9,79","24,97","11,69","55,25","23,36","17,48","9,19","9,44","17,28","13,51","16,29","31,60","41,79","28,46","7,34","11,29","27,50","14,90","6,83","47,61","11,21","12,08","23,23","16,82","35,23","12,63"
31/05/2023 00:00:00,"12,04","17,29","2,53","10,42",,"12,19","31,07","63,35","11,82","18,26","9,95","11,73","21,50","9,70","23,95","14,88","29,78","5,17","4,22","5,93","3,32","2,46","27,42","5,65","14,49","14,61","10,47","9,95","3,11","7,91","15,80","4,34","5,68","25,89","18,78","11,45","34,60","26,00","11,55","11,97","17,43","12,65","6,85","6,83","59,85","35,39","20,01","21,36","36,90","18,90","5,72","14,94","18,12","3,68","15,75","15,02","5,66","5,85","32,56","12,61","9,04","10,08","23,11",,"9,15","18,69","16,15","2,58","34,14","19,99","26,30","19,72","9,88","24,98","11,63","54,23","23,14","17,06","8,59","9,45","17,88","13,49","17,27","32,00","41,47","27,95","7,34","10,96","27,17","14,86","6,79","47,27","11,27","12,11","23,74","16,40","34,56","12,53"
01/06/2023 00:00:00,"11,90","17,93","2,73","10,67",,"12,24","31,34","65,25","12,69","18,30","10,03","11,93","21,22","9,62","24,84","15,05","30,24","5,19","4,89","5,96","3,37","2,56","27,06","5,70","14,80","14,72","10,53","10,15","3,34","8,06","16,02","4,43","5,91","26,07","19,21","11,74","33,47","25,81","11,93","12,17","17,66","12,83","7,04","6,91","61,50","36,06","20,01","21,88","37,95","18,75","5,81","15,10","18,38","3,57","15,60","15,87","5,67","6,08","34,78","12,87","9,90","10,70","23,06",,"9,44","19,24","16,67","2,66","34,12","19,88","26,57","20,81","10,06","26,04","11,75","57,28","23,56","17,19","8,93","9,40","18,53","13,45","17,75","32,60","41,68","28,07","7,60","10,81","28,43","15,49","6,92","48,27","11,79","12,74","24,50","16,71","34,17","13,34"
02/06/2023 00:00:00,"12,08","17,79","2,90","11,15",,"12,17","31,99","64,96","12,80","18,63","10,04","11,95","21,54","9,83","25,68","15,68","31,39","5,52","4,67","6,02","3,52","2,47","27,18","5,73","15,97","14,79","11,05","10,41","3,32","8,07","16,24","4,62","6,17","26,44","19,24","11,96","34,50","26,01","12,13","12,05","18,23","12,87","6,91","7,13","61,80","36,40","19,87","21,42","37,82","18,83","5,95","15,30","18,65","3,55","15,90","15,81","5,70","6,22","34,78","13,14","9,86","10,75","22,76",,"9,20","19,47","16,80","2,67","35,26","19,98","25,61","21,44","10,12","26,53","12,04","57,82","24,10","17,68","9,01","9,55","18,77","13,81","17,14","33,18","42,99","27,96","7,78","11,01","27,24","15,80","7,13","50,33","11,93","13,07","24,73","17,00","34,61","13,33"
05/06/2023 00:00:00,"12,04","17,71","3,01","10,82",,"12,07","32,08","65,26","12,83","18,74","10,43","12,36","21,58","9,89","25,84","15,61","31,68","5,48","4,67","6,02","3,56","2,52","26,96","5,72","16,18","14,65","11,15","10,56","3,67","8,10","16,18","4,67","6,16","26,41","19,20","11,48","33,86","25,98","12,17","11,83","18,22","12,85","7,00","7,11","62,40","36,92","19,77","21,49","38,08","18,70","5,94","15,45","18,69","3,69","15,97","15,84","5,79","6,55","33,33","13,12","9,99","10,90","22,64",,"9,09","19,59","16,98","2,70","35,29","20,07","25,62","21,38","10,19","26,79","12,13","58,12","24,15","17,44","9,22","9,39","18,98","13,87","17,19","33,80","43,35","27,76","7,68","10,94","27,12","15,79","7,16","49,91","11,82","12,81","24,65","17,00","34,58","13,64"
06/06/2023 00:00:00,"12,38","18,35","3,11","12,41",,"12,33","33,62","66,63","12,79","18,96","10,65","12,56","21,54","10,16","25,95","15,65","32,09","5,60","4,56","6,17","3,59","2,61","27,58","5,84","16,55","14,87","11,38","10,79","3,87","8,00","16,46","4,77","6,25","26,85","19,30","11,61","35,19","26,82","12,36","11,94","18,18","12,95","7,21","7,10","65,25","38,38","20,54","22,18","39,66","18,91","5,94","15,50","18,82","3,86","16,15","16,31","6,03","6,64","34,18","13,27","10,46","11,81","23,14",,"9,27","19,99","17,34","2,76","34,23","20,25","26,27","21,72","10,33","27,23","11,99","59,26","24,59","17,80","9,26","9,67","19,68","14,15","17,56","33,44","43,47","28,28","7,93","11,19","27,94","15,69","7,14","50,07","12,54","13,05","25,31","17,53","35,10","14,34"
07/06/2023 00:00:00,"12,41","18,19","3,23","12,39",,"12,22","33,47","67,46","13,08","18,95","10,68","12,55","21,54","10,12","26,60","15,71","32,60","5,58","4,41","6,18","3,47","2,64","27,88","5,93","16,79","14,59","11,12","10,65","3,83","8,21","16,56","4,83","6,13","26,67","18,99","12,14","35,38","27,35","12,41","12,23","18,31","13,39","7,14","7,14","63,60","38,10","20,76","23,02","37,18","19,04","5,96","15,50","18,88","3,91","16,03","16,72","5,96","6,74","33,24","13,06","10,06","11,69","23,59",,"9,17","20,61","17,85","2,80","34,73","21,60","26,30","21,38","10,82","27,88","12,31","59,04","24,69","17,76","9,43","9,59","19,46","14,40","18,59","33,70","42,44","28,36","8,03","11,22","28,06","15,55","7,10","50,87","12,51","13,11","25,98","17,48","35,05","14,90"
09/06/2023 00:00:00,"12,65","18,12","3,25","12,56",,"12,37","33,93","67,93","13,05","19,88","10,92","12,76","21,60","10,45","26,49","15,94","32,00","5,68","4,35","6,36","3,44","2,71","28,40","6,53","17,05","14,89","11,22","10,74","4,21","8,35","16,40","4,87","6,13","27,06","19,26","12,38","35,68","28,08","12,35","12,20","18,39","13,15","7,53","7,18","63,60","39,74","20,31","23,48","36,89","19,55","6,03","15,82","19,14","3,86","15,93","16,86","6,08","6,66","34,01","13,24","10,15","11,65","23,54",,"9,27","21,60","18,72","2,83","34,42","22,66","26,61","21,22","10,91","27,77","12,46","59,59","24,94","17,80","9,55","9,80","19,50","14,26","18,81","33,78","41,90","28,77","8,01","11,48","28,21","15,89","7,09","50,64","12,79","13,19","26,27","17,90","34,73","14,80"
12/06/2023 00:00:00,"12,67","18,42","3,27","13,30",,"12,46","34,43","67,91","13,22","20,60","10,81","12,66","21,43","10,39","26,77","15,76","31,26","5,79","4,49","6,48","3,38","2,75","28,42","6,56","17,01","14,96","10,92","10,83","4,14","8,27","16,17","4,89","6,13","27,20","19,42","12,31","35,94","28,54","12,61","12,53","18,27","13,10","7,28","7,16","61,80","39,94","20,29","23,30","36,62","19,63","6,06","15,74","18,94","3,86","16,45","17,62","6,19","6,66","33,93","13,27","10,12","11,60","23,72",,"9,47","21,87","19,05","2,79","33,09","22,20","26,80","21,32","10,84","28,16","12,22","58,76","24,13","18,18","9,81","9,84","19,64","13,87","18,91","33,02","43,25","28,89","8,06","11,66","28,83","15,74","7,07","49,72","12,81","13,25","26,51","18,05","34,69","15,06"
13/06/2023 00:00:00,"12,76","18,12","3,08","12,79",,"12,31","33,84","64,89","12,97","20,38","10,83","12,67","21,28","10,55","26,18","15,87","31,18","5,71","4,29","6,36","3,32","2,62","27,96","6,46","16,89","14,36","10,86","10,16","3,85","8,14","15,91","4,59","5,94","27,10","19,82","11,87","35,50","28,72","12,04","12,13","18,29","12,91","7,26","7,13","59,55","39,33","20,03","22,83","36,27","19,48","6,11","15,79","19,15","3,78","16,64","16,60","6,26","6,33","32,21","13,17","9,78","11,04","23,27",,"9,16","21,88","19,01","2,79","34,28","22,38","26,55","21,39","10,73","27,79","12,48","57,53","24,52","17,60","9,58","9,66","18,75","13,78","18,40","32,31","43,57","28,50","7,54","11,56","28,30","15,64","7,05","50,24","12,53","13,23","25,45","17,68","34,32","14,54"
14/06/2023 00:00:00,"12,81","18,49","3,18","13,28",,"12,42","34,74","65,52","13,51","20,48","10,86","12,76","21,22","10,58","26,27","16,47","31,14","5,97","4,78","6,46","3,38","2,73","28,37","6,51","17,25","14,99","11,26","10,64","4,10","8,03","16,23","4,72","6,08","27,59","20,14","12,13","36,18","28,77","12,32","12,83","18,93","13,48","7,28","7,38","64,50","39,74","20,40","23,66","37,13","19,70","6,18","16,09","19,41","3,79","16,88","16,59","6,30","6,65","32,64","13,09","10,09","11,83","23,57",,"9,35","22,82","19,83","2,85","35,34","22,68","26,56","21,74","10,96","28,72","12,93","58,63","24,46","18,21","9,87","9,67","19,38","13,68","18,82","32,19","43,20","28,85","7,73","11,93","28,25","15,80","7,15","51,13","12,89","13,41","25,97","18,29","34,80","15,97"
15/06/2023 00:00:00,"12,69","18,55","3,28","13,67",,"12,47","35,00","65,41","13,06","20,90","10,92","12,79","21,26","10,67","26,41","16,55","31,47","5,82","4,56","6,47","3,38","2,75","28,17","6,51","17,10","14,96","11,39","10,82","4,26","7,92","16,44","4,68","6,20","27,61","20,29","12,07","36,68","28,77","12,35","12,89","18,85","13,66","7,51","7,37","66,90","39,44","20,39","22,89","37,10","19,52","6,30","16,35","19,67","3,84","17,15","16,27","6,42","6,63","32,13","13,20","10,07","11,92","23,40",,"9,50","22,49","19,36","2,88","35,54","22,73","26,68","21,75","10,92","28,72","13,08","58,25","24,90","17,87","9,59","9,60","19,21","13,80","18,96","32,57","44,77","28,77","8,05","11,88","28,68","15,72","7,15","51,53","12,83","13,20","25,90","18,16","34,77","16,86"
16/06/2023 00:00:00,"12,59","18,67","3,50","13,09",,"12,62","34,31","64,41","12,98","20,75","10,92","12,83","21,17","10,59","27,02","16,52","31,92","5,60","4,42","6,29","3,37","2,74","28,98","6,48","17,00","14,77","11,56","10,83","4,50","7,85","16,11","4,72","6,20","27,85","19,87","12,05","35,54","28,37","12,13","12,61","18,87","13,48","7,32","7,41","65,25","39,18","20,14","22,18","37,39","19,28","6,31","16,29","19,73","3,86","17,13","15,70","6,16","6,57","31,78","13,06","9,10","11,70","23,06",,"9,42","22,62","19,52","2,90","36,21","22,81","26,46","20,72","10,85","28,62","12,88","56,88","24,70","17,99","9,34","9,67","18,48","14,21","19,22","32,63","44,73","28,30","8,05","11,70","28,23","15,48","7,14","51,61","11,92","13,25","25,98","17,71","34,78","16,57"
19/06/2023 00:00:00,"12,63","18,76","3,64","12,84",,"12,61","34,68","64,50","13,14","21,13","11,14","13,06","21,03","10,81","27,25","16,59","32,20","5,72","4,52","6,35","3,41","2,84","28,80","6,53","17,20","14,91","11,56","10,92","4,27","7,86","16,43","4,78","6,26","27,75","19,94","12,06","35,42","28,24","12,17","12,56","19,07","13,59","7,44","7,49","64,20","39,30","20,24","21,96","37,87","19,48","6,39","16,65","20,00","3,78","17,19","16,04","6,37","6,97","31,96","13,17","9,64","11,79","23,08",,"9,43","23,18","20,04","2,90","36,00","23,03","26,54","20,97","10,91","28,81","13,10","59,10","25,06","18,02","9,33","9,82","19,00","14,34","19,00","33,20","44,18","28,62","8,17","11,72","28,34","15,72","7,25","51,41","11,72","13,42","26,00","17,81","34,61","16,91"
20/06/2023 00:00:00,"12,65","19,10","3,73","12,92",,"12,73","34,67","66,24","13,07","21,13","11,16","13,09","21,01","10,63","27,92","16,33","32,16","5,50","4,82","6,46","3,35","2,92","29,22","6,60","17,09","15,17","11,31","10,97","4,19","7,97","16,31","4,67","6,43","27,89","19,01","12,00","36,94","28,52","12,34","12,67","18,80","13,66","7,59","7,44","63,00","38,58","20,69","21,84","37,28","19,65","6,41","16,60","19,99","3,89","17,29","16,66","6,60","6,97","31,53","13,20","9,47","11,76","23,29",,"9,35","23,24","20,14","2,92","36,10","22,84","26,64","21,24","10,95","28,38","13,05","58,62","25,03","18,40","9,43","9,97","18,90","14,46","19,07","33,31","43,94","28,64","8,36","11,77","28,28","15,96","7,14","50,08","11,10","13,50","26,03","17,76","33,95","17,32"
21/06/2023 00:00:00,"12,77","19,70","3,80","12,99",,"12,86","34,86","68,58","12,99","21,80","11,24","13,06","21,09","10,61","28,26","16,22","32,07","5,14","4,90","6,53","3,30","2,87","30,00","6,59","17,40","15,29","11,25","10,74","3,97","8,03","16,78","4,58","6,34","27,92","17,60","11,77","36,87","28,47","12,63","12,67","18,65","13,69","7,78","7,38","62,85","38,37","20,86","21,66","39,44","19,60","6,47","16,73","20,18","4,08","16,90","16,80","6,51","7,04","32,21","13,04","9,48","11,90","23,87",,"9,19","24,17","20,98","2,98","38,61","23,13","26,75","21,10","11,11","28,59","13,56","58,89","25,33","18,35","9,78","10,00","18,92","14,42","18,69","33,04","43,05","28,65","8,58","11,67","27,87","16,09","7,06","49,58","10,95","13,66","26,30","17,90","33,49","18,12"
22/06/2023 00:00:00,"12,99","19,46","3,54","12,95",,"12,79","34,45","67,15","12,60","21,38","11,04","12,72","21,13","10,12","27,48","16,03","31,09","5,17","4,77","6,33","3,26","2,76","28,73","6,46","17,20","15,17","11,08","10,55","3,83","7,98","16,21","4,47","6,28","27,80","17,05","11,72","35,85","27,71","11,79","12,65","18,29","13,52","7,57","7,29","63,45","37,56","20,76","20,97","38,61","19,48","6,39","16,71","19,99","3,95","16,73","16,52","6,44","6,96","30,58","12,96","9,51","11,30","23,42",,"9,18","23,77","20,72","2,92","38,24","23,04","26,55","20,99","11,26","28,36","13,37","59,31","24,85","18,19","9,67","9,82","18,59","14,23","18,63","32,11","42,47","28,45","8,39","11,57","27,37","15,90","6,98","49,31","10,90","13,77","26,00","17,49","33,45","17,83"
23/06/2023 00:00:00,"12,94","20,13","3,51","13,86",,"12,94","35,28","68,40","12,81","21,39","11,01","12,56","21,26","9,67","27,62","15,96","30,51","5,18","4,98","6,54","3,28","2,73","30,52","6,75","17,43","15,32","11,06","11,05","3,79","8,02","16,66","4,63","6,20","28,31","17,09","12,32","37,98","29,09","11,98","13,00","18,27","13,94","7,67","7,27","64,95","37,92","21,22","20,96","41,43","19,96","6,39","16,69","19,92","3,92","17,00","17,23","6,35","6,96","30,67","13,14","9,77","11,12","24,60",,"9,26","22,97","19,87","2,94","38,15","23,20","26,99","20,67","11,30","28,74","13,08","59,00","24,85","18,42","9,70","10,03","18,15","15,15","19,08","32,29","42,55","28,80","8,58","11,51","28,13","15,90","6,99","48,81","10,61","13,83","26,19","17,60","33,63","16,41"
26/06/2023 00:00:00,"12,82","19,88","3,32","13,47",,"12,72","34,38","66,34","12,47","21,44","11,01","12,50","20,65","9,55","27,40","16,04","30,53","5,22","4,92","6,50","3,29","2,64","30,62","6,62","17,33","15,28","11,18","10,76","3,49","7,99","16,62","4,54","6,01","27,69","16,84","11,99","37,95","29,04","11,89","12,71","18,42","13,71","7,50","7,34","61,65","37,58","21,03","20,53","39,81","19,83","6,39","16,64","19,90","3,94","16,75","16,71","6,17","6,98","29,13","12,97","9,42","10,80","24,68",,"9,14","23,41","20,31","2,93","36,98","23,30","26,74","20,54","11,15","28,45","13,26","59,00","24,91","18,28","9,62","9,87","17,59","15,09","18,46","32,24","42,24","28,62","8,64","11,32","27,75","15,88","7,04","48,92","10,48","13,51","25,71","17,42","33,50","15,61"
27/06/2023 00:00:00,"12,85","19,53","3,26","12,69",,"12,50","33,90","64,83","12,48","21,05","11,02","12,54","20,93","9,93","27,23","16,06","29,78","5,16","4,78","6,49","3,28","2,58","30,43","6,56","17,05","15,43","11,28","10,67","3,41","7,99","16,07","4,46","5,83","27,65","17,21","11,75","37,62","28,92","11,52","12,57","18,48","13,59","7,15","7,33","61,20","37,22","20,64","20,49","39,82","19,35","6,32","16,53","19,67","3,85","16,59","16,28","6,13","6,79","28,96","12,94","9,21","10,43","24,21",,"8,98","23,21","20,16","2,90","35,74","23,62","26,83","20,50","11,00","27,85","12,84","58,19","24,74","17,93","9,33","9,93","17,22","14,60","18,14","31,44","41,53","28,36","8,54","11,24","27,62","15,65","6,98","49,50","10,52","12,83","25,61","17,44","33,59","15,19"
28/06/2023 00:00:00,"12,72","19,30","3,28","12,67",,"12,42","33,83","64,81","12,48","20,79","10,88","12,33","21,23","9,61","27,32","15,47","29,37","4,99","4,85","6,44","3,20","2,63","30,33","6,55","16,97","15,34","11,01","10,83","3,40","7,93","16,07","4,52","5,78","27,61","17,95","11,82","37,70","28,85","11,48","12,56","18,20","13,56","7,06","7,21","62,10","37,96","20,51","20,91","40,59","19,25","6,26","16,41","19,56","3,79","16,26","16,30","5,93","6,75","28,70","12,83","8,85","10,65","24,09",,"8,75","23,38","20,35","2,92","36,08","23,70","26,54","20,43","10,93","27,56","12,67","57,99","24,40","18,24","9,29","9,84","16,85","14,55","18,12","31,19","40,91","28,22","8,84","11,24","27,39","15,68","6,88","47,94","10,34","12,78","25,51","17,61","33,67","15,89"
29/06/2023 00:00:00,"12,72","19,40","3,50","12,94",,"12,28","34,08","66,86","13,10","20,98","11,01","12,39","21,40","9,85","28,18","15,65","29,07","4,99","5,04","6,50","3,21","2,76","30,64","6,80","17,19","15,48","11,14","11,31","3,48","7,97","16,71","4,75","5,86","27,75","18,19","11,99","38,15","29,01","11,85","12,81","18,38","14,10","7,27","7,27","63,00","38,82","20,51","21,57","42,39","19,53","6,35","16,54","19,80","3,89","16,15","16,66","6,08","7,13","29,56","12,86","9,18","11,17","24,14",,"8,97","23,64","20,44","3,04","36,23","23,96","26,66","20,72","11,02","27,95","12,81","59,70","24,78","18,31","9,66","9,99","17,33","14,77","18,89","31,32","40,80","28,14","9,71","11,50","27,94","16,46","6,96","48,53","10,61","13,54","26,18","17,75","33,90","17,49"
30/06/2023 00:00:00,"12,88","19,66","3,55","13,33",,"12,41","34,99","67,90","13,07","20,71","11,13","12,60","21,39","10,09","28,64","15,52","29,32","5,01","4,98","6,62","3,15","2,77","31,15","7,01","17,25","15,75","10,45","11,56","3,51","7,96","17,02","4,90","5,77","28,15","18,30","12,27","39,44","29,69","12,07","12,94","18,23","14,36","7,44","7,20","65,70","39,89","20,62","21,96","42,29","19,64","6,38","16,56","19,75","4,01","16,30","15,58","6,19","7,11","28,87","13,05","9,32","11,57","24,32",,"9,32","22,42","19,45","2,91","37,02","24,01","27,48","21,03","11,18","28,35","12,93","59,87","24,78","18,41","10,18","10,17","17,39","14,94","19,50","30,59","40,95","28,49","10,36","11,58","28,33","16,58","6,83","47,57","10,71","13,58","26,54","17,82","34,74","17,64"
03/07/2023 00:00:00,"12,88","20,03","3,52","13,20",,"12,36","35,21","70,25","13,36","21,13","11,27","12,76","21,90","9,89","29,48","15,52","29,80","5,04","4,94","6,60","3,19","2,79","31,35","6,91","17,76","15,60","10,61","11,45","3,55","7,99","16,86","4,74","5,78","27,91","18,16","12,36","39,75","29,98","11,98","13,14","18,88","14,54","7,46","7,47","66,30","40,34","20,77","21,93","42,58","19,42","6,48","16,80","20,14","3,97","16,42","15,80","6,14","7,25","29,47","13,01","9,76","11,21","24,51",,"9,75","22,81","19,81","2,91","37,36","24,45","26,71","21,45","11,16","28,84","13,18","60,73","25,42","18,63","10,00","10,14","17,74","15,10","19,79","30,06","40,95","28,40","10,20","11,32","28,89","16,60","7,01","49,06","10,79","13,57","27,07","17,69","34,69","17,66"
04/07/2023 00:00:00,"12,65","19,91","3,62","13,19",,"12,35","34,67","70,57","13,19","20,99","11,16","12,69","21,99","9,73","29,42","15,45","29,81","5,27","5,05","6,54","3,17","2,81","31,21","6,91","17,69","15,46","10,62","11,67","3,51","7,87","16,68","4,75","5,75","27,82","18,06","12,20","39,60","30,11","11,84","13,06","18,85","14,78","7,44","7,44","64,80","40,26","20,56","21,57","42,06","19,54","6,39","16,78","20,01","4,05","16,50","15,79","6,07","7,35","28,87","13,06","9,78","11,99","24,17",,"9,70","22,87","19,86","2,83","37,98","24,60","26,40","21,55","11,00","27,78","13,28","60,57","24,90","18,45","9,93","9,99","17,33","15,27","19,76","29,80","41,43","28,31","10,56","11,46","28,62","16,43","7,08","48,81","10,34","13,39","27,12","17,65","34,23","17,94"
05/07/2023 00:00:00,"12,71","20,24","3,77","13,30",,"12,44","35,20","73,79","13,18","20,85","11,18","12,71","21,90","9,97","29,25","15,42","30,41","5,05","5,28","6,52","3,16","2,83","31,69","6,88","17,96","15,13","10,63","11,83","3,43","7,92","17,11","4,80","5,70","27,72","18,51","12,51","39,71","30,34","12,11","13,26","18,77","14,77","7,57","7,45","65,70","40,49","20,79","21,07","44,84","19,59","6,50","16,89","20,19","4,24","16,44","15,93","6,37","7,51","29,21","12,92","9,85","12,79","24,38",,"9,90","22,86","19,83","2,74","38,56","24,61","26,57","21,68","11,00","27,67","13,33","61,39","24,54","18,47","9,86","10,07","17,53","15,80","19,97","30,26","41,17","28,10","11,28","11,38","29,13","16,55","7,13","48,38","10,57","13,72","27,77","17,69","34,51","18,36"
06/07/2023 00:00:00,"12,39","19,97","3,41","13,17",,"12,33","34,32","72,61","12,69","20,55","10,92","12,40","21,73","9,91","28,09","15,34","29,60","5,04","5,09","6,43","3,11","2,71","32,22","6,85","17,65","15,04","10,48","11,51","3,23","7,89","16,84","4,71","5,50","27,50","18,36","12,24","39,46","30,18","12,36","13,01","18,59","14,69","7,51","7,37","64,65","40,05","20,49","20,73","47,32","19,40","6,36","16,89","19,89","4,16","16,19","15,42","6,21","7,69","26,99","12,61","9,65","12,93","23,91",,"9,77","22,57","19,53","2,74","38,09","24,54","26,09","21,24","11,00","26,87","13,00","60,84","24,02","18,36","9,84","9,90","17,31","15,68","19,63","29,97","40,85","28,03","11,18","11,15","28,30","16,20","7,12","48,04","10,35","13,48","27,26","17,46","33,95","17,76"
07/07/2023 00:00:00,"12,41","20,32","3,56","13,57",,"12,35","34,79","72,53","12,85","20,95","11,03","12,49","21,77","9,99","29,33","15,48","31,68","5,19","5,26","6,48","3,17","2,81","32,33","6,84","18,32","15,49","10,96","11,51","3,43","7,91","17,80","4,79","5,65","27,54","18,00","12,49","39,81","30,45","13,03","13,06","19,01","14,95","7,53","7,54","65,55","39,92","20,71","20,78","50,85","19,54","6,44","17,10","20,26","4,30","16,38","15,90","6,38","8,06","27,24","12,80","10,18","13,29","24,18",,"9,93","22,45","19,43","2,80","39,29","24,70","26,50","21,52","11,19","27,25","13,85","61,62","24,13","18,38","10,42","10,07","18,34","15,95","20,31","30,99","41,22","28,14","11,91","11,24","28,82","16,94","7,28","48,49","10,52","13,78","27,40","17,34","34,05","17,80"
10/07/2023 00:00:00,"12,54","20,15","3,56","13,29",,"12,39","34,58","71,05","12,60","20,56","11,04","12,49","21,68","9,66","28,78","15,27","31,07","5,16","5,11","6,45","3,11","2,79","32,31","6,67","18,23","15,43","10,60","11,38","3,35","7,82","17,53","4,73","5,65","27,48","17,90","12,34","39,94","30,19","13,08","12,99","19,11","14,71","7,49","7,57","64,80","39,31","20,64","20,64","49,79","19,48","6,43","16,93","20,13","4,28","16,24","14,87","6,41","7,79","26,13","12,84","9,98","13,05","24,11",,"9,65","22,45","19,47","2,79","39,43","25,04","26,49","21,03","11,11","27,33","13,97","61,26","24,06","18,41","10,14","10,07","18,22","15,95","19,90","30,66","40,78","27,82","11,73","11,19","28,36","17,04","7,12","47,75","10,59","13,71","26,53","17,27","33,40","17,80"
11/07/2023 00:00:00,"12,23","19,93","3,58","13,02",,"12,35","34,09","70,10","12,47","20,27","10,94","12,50","21,62","9,28","28,62","15,59","31,47","5,16","5,10","6,43","3,11","2,75","32,24","6,68","18,33","15,33","10,68","11,18","3,25","7,79","17,28","4,68","5,52","27,28","17,75","12,20","39,27","30,33","12,89","12,77","19,17","14,56","7,39","7,60","66,75","39,08","20,47","20,51","51,98","19,27","6,35","16,72","19,78","4,23","16,11","14,69","6,31","7,85","26,22","12,59","9,68","13,00","24,06",,"9,49","22,27","19,20","2,82","40,63","24,89","26,21","21,05","11,07","26,98","13,88","61,03","23,87","18,37","10,27","9,89","17,90","15,93","19,91","30,40","40,80","27,62","11,63","11,08","28,04","16,88","7,10","49,32","10,42","13,42","26,08","16,96","33,09","17,71"
12/07/2023 00:00:00,"12,28","19,84","3,48","12,89",,"12,39","33,65","70,49","12,75","19,94","10,87","12,39","21,37","9,25","28,78","15,67","31,07","5,00","5,33","6,43","3,11","2,69","31,97","6,64","18,49","15,46","10,82","11,52","3,19","7,72","17,51","4,99","5,68","27,42","17,49","12,19","39,03","30,43","12,93","12,53","19,57","14,53","7,32","7,71","65,10","39,34","20,38","20,41","51,73","19,35","6,35","16,61","19,66","4,24","15,95","14,46","6,43","7,73","25,53","12,72","9,72","13,16","24,06",,"9,38","22,20","19,21","2,86","41,48","24,98","26,36","21,45","11,07","27,16","13,23","61,67","23,58","18,30","10,05","9,90","18,20","15,93","19,89","30,11","40,92","27,42","11,75","11,11","27,99","16,91","7,10","49,67","10,41","13,31","26,28","17,01","33,19","17,56"
13/07/2023 00:00:00,"12,33","19,96","3,40","12,60",,"12,44","34,33","69,66","13,03","20,13","11,09","12,69","21,31","9,49","29,60","15,95","32,37","5,12","5,10","6,54","3,17","2,75","32,28","6,68","19,14","15,48","11,18","11,74","3,15","7,84","19,03","5,02","5,83","27,77","17,73","12,30","39,36","30,80","13,28","12,51","19,91","14,44","7,28","7,84","64,50","39,43","20,27","20,13","50,92","19,57","6,43","16,73","19,87","4,23","16,14","14,37","6,42","7,89","25,87","12,73","9,63","13,00","24,06",,"9,44","22,53","19,52","2,90","42,82","24,76","26,76","21,59","11,51","27,82","14,07","61,60","23,88","18,38","9,84","9,98","18,22","15,87","19,85","29,92","41,09","27,42","11,19","11,28","28,29","17,37","7,42","50,82","10,40","13,47","26,55","16,95","33,19","17,13"
14/07/2023 00:00:00,"12,32","19,52","3,34","12,18",,"12,38","33,54","67,61","12,93","19,99","11,05","12,60","21,16","9,38","29,07","15,96","31,95","4,63","4,48","6,47","3,17","2,70","32,13","6,67","18,69","15,06","11,11","11,46","3,05","7,82","18,51","4,89","5,83","27,58","17,23","12,16","39,28","30,35","12,67","12,34","19,75","14,37","7,11","7,79","61,95","38,96","19,70","19,89","49,63","19,38","6,37","16,56","19,66","4,14","16,02","13,89","6,31","7,79","25,27","12,50","9,17","12,85","23,46",,"9,19","22,05","19,14","2,92","41,45","24,42","26,44","21,26","10,97","27,53","13,77","60,16","23,72","18,14","9,73","9,81","17,43","15,81","19,09","29,54","41,26","27,38","10,39","11,13","27,81","17,33","7,25","50,82","10,07","12,96","25,95","16,67","33,13","16,78"
17/07/2023 00:00:00,"12,38","19,62","3,42","12,42",,"12,36","33,69","67,93","13,06","20,17","11,18","12,73","21,19","9,37","29,98","15,82","32,18","4,70","4,74","6,47","3,19","2,71","32,10","6,54","18,87","15,22","11,10","11,50","3,11","7,96","18,57","5,00","6,12","27,56","17,27","12,16","39,23","30,56","12,93","12,44","19,82","14,57","7,24","7,82","62,70","39,29","19,66","20,07","48,07","19,32","6,46","16,79","20,05","4,17","16,02","13,99","6,26","7,94","25,36","12,61","9,39","13,23","23,19",,"9,30","22,06","19,10","2,97","41,92","24,68","26,69","21,48","11,00","28,25","13,89","60,95","24,23","18,21","9,73","9,75","17,45","15,88","19,84","29,71","41,12","27,56","10,91","11,07","27,95","17,33","7,17","50,26","10,15","13,14","26,35","16,73","32,49","16,91"
18/07/2023 00:00:00,"12,26","19,62","3,61","12,08",,"12,36","33,44","68,59","13,16","20,24","11,13","12,71","20,95","9,17","30,30","15,89","32,91","4,51","4,97","6,41","3,13","2,81","32,02","6,45","18,79","15,15","11,05","11,82","3,14","7,84","18,84","5,17","6,22","27,51","17,10","12,37","38,89","30,60","13,07","12,36","20,02","14,68","7,34","7,86","62,70","38,70","19,70","20,14","47,78","19,31","6,45","16,70","19,66","4,23","16,01","14,06","6,15","8,20","25,36","12,52","9,28","13,56","23,11",,"9,36","21,87","18,99","3,04","43,11","24,68","26,21","21,44","11,05","28,40","13,91","60,83","24,10","18,10","9,93","9,79","17,62","15,93","19,97","29,62","41,28","27,52","11,51","10,97","27,54","17,00","7,17","49,94","10,18","12,95","26,62","16,57","33,08","18,12"
19/07/2023 00:00:00,"12,23","19,42","3,61","11,77",,"12,34","33,28","68,70","13,07","19,88","11,10","12,66","20,98","9,23","29,95","15,73","33,65","4,59","4,93","6,38","3,11","2,85","31,84","6,45","18,66","15,03","10,94","11,99","3,04","7,79","18,65","5,13","6,76","27,45","17,17","12,52","38,81","30,81","12,93","12,24","19,94","14,57","7,29","7,80","61,95","38,42","19,62","19,14","46,52","19,21","6,39","16,56","19,45","4,17","15,69","13,85","6,15","7,89","25,19","12,57","9,15","13,79","22,61",,"9,28","21,99","19,17","3,05","44,07","24,30","26,04","21,60","10,95","28,38","13,90","61,02","23,87","18,09","9,97","9,74","17,39","16,20","19,86","29,78","40,26","27,40","11,88","10,91","27,41","16,57","6,97","49,81","9,91","12,69","26,86","16,60","34,89","18,23"
20/07/2023 00:00:00,"12,47","19,23","3,56","11,81",,"12,28","33,30","69,43","13,07","20,10","11,17","12,67","21,35","9,34","30,34","15,79","33,92","4,61","4,88","6,37","3,07","2,84","31,74","6,46","18,72","14,88","10,93","11,93","3,00","7,88","18,67","5,05","7,10","27,43","16,96","12,20","38,68","31,25","12,86","12,22","20,01","14,71","7,40","7,85","62,40","38,21","19,65","19,53","46,93","19,22","6,43","16,81","19,81","4,15","15,73","13,92","6,08","7,81","24,84","12,46","9,29","13,60","22,61",,"9,34","22,16","19,19","3,11","44,13","24,36","26,40","21,73","11,08","28,73","13,87","61,48","24,00","18,11","10,15","9,69","17,45","16,28","19,71","29,35","40,43","27,54","11,95","11,09","26,96","16,56","6,92","49,92","10,20","12,63","26,68","16,76","35,12","18,19"
21/07/2023 00:00:00,"12,78","19,60","3,71","12,15",,"12,39","34,26","71,16","13,58","20,34","11,49","13,08","21,58","9,53","31,04","15,91","34,38","4,70","5,03","6,47","3,13","2,92","32,21","6,57","19,05","15,10","10,96","12,21","3,11","7,96","18,93","5,03","7,19","27,66","17,38","12,57","39,52","31,50","13,00","12,48","19,79","14,79","7,57","7,80","63,90","38,96","19,96","20,31","47,82","19,31","6,54","16,97","20,17","4,17","15,76","14,25","6,15","7,93","25,87","12,57","9,47","13,75","23,26",,"9,45","22,57","19,55","3,05","45,10","24,86","26,63","22,12","11,19","29,73","15,04","61,79","24,62","18,25","9,89","9,93","17,91","16,34","19,82","29,81","40,80","27,71","11,87","11,22","27,66","16,76","6,93","50,22","10,55","12,99","27,18","16,93","35,79","18,69"
24/07/2023 00:00:00,"12,63","19,74","3,85","12,39",,"12,35","34,22","71,16","13,51","19,94","11,29","12,73","21,88","9,11","30,69","16,28","35,80","4,72","5,03","6,52","3,26","2,99","32,40","6,68","19,41","15,02","11,24","12,11","3,08","7,96","19,15","5,06","7,19","28,00","18,14","13,12","39,97","31,82","13,19","12,63","20,37","14,89","7,65","8,03","65,10","38,57","20,17","20,35","40,93","19,46","6,50","16,84","19,85","4,27","16,25","14,69","5,91","7,92","25,79","12,52","9,49","13,98","23,50",,"9,54","23,03","19,96","3,07","46,10","24,73","26,57","22,76","11,11","30,93","15,68","61,10","24,43","18,31","9,76","9,98","17,97","16,50","19,85","30,21","41,69","27,82","11,53","11,24","27,90","17,08","7,10","51,74","10,52","13,32","27,23","16,98","38,37","18,86"
25/07/2023 00:00:00,"12,56","19,83","4,08","12,28",,"12,17","34,13","72,05","13,41","19,84","11,23","12,69","21,68","8,87","30,56","16,89","35,28","4,99","5,03","6,52","3,33","2,92","32,42","6,85","19,79","15,04","11,91","12,38","3,08","7,96","19,87","5,07","7,15","27,48","17,99","13,04","40,22","31,62","14,01","12,73","21,09","15,18","7,72","8,24","66,60","38,66","20,33","20,39","41,65","19,41","6,55","16,85","19,89","4,40","16,37","14,52","5,82","8,03","26,30","12,45","9,67","14,12","23,23",,"9,61","23,45","20,42","3,02","44,89","24,93","26,48","22,82","11,05","31,37","15,59","59,88","24,16","18,29","10,06","10,03","18,09","16,62","20,28","29,87","41,89","27,43","11,30","11,24","27,83","16,96","7,26","53,34","10,53","13,21","27,36","17,04","37,41","18,64"
26/07/2023 00:00:00,"12,52","19,90","4,00","12,47",,"12,15","34,83","72,19","13,38","20,01","11,32","12,82","21,83","9,02","30,81","16,85","35,40","5,07","5,13","6,57","3,36","2,87","32,69","7,07","19,57","15,11","12,02","12,24","3,09","7,99","19,94","5,09","7,10","27,51","17,97","13,13","40,45","31,57","14,26","12,91","21,12","15,20","7,64","8,28","69,00","39,14","20,33","21,05","41,86","19,59","6,52","16,86","20,00","4,32","16,57","14,80","5,89","8,08","26,47","12,48","9,53","14,14","23,20",,"9,61","23,35","20,42","3,00","45,52","24,77","26,74","22,74","10,97","31,85","15,55","59,78","24,08","18,45","10,02","10,12","18,11","16,79","20,31","29,74","43,04","27,49","10,91","11,62","28,09","16,65","7,19","53,16","10,40","13,05","26,82","17,92","37,39","18,52"
27/07/2023 00:00:00,"12,28","19,42","3,92","13,08",,"12,09","33,64","71,90","13,07","19,60","11,07","12,53","21,46","9,06","30,55","16,62","34,57","4,97","5,02","6,44","3,27","2,78","32,52","6,86","19,07","15,07","11,86","12,08","3,02","8,12","19,80","5,09","7,05","27,29","17,90","12,88","39,59","30,97","14,07","12,75","20,71","15,15","7,56","8,17","68,10","38,47","20,10","21,37","40,71","19,54","6,44","16,64","19,55","4,24","16,88","14,51","5,80","8,01","27,16","12,33","9,77","13,84","22,97",,"9,63","22,03","19,36","2,87","45,02","24,65","26,55","22,14","10,89","31,55","15,53","58,11","23,30","18,30","9,93","10,16","17,99","17,31","20,26","29,12","43,71","27,33","10,06","11,39","27,61","16,41","7,24","52,16","10,33","12,75","26,96","17,39","37,27","18,29"
28/07/2023 00:00:00,"12,50","19,52","3,98","12,79",,"12,12","33,47","71,35","13,17","19,82","11,22","12,66","21,74","9,28","30,82","16,12","34,78","4,95","5,04","6,48","3,23","2,86","32,51","6,88","19,08","15,10","11,60","12,41","3,03","8,20","19,90","5,21","7,18","27,40","18,13","12,98","39,68","31,30","13,88","12,95","20,63","14,96","7,58","8,18","69,30","38,40","20,23","19,25","39,89","19,41","6,52","16,72","19,85","4,31","17,01","14,52","6,04","8,17","27,16","12,41","9,85","13,94","23,47",,"9,66","22,40","19,60","2,95","45,09","25,01","27,08","22,14","11,65","31,35","15,63","58,63","23,62","18,32","10,04","10,19","18,28","17,18","20,63","29,88","43,72","27,40","10,27","11,45","27,82","16,57","6,85","50,10","10,36","12,76","27,02","17,45","37,25","19,18"
31/07/2023 00:00:00,"12,42","19,39","4,07","13,05",,"12,12","34,02","71,53","13,33","20,20","11,30","12,78","21,63","9,58","30,97","16,42","34,92","5,27","5,22","6,52","3,35","2,85","32,40","6,97","19,26","15,08","11,93","12,80","2,98","8,33","20,14","5,26","7,28","27,13","18,27","13,37","39,43","30,97","14,24","12,98","21,27","14,82","7,44","8,38","72,00","37,75","20,12","20,16","39,93","19,44","6,53","16,73","19,91","4,48","17,22","14,60","6,32","8,45","28,70","12,35","10,10","13,90","23,21",,"9,62","23,58","20,49","2,96","45,55","24,44","26,95","22,02","11,64","31,01","15,51","59,06","23,43","18,41","9,94","10,45","18,92","17,06","20,73","30,71","44,52","27,25","10,81","11,35","28,16","16,58","6,99","51,23","10,56","12,89","27,39","17,34","36,88","19,75"
01/08/2023 00:00:00,"12,52","19,80","4,11","13,23",,"12,13","33,64","69,18","13,19","19,86","11,26","12,75","21,73","9,70","30,78","16,36","34,54","5,26","5,42","6,50","3,32","2,82","32,42","7,03","19,20","13,80","11,81","12,73","3,01","8,34","19,89","5,33","7,40","27,30","18,51","13,36","39,26","30,52","14,44","12,74","21,20","14,78","7,33","8,38","72,60","37,90","20,62","20,41","39,61","19,71","6,52","16,72","19,98","4,48","17,03","14,52","6,35","8,45","29,39","12,33","10,61","13,89","23,43",,"9,53","23,09","20,16","2,95","45,73","24,02","26,87","21,79","11,50","30,58","15,47","59,30","23,49","18,39","9,86","10,02","19,68","17,32","20,95","30,30","44,81","27,35","10,81","11,36","28,20","16,66","6,94","50,52","10,62","12,84","27,74","17,57","36,82","19,85"
02/08/2023 00:00:00,"12,58","19,73","4,06","13,23",,"12,22","33,82","70,04","13,22","19,94","11,29","12,80","21,74","9,72","30,24","16,15","34,44","5,09","5,33","6,50","3,26","2,92","32,50","7,19","19,26","13,65","11,46","12,74","2,99","8,38","20,38","5,41","7,44","27,32","18,43","13,38","39,47","30,67","14,62","12,73","20,91","15,12","7,40","8,25","71,25","38,42","20,64","20,07","39,74","19,86","6,55","16,76","19,91","4,51","16,99","14,80","6,41","8,50","28,53","12,35","10,39","13,90","23,76",,"9,60","22,93","20,11","3,15","45,18","24,00","26,59","21,83","11,99","30,23","15,25","59,43","23,39","18,17","9,85","9,94","19,62","17,31","21,28","29,83","44,35","27,40","11,09","11,36","28,07","16,73","6,87","49,70","10,41","12,97","27,81","17,64","36,98","19,87"
03/08/2023 00:00:00,"12,23","19,61","4,06","13,37",,"12,00","32,08","70,47","13,31","19,98","11,17","12,71","21,77","10,00","30,41","16,20","35,25","5,14","5,34","6,42","3,23","2,86","32,04","7,08","19,29","13,56","11,30","12,68","3,03","8,41","20,95","5,42","7,37","26,94","18,18","13,24","38,73","30,24","14,90","12,90","20,71","15,20","7,38","8,22","69,30","38,72","20,76","19,98","39,96","19,87","6,54","16,61","19,76","4,61","17,39","14,45","6,48","8,67","27,07","12,40","11,00","13,88","24,15",,"9,58","23,25","20,37","3,27","47,08","23,64","26,36","22,06","11,65","29,75","15,39","58,62","23,33","18,12","9,85","9,64","20,51","17,42","21,50","29,88","45,97","27,57","11,90","11,31","28,16","16,70","6,85","50,01","10,65","12,96","27,77","17,58","37,35","19,05"
04/08/2023 00:00:00,"12,29","19,29","4,02","13,27",,"12,00","32,05","71,76","13,16","19,87","10,64","11,86","21,90","10,16","30,01","16,26","36,03","5,14","5,63","6,27","3,17","2,83","31,89","7,04","19,04","13,41","11,13","12,58","3,02","8,29","21,12","5,47","7,23","26,78","17,27","13,02","38,48","30,13","15,20","12,85","20,41","15,40","7,41","8,19","71,40","38,91","20,61","20,29","39,50","19,79","6,49","16,48","19,40","4,60","17,60","15,28","6,84","8,92","26,22","12,12","10,77","13,94","24,24",,"9,50","22,28","19,76","3,31","47,49","23,65","25,91","21,99","11,65","30,05","15,55","58,88","22,82","18,34","10,06","9,58","21,22","17,55","21,88","30,31","46,56","27,63","12,05","11,48","27,91","16,72","6,85","50,04","10,72","12,87","27,98","17,67","37,74","19,24"
07/08/2023 00:00:00,"12,27","19,17","4,07","13,44",,"11,99","31,92","71,96","13,09","19,84","10,57","11,78","22,43","10,08","30,43","16,30","35,68","5,07","5,34","6,18","3,22","2,82","31,59","6,99","18,87","13,28","11,09","12,60","2,90","8,17","21,06","5,52","7,16","26,65","17,65","12,92","37,98","30,07","15,00","12,65","20,20","15,44","7,43","8,07","71,55","38,85","20,40","19,99","38,36","19,54","6,49","16,44","19,25","4,48","17,65","14,80","6,89","8,69","25,79","12,09","10,67","13,92","23,95",,"9,46","22,42","19,89","3,25","47,73","23,76","25,97","22,02","11,49","29,83","15,36","58,33","22,84","18,24","9,94","9,56","20,68","17,28","21,13","30,48","46,79","27,52","11,89","11,40","28,21","16,91","6,83","50,30","10,31","12,91","27,90","17,59","37,81","19,40"
08/08/2023 00:00:00,"12,12","19,34","4,22","13,68",,"12,09","32,54","71,49","12,97","19,70","10,53","11,83","22,28","10,07","30,42","16,12","36,35","4,96","5,26","6,18","3,17","2,91","31,68","7,07","18,74","13,27","10,98","12,83","2,88","8,12","21,11","5,52","7,33","26,65","17,80","12,77","38,03","29,90","15,06","12,41","19,59","15,54","7,57","7,80","75,90","38,00","20,34","20,08","37,74","19,45","6,43","16,29","19,20","4,45","17,36","14,91","6,77","8,75","25,62","12,23","10,85","14,03","23,58",,"9,29","22,41","19,91","3,25","47,78","23,55","25,84","22,09","11,35","29,46","15,80","58,31","22,55","18,25","10,22","9,67","20,80","16,99","21,35","30,48","46,07","27,42","12,60","11,54","28,07","16,93","6,81","49,97","10,53","12,98","28,51","17,69","37,56","20,17"
09/08/2023 00:00:00,"12,02","19,41","3,99","13,36",,"12,00","32,68","71,89","12,80","19,59","10,46","11,77","22,36","10,20","30,35","16,03","36,23","4,97","5,22","6,25","3,12","2,77","31,48","7,09","18,64","13,21","10,85","13,01","2,65","8,22","21,03","5,45","7,21","25,48","17,80","12,71","38,16","29,94","14,88","12,36","18,80","15,57","7,48","7,50","74,40","37,75","20,38","19,85","37,46","19,46","6,32","16,15","19,13","4,40","17,06","14,25","6,65","8,88","25,44","12,11","11,23","13,75","23,77",,"9,19","22,67","20,06","3,26","48,04","23,45","25,54","22,60","11,34","29,23","16,25","58,18","22,26","18,19","10,20","9,59","20,68","16,97","21,04","31,46","45,66","26,93","12,58","11,65","26,94","16,83","6,77","49,52","10,54","12,69","28,87","17,53","37,67","19,34"
10/08/2023 00:00:00,"12,01","19,30","3,98","13,37",,"11,96","32,80","70,44","12,77","19,69","10,57","11,87","22,42","10,50","30,28","15,92","34,43","4,98","5,35","6,27","3,11","2,81","31,45","7,14","18,69","13,22","10,78","13,04","2,69","8,30","21,20","5,47","7,30","25,54","17,80","12,98","38,28","29,86","14,90","12,45","18,82","15,46","7,45","7,47","78,90","38,58","20,48","20,12","37,95","19,44","6,33","16,14","19,20","4,40","17,05","14,58","6,71","8,87","24,42","12,35","11,79","13,52","23,30",,"9,17","22,66","20,18","3,35","47,30","23,44","25,38","22,72","11,21","27,79","16,05","58,47","22,20","18,18","9,34","9,56","21,22","16,77","20,40","31,67","45,70","27,08","12,68","11,77","26,57","16,24","6,78","48,93","10,63","12,40","28,72","17,64","37,17","19,75"
11/08/2023 00:00:00,"12,00","19,63","4,06","13,08",,"11,92","32,44","69,00","12,71","19,91","10,52","11,80","22,57","10,26","29,76","15,88","32,81","4,87","6,14","6,37","3,12","2,79","31,86","7,30","18,39","13,18","10,74","12,96","2,67","8,33","21,74","5,56","7,11","25,74","18,22","12,99","38,58","29,92","15,36","12,29","18,66","15,26","7,32","7,43","78,45","38,01","20,44","19,98","38,02","19,76","6,38","16,05","19,23","4,35","17,15","14,42","6,73","9,22","24,67","12,22","11,63","13,30","23,44",,"9,19","22,68","20,13","3,44","48,28","24,16","25,50","21,60","11,58","27,09","15,65","58,52","22,31","19,50","9,44","10,10","20,53","16,75","20,13","31,81","46,46","27,04","12,75","11,79","26,03","16,34","6,72","48,53","10,45","12,49","28,43","17,61","36,77","21,36"
14/08/2023 00:00:00,"11,97","19,24","3,29","12,74",,"11,91","32,04","68,00","12,63","19,71","10,51","11,74","22,78","9,95","30,09","15,30","32,46","4,78","6,07","6,36","3,11","2,62","32,24","7,32","18,25","13,25","10,59","12,66","2,61","8,28","20,86","5,51","7,24","25,83","17,99","12,93","38,65","29,84","15,16","12,06","18,79","15,12","6,85","7,43","75,30","37,59","20,15","19,22","37,74","19,77","6,36","15,90","18,95","4,23","17,32","13,68","6,58","9,10","24,33","12,36","11,57","12,76","23,40",,"9,13","22,78","20,18","3,43","48,51","23,69","25,48","21,64","11,63","26,61","15,64","56,46","22,21","19,35","9,21","10,10","20,31","16,10","19,77","31,50","47,16","27,04","11,86","11,81","26,20","16,32","6,68","47,23","10,45","12,30","27,84","17,60","36,31","18,28"
15/08/2023 00:00:00,"11,87","19,29","3,21","12,71",,"11,86","30,94","70,57","12,55","19,60","10,45","11,77","22,63","9,88","29,31","14,97","31,91","4,60","6,01","6,15","3,07","2,59","31,96","7,24","17,81","13,20","10,52","12,82","2,51","8,25","20,84","5,54","7,27","25,86","17,99","12,78","37,95","29,25","15,47","11,95","18,74","15,00","6,99","7,38","75,30","37,22","19,89","19,51","38,42","19,36","6,34","15,88","18,85","3,98","17,10","13,58","6,54","9,39","23,73","12,35","11,47","12,91","23,41",,"9,14","22,74","20,33","3,42","46,74","23,34","25,40","21,81","11,79","26,48","15,14","57,10","22,06","19,23","9,24","9,85","20,14","15,59","19,87","32,23","46,34","26,79","11,74","11,77","26,19","16,45","6,66","46,77","10,40","13,26","27,94","17,45","36,35","19,06"
16/08/2023 00:00:00,"11,85","18,70","3,18","12,60",,"11,69","29,84","70,47","12,36","19,77","10,30","11,71","22,62","10,07","28,66","14,83","31,03","4,48","5,89","6,16","3,05","2,64","32,01","7,19","17,60","13,66","10,47","12,82","2,52","8,13","20,67","5,52","7,11","25,78","17,98","12,49","37,94","28,97","15,53","11,99","18,73","14,78","7,09","7,36","70,95","36,44","19,39","19,20","42,97","19,53","6,29","15,80","18,83","3,81","17,10","13,62","6,48","9,17","25,44","12,13","11,71","12,75","23,04",,"8,84","23,41","20,78","3,44","45,91","23,02","25,23","21,52","11,86","25,88","15,03","56,31","21,82","19,54","9,29","10,39","19,97","15,38","19,86","31,26","46,22","26,75","11,72","11,88","26,08","16,44","6,63","46,59","10,38","13,64","27,67","17,37","34,74","20,03"
17/08/2023 00:00:00,"11,88","18,35","3,23","12,61",,"11,71","30,48","69,68","12,02","19,96","10,11","11,59","21,69","10,23","27,89","15,03","31,27","4,26","5,66","6,18","3,05","2,64","31,90","7,07","17,28","13,67","10,37","12,19","2,54","8,11","19,80","5,30","6,91","25,61","18,16","12,56","37,90","28,95","15,36","12,17","18,64","14,59","6,86","7,35","68,55","36,42","19,10","19,07","42,85","19,59","6,24","15,75","18,61","3,76","17,03","13,32","6,25","9,30","24,16","11,84","11,41","12,44","22,64",,"8,78","23,23","20,71","3,38","45,31","23,22","24,84","21,05","11,58","26,10","15,21","55,13","21,58","19,32","9,53","10,53","19,40","15,30","19,20","29,57","46,68","26,79","10,98","11,71","26,40","16,31","6,63","47,24","10,14","13,32","26,97","17,52","34,10","19,81"
18/08/2023 00:00:00,"12,00","18,60","3,29","13,02",,"11,77","30,50","68,67","12,22","20,04","10,19","11,66","21,85","10,29","28,30","14,90","31,19","4,22","5,71","6,18","3,06","2,65","31,87","7,08","17,40","13,73","10,53","12,41","2,57","8,10","20,04","5,35","6,88","25,75","18,45","12,76","38,23","29,46","15,30","12,23","18,54","14,64","6,91","7,31","69,45","36,13","19,34","19,57","42,48","19,52","6,27","15,84","18,76","3,83","17,01","13,52","6,30","9,32","25,70","11,88","11,70","12,71","23,32",,"8,89","23,37","20,76","3,36","45,10","23,49","24,84","21,10","11,52","25,61","15,40","55,32","21,69","19,59","9,03","10,76","19,81","15,34","19,50","29,46","46,94","26,96","11,07","11,80","26,59","16,28","6,62","46,72","10,26","13,42","27,36","17,66","33,50","19,99"
21/08/2023 00:00:00,"11,96","18,27","3,25","12,69",,"11,74","29,82","66,43","12,06","19,96","10,14","11,58","21,86","10,20","28,07","14,91","31,03","4,13","5,49","6,28","3,06","2,62","31,22","7,00","17,32","14,22","10,48","12,16","2,50","8,07","19,83","5,31","6,81","25,81","18,49","12,36","37,63","29,23","15,24","12,34","18,43","15,14","6,81","7,23","67,35","35,91","19,17","19,61","38,55","19,40","6,18","15,65","18,68","3,87","16,92","13,32","6,08","9,03","26,13","11,78","11,36","12,48","22,89",,"8,77","23,14","20,62","3,31","44,68","22,71","24,83","20,95","11,36","25,82","15,36","54,91","21,59","19,36","8,97","10,51","19,42","15,32","19,90","29,81","46,38","26,75","10,88","11,52","26,31","16,24","6,65","46,78","10,14","13,24","27,43","17,41","33,29","19,21"
22/08/2023 00:00:00,"12,05","18,72","3,40","12,57",,"11,80","30,11","70,48","12,40","20,46","10,21","11,66","21,91","10,81","29,02","15,18","31,21","4,14","5,63","6,30","3,10","2,69","31,85","7,04","17,62","14,52","10,55","12,54","2,54","8,13","20,15","5,43","7,01","25,99","18,88","12,46","38,08","29,40","16,30","12,48","18,63","15,67","6,97","7,32","68,40","35,95","19,40","19,76","42,08","19,42","6,28","15,92","18,97","4,03","17,02","13,38","5,97","9,07","26,04","11,96","11,98","12,93","23,18",,"8,86","23,49","20,93","3,37","45,03","22,67","25,27","21,63","11,76","25,74","15,52","56,84","21,86","19,69","8,94","10,74","20,27","15,51","20,97","29,67","46,17","26,79","11,86","11,66","26,55","16,48","6,70","47,75","10,63","14,25","27,97","17,41","33,69","19,80"
23/08/2023 00:00:00,"12,07","19,23","3,38","12,66",,"11,88","32,31","71,93","12,71","20,55","10,32","11,82","22,05","10,58","30,12","15,38","31,05","4,22","5,94","6,29","3,16","2,70","31,95","7,04","17,63","13,98","10,56","13,01","2,53","8,30","20,46","5,51","7,26","26,13","19,11","12,61","37,99","29,62","16,32","12,46","18,67","15,83","6,97","7,32","70,35","35,68","19,65","19,92","42,85","19,45","6,40","16,05","19,21","4,00","17,04","13,56","5,88","9,39","26,22","12,09","12,55","13,00","23,20",,"9,16","24,83","22,05","3,41","45,78","22,74","25,42","22,07","11,99","25,83","16,00","58,33","22,11","19,54","8,80","10,62","20,66","15,64","21,44","31,94","45,82","26,84","13,06","11,62","26,91","16,53","6,67","48,10","10,82","14,08","28,37","17,37","33,67","20,05"
24/08/2023 00:00:00,"11,86","19,23","3,29","12,44",,"11,97","32,76","69,37","12,25","20,28","10,12","11,53","22,19","10,34","30,06","15,08","30,92","4,10","5,89","6,32","3,09","2,64","32,10","6,98","17,40","13,91","10,32","12,97","2,43","8,12","20,11","5,42","7,10","26,31","18,46","12,71","37,94","29,64","16,15","12,27","18,36","15,79","6,88","7,14","70,35","35,02","19,70","19,96","43,72","19,55","6,32","15,83","18,99","4,02","16,99","13,15","5,82","9,51","25,87","11,89","12,19","12,91","23,12",,"9,05","24,76","22,01","3,36","45,99","23,14","25,39","21,91","11,92","25,55","15,78","57,57","21,97","19,65","8,80","10,64","20,45","15,28","21,35","32,20","45,70","27,10","13,73","11,61","26,85","16,42","6,61","47,46","10,74","13,99","28,39","17,27","33,24","19,78"
25/08/2023 00:00:00,"11,69","18,96","3,12","11,99",,"11,94","32,09","66,36","12,07","20,02","10,06","11,39","22,19","10,09","29,68","15,03","31,12","4,07","5,48","6,30","3,08","2,54","31,92","7,04","17,28","13,98","10,25","12,27","2,27","8,20","19,58","5,28","7,04","26,51","18,25","12,43","37,48","29,19","15,65","12,10","18,33","15,70","6,79","7,13","68,85","34,99","19,28","19,90","43,86","19,48","6,25","15,69","18,69","3,91","17,15","12,94","5,57","9,29","25,02","11,66","11,48","12,19","22,53",,"8,78","24,57","21,86","3,37","46,32","23,10","25,15","21,46","11,70","25,16","15,69","55,36","21,94","19,78","8,53","10,60","19,29","15,57","20,27","33,50","46,21","27,00","13,18","11,64","26,52","16,47","6,57","47,36","10,29","13,89","27,62","17,15","33,59","18,96"
28/08/2023 00:00:00,"11,87","18,96","3,23","11,78",,"11,96","32,25","65,37","12,11","20,59","10,26","11,76","22,49","10,52","29,92","15,24","30,77","4,09","5,19","6,34","3,12","2,51","32,13","6,99","17,35","13,91","10,30","12,24","2,20","8,24","19,69","5,14","6,96","26,54","18,78","12,33","37,49","29,23","15,67","12,09","18,64","15,40","6,71","7,23","68,10","35,01","19,48","19,83","44,33","19,55","6,35","16,05","19,32","4,00","17,30","13,01","5,77","9,38","25,10","11,89","11,51","11,98","22,75",,"9,02","24,82","22,11","3,57","46,62","23,02","25,04","21,55","11,51","25,10","15,37","55,22","22,29","20,10","8,56","10,61","19,15","15,87","19,86","33,97","46,58","26,97","13,25","11,54","26,91","16,56","6,65","48,04","10,26","14,06","27,46","17,42","33,83","18,80"
29/08/2023 00:00:00,"11,92","19,10","3,25","11,58",,"12,12","32,32","63,85","12,14","20,71","10,34","11,89","22,71","8,60","30,55","15,71","31,30","4,25","5,22","6,39","3,19","2,52","32,27","6,99","17,50","13,83","10,49","12,17","2,34","8,40","19,84","5,18","7,02","26,79","18,81","12,38","37,85","29,70","15,67","12,17","18,99","15,89","6,81","7,42","69,00","35,26","19,60","19,44","46,14","19,61","6,41","16,21","19,63","4,06","17,49","13,01","6,38","9,42","25,10","12,03","11,82","11,93","22,75",,"8,92","24,91","22,16","3,59","45,78","23,06","25,87","21,67","11,54","25,46","15,69","55,91","22,89","20,33","8,50","10,62","19,52","16,15","20,01","34,53","47,37","27,13","12,34","11,87","27,27","16,77","6,72","49,58","10,47","14,35","27,52","17,72","33,71","18,61"
30/08/2023 00:00:00,"11,85","18,87","3,20","11,45",,"12,11","31,99","64,24","11,83","20,41","10,21","11,64","22,52","8,30","30,29","15,76","31,63","4,23","5,04","6,49","3,28","2,51","32,14","6,98","17,58","13,67","10,55","12,16","2,74","8,40","19,51","5,14","6,86","26,69","19,07","12,11","37,25","29,83","15,27","12,06","19,13","15,96","6,79","7,42","67,05","34,64","19,44","19,46","43,74","19,47","6,32","15,96","19,25","3,98","17,38","12,80","6,32","9,28","25,02","11,90","11,59","11,68","22,56",,"8,85","24,89","22,31","3,60","45,74","22,66","25,70","21,44","11,45","24,67","15,65","55,76","22,58","20,25","8,43","10,56","19,54","16,08","19,14","34,58","47,07","27,03","12,01","11,66","27,15","16,67","6,73","49,59","10,53","14,29","26,79","17,41","33,53","18,76"
31/08/2023 00:00:00,"11,56","18,16","3,08","11,25",,"11,78","31,04","61,35","11,57","20,09","10,09","11,48","22,22","8,11","29,93","15,73","32,34","4,26","4,90","6,34","3,23","2,48","31,63","6,90","16,92","13,35","10,43","11,75","2,48","8,34","18,98","5,05","6,70","26,54","19,24","11,92","36,75","29,24","14,49","11,90","19,12","15,70","6,32","7,36","63,90","34,03","18,94","18,69","41,72","19,30","6,19","15,77","19,09","3,85","17,22","12,48","6,35","9,14","23,65","11,57","10,99","11,36","21,74",,"8,75","24,22","21,84","3,43","46,35","22,28","25,56","21,17","11,20","24,68","15,63","55,57","22,24","19,90","8,39","10,41","18,86","15,72","18,68","33,16","46,45","26,55","11,78","11,41","26,42","16,16","6,65","49,66","10,36","13,89","25,32","17,13","33,15","18,36"
01/09/2023 00:00:00,"11,59","18,34","3,22","11,49",,"12,04","31,15","63,97","11,62","20,23","10,06","11,51","22,69","8,26","29,78","16,52","32,62","4,50","5,15","6,41","3,29","2,56","32,24","7,00","17,31","13,81","10,61","11,86","2,59","8,61","19,27","5,19","6,90","26,55","19,55","12,05","37,15","29,46","14,52","11,87","19,23","16,05","6,56","7,45","66,45","34,73","19,59","19,11","40,70","19,20","6,25","15,83","19,25","3,87","17,46","13,06","6,31","8,98","24,50","11,76","11,48","11,79","22,16",,"8,83","25,02","22,31","3,61","46,87","22,28","25,62","21,48","11,86","24,86","15,90","55,99","22,43","19,97","8,56","10,56","19,54","15,86","19,84","34,19","47,32","27,11","12,36","11,50","26,47","16,38","6,70","52,57","10,58","14,25","26,40","17,33","33,21","19,03"
04/09/2023 00:00:00,"11,58","18,31","3,07","11,87",,"12,02","31,01","63,82","11,69","20,16","10,02","11,46","22,95","8,64","29,29","16,74","32,27","4,61","5,02","6,39","3,32","2,50","32,68","6,97","17,17","13,79","10,86","11,55","2,58","8,88","18,99","5,10","6,88","26,64","19,72","11,96","37,54","29,58","14,21","11,90","19,36","15,81","6,59","7,52","66,75","34,91","19,89","19,11","42,21","19,18","6,19","15,83","19,08","3,87","17,53","12,80","6,29","8,73","23,82","11,70","11,24","11,60","22,27",,"8,96","24,68","22,08","3,60","46,54","22,21","25,71","21,41","11,80","25,06","16,11","55,66","22,32","20,25","8,53","10,58","19,54","15,84","19,78","34,59","47,20","27,07","11,72","11,51","26,61","16,32","6,76","52,96","10,78","14,24","26,69","17,31","33,38","18,54"
05/09/2023 00:00:00,"11,71","18,23","2,83","12,38",,"11,92","30,74","62,35","11,43","20,09","9,90","11,21","22,90","8,68","29,00","16,53","32,64","4,66","4,97","6,31","3,26","2,43","32,44","6,93","17,11","13,62","10,68","11,49","2,43","8,57","18,52","4,99","6,83","26,47","19,19","11,78","36,91","28,93","13,88","11,67","19,07","15,46","6,57","7,38","66,15","34,38","19,38","19,10","41,99","18,80","6,11","15,54","18,79","3,84","17,34","12,51","6,28","8,47","23,05","11,52","10,95","11,54","22,22",,"8,96","25,81","22,82","3,60","47,41","22,21","25,57","20,92","11,82","24,74","15,23","54,65","22,07","20,12","8,52","10,53","19,13","15,73","19,31","35,27","46,93","26,63","11,49","11,34","26,41","16,31","6,67","52,73","10,22","14,15","25,86","17,24","33,17","17,91"
06/09/2023 00:00:00,"11,68","17,98","2,89","12,11",,"11,96","30,08","59,78","11,22","19,95","9,76","11,06","22,74","8,42","28,54","16,34","32,01","4,68","4,99","6,23","3,23","2,47","31,48","6,86","16,86","13,41","10,49","11,26","2,31","8,53","18,16","4,92","6,82","25,99","19,16","11,95","36,09","28,35","13,67","11,66","18,78","15,03","6,46","7,27","66,00","33,64","18,74","18,95","40,11","18,70","6,03","15,43","18,61","3,78","16,97","12,13","6,26","7,98","22,19","11,39","10,87","11,61","21,81",,"8,93","25,94","22,92","3,62","46,71","22,22","24,95","20,72","11,75","24,39","14,68","53,23","21,90","19,83","8,62","10,40","18,42","15,57","18,47","35,28","46,18","26,40","11,60","11,39","26,44","16,32","6,69","51,88","9,49","14,05","25,18","17,36","32,84","18,32"
08/09/2023 00:00:00,"11,45","18,03","2,80","11,85",,"11,93","30,26","58,59","11,22","19,89","9,76","11,06","22,75","8,40","28,27","15,98","31,74","4,48","4,88","6,26","3,17","2,45","31,61","6,86","16,73","13,42","10,28","11,36","2,34","8,58","18,25","4,97","6,81","26,06","18,20","11,76","36,26","28,77","13,73","11,62","18,72","15,00","6,34","7,20","65,55","33,55","18,63","18,79","39,62","18,67","6,03","15,47","18,64","3,85","16,73","12,09","6,51","8,32","21,50","11,39","10,77","11,71","21,92",,"9,02","25,74","22,84","3,59","47,41","22,30","24,94","20,92","11,50","24,33","14,89","53,02","21,74","20,06","8,44","10,37","18,24","15,48","18,72","35,38","45,19","26,59","11,84","11,43","26,38","16,35","6,60","50,91","9,42","13,72","25,57","17,41","32,70","18,78"
11/09/2023 00:00:00,"11,59","18,43","2,87","11,84",,"12,03","30,94","59,65","11,55","20,21","9,90","11,26","23,25","8,26","28,56","15,77","31,78","4,50","4,91","6,37","3,30","2,47","31,77","6,97","17,05","13,60","10,45","11,80","2,37","8,72","18,78","5,08","7,00","26,42","18,08","11,98","36,67","29,37","14,53","11,78","18,90","15,15","6,39","7,35","66,60","34,41","18,99","19,04","40,45","18,80","6,18","15,70","19,11","3,94","16,97","12,27","6,39","8,10","21,85","11,56","10,98","11,82","22,12",,"9,23","25,56","22,82","3,60","47,63","22,72","25,31","20,97","11,50","25,30","14,82","53,80","22,12","20,48","8,55","10,61","18,51","15,48","18,99","35,28","46,28","26,94","12,43","11,65","26,69","16,87","6,67","51,64","9,51","13,96","25,66","17,67","32,59","18,82"
12/09/2023 00:00:00,"11,46","18,98","2,93","12,47",,"12,07","31,58","61,07","11,78","20,32","10,00","11,40","23,36","8,30","29,18","15,80","32,33","4,67","5,05","6,44","3,24","2,46","32,11","7,04","17,23","13,69","10,47","12,00","2,46","8,76","19,06","5,11","6,99","26,59","17,88","12,10","37,86","29,85","15,04","11,97","19,03","15,31","6,65","7,40","69,60","35,26","19,50","19,49","41,69","18,70","6,21","15,81","19,22","4,00","17,21","12,47","6,52","8,36","22,45","11,65","11,27","12,05","22,38",,"9,49","25,84","22,93","3,66","48,03","22,79","25,82","21,56","11,55","25,05","14,88","54,62","22,25","20,77","8,78","10,70","18,73","15,82","19,72","35,96","46,56","27,00","13,00","11,80","27,26","17,00","6,59","51,60","9,84","14,24","25,77","17,79","32,93","18,58"
13/09/2023 00:00:00,"11,40","19,10","2,96","12,44",,"12,07","32,09","62,50","11,82","20,30","10,03","11,45","23,34","8,41","30,27","15,69","31,63","4,60","5,13","6,47","3,23","2,45","32,28","7,10","17,25","13,96","10,38","11,95","2,44","8,89","19,08","5,02","6,95","26,62","18,04","12,11","38,59","30,62","14,76","11,94","18,75","15,53","6,96","7,36","68,70","34,98","19,61","19,79","42,53","18,44","6,21","15,94","19,32","4,04","17,19","12,66","6,41","8,33","22,45","11,56","11,37","12,16","22,60",,"9,46","25,51","22,59","3,57","48,12","23,09","25,90","22,09","11,38","25,30","14,56","55,29","22,19","20,79","8,70","10,80","19,08","15,73","19,85","35,86","46,54","27,00","12,56","11,80","27,33","16,31","6,57","51,40","9,79","14,22","25,74","17,75","34,12","19,01"
14/09/2023 00:00:00,"11,31","19,24","3,04","12,23",,"12,22","32,18","62,72","11,90","20,36","10,07","11,49","23,18","8,37","30,98","16,50","32,31","4,61","5,06","6,53","3,34","2,43","32,65","7,16","17,80","14,08","10,76","11,71","2,39","8,81","18,62","5,01","7,04","26,73","17,56","12,09","38,72","30,84","14,58","11,83","18,97","15,60","6,86","7,40","67,50","34,04","19,63","19,73","42,40","18,62","6,25","15,95","19,24","4,05","17,26","12,51","6,32","8,38","22,10","11,59","11,32","12,06","23,01",,"9,56","26,26","23,16","3,51","49,17","23,08","25,85","22,68","11,36","24,67","15,01","54,31","22,15","20,73","8,72","11,02","19,09","15,73","19,71","36,12","47,45","27,11","12,48","11,84","27,67","16,68","6,67","53,51","9,92","14,57","26,09","18,05","33,33","18,84"
15/09/2023 00:00:00,"11,21","18,79","2,99","12,04",,"12,20","31,46","61,03","11,81","20,43","10,01","11,47","23,14","8,28","30,24","16,64","32,55","4,89","4,75","6,59","3,38","2,35","32,98","7,27","17,92","14,29","10,70","11,67","2,30","8,88","18,33","4,92","6,67","27,00","17,49","12,33","40,62","31,36","14,00","11,93","19,07","15,45","6,97","7,44","66,15","32,80","19,26","18,76","39,33","18,61","6,25","15,99","19,20","4,04","17,49","12,13","6,21","8,35","21,25","11,71","10,71","11,70","22,15",,"9,60","25,87","23,17","3,55","49,32","23,30","25,67","22,59","11,14","24,79","15,15","52,98","21,61","20,73","8,76","10,79","18,71","15,65","19,08","37,20","48,65","27,42","12,15","11,77","28,09","16,94","6,71","53,06","9,38","14,49","25,72","18,00","33,35","18,25"
18/09/2023 00:00:00,"11,19","18,72","2,89","11,88",,"12,06","31,34","60,89","11,71","20,34","10,03","11,47","23,28","8,35","29,73","16,19","31,99","4,72","4,78","6,58","3,37","2,39","33,10","7,15","17,90","14,03","10,67","11,77","2,27","8,82","18,45","4,92","6,73","26,78","17,72","11,96","40,04","30,64","14,25","11,94","18,44","15,46","6,62","7,19","66,30","33,55","19,17","18,80","39,62","18,58","6,26","16,00","19,15","3,87","17,46","12,02","6,11","8,50","22,10","11,83","11,00","11,51","22,00",,"9,52","26,19","23,34","3,48","48,08","23,08","25,58","22,49","11,10","24,43","15,11","52,68","21,74","20,61","8,71","10,89","17,90","15,55","19,43","37,38","48,20","27,29","12,36","12,00","26,94","17,06","6,57","52,44","8,84","14,54","25,40","18,35","33,06","19,12"
19/09/2023 00:00:00,"11,22","18,52","2,90","11,69",,"12,03","31,19","60,24","11,56","20,31","9,95","11,34","23,17","8,32","28,95","16,15","32,02","4,68","4,69","6,64","3,36","2,33","32,85","7,19","17,77","13,41","10,69","11,65","2,23","8,81","18,24","4,82","6,82","26,81","17,32","11,93","39,62","30,73","13,94","11,91","18,19","15,25","6,60","7,15","67,50","33,01","19,15","18,26","39,03","18,51","6,23","16,05","19,10","3,89","17,59","11,37","6,36","8,67","21,59","11,95","11,03","11,15","22,07",,"9,48","26,19","23,39","3,43","48,63","23,22","25,12","22,50","11,04","23,94","15,05","52,62","21,55","20,48","8,82","10,93","17,82","15,43","19,13","37,25","48,88","27,18","12,21","12,12","25,62","16,68","6,52","52,54","8,80","14,39","25,12","18,49","33,24","18,32"
20/09/2023 00:00:00,"11,26","18,75","2,91","11,77",,"12,07","31,80","59,76","11,75","20,49","9,96","11,39","23,55","8,28","28,63","16,34","31,95","4,76","4,97","6,77","3,43","2,35","33,13","7,22","17,88","13,60","10,69","12,05","2,40","8,87","18,63","4,87","6,78","27,35","17,69","12,16","39,88","30,97","14,07","12,13","18,47","15,36","6,57","7,25","66,45","32,98","19,32","18,04","39,32","18,59","6,29","16,19","19,42","3,90","18,20","11,42","6,25","8,64","21,59","11,88","11,02","11,38","22,13",,"9,52","26,23","23,45","3,42","48,63","23,29","25,29","22,62","10,87","23,68","14,69","52,49","21,79","20,60","8,97","10,87","18,03","15,44","19,21","36,46","50,83","27,25","12,32","12,15","25,72","16,87","6,53","52,89","9,07","14,58","25,54","18,63","33,06","18,19"
21/09/2023 00:00:00,"11,06","18,27","2,59","11,43",,"11,96","30,77","56,35","11,27","20,02","9,53","10,96","23,23","7,98","28,42","15,85","30,88","4,70","4,76","6,66","3,48","2,24","33,10","7,20","17,42","13,54","10,54","11,69","2,27","8,82","18,10","4,65","6,59","27,07","17,33","11,88","39,31","30,61","13,57","12,17","18,04","14,93","6,37","7,04","63,90","32,51","18,67","17,64","38,56","18,62","6,16","15,81","18,98","3,82","18,30","10,86","6,12","8,50","20,13","11,69","10,40","10,83","21,70",,"9,31","25,85","23,09","3,32","46,37","23,19","24,99","22,24","10,62","22,82","14,16","51,40","21,40","20,64","9,12","11,09","17,59","15,36","18,68","35,39","51,87","27,16","11,82","12,00","25,08","16,66","6,36","51,51","8,93","14,70","25,04","18,43","32,31","17,69"
22/09/2023 00:00:00,"10,96","18,18","2,28","11,11",,"11,96","31,04","55,31","11,13","20,06","9,54","10,88","23,21","7,95","28,60","15,88","30,57","4,65","4,67","6,63","3,53","2,24","33,06","7,24","17,36","13,20","10,43","11,67","2,26","8,63","17,63","4,52","6,49","27,03","17,32","11,71","38,98","30,37","13,23","12,13","17,94","14,93","6,44","6,99","64,20","32,38","18,72","17,64","39,32","18,50","6,11","15,67","18,93","3,80","18,18","10,82","6,03","8,26","19,19","11,69","10,31","10,68","21,90",,"9,32","26,04","23,27","3,38","46,69","23,08","25,52","22,20","10,67","22,76","13,80","51,09","21,39","20,66","9,03","11,03","17,18","15,43","18,48","35,35","51,29","27,12","11,29","12,08","25,16","16,58","6,37","51,89","8,58","14,41","24,91","18,21","31,95","17,40"
25/09/2023 00:00:00,"11,05","18,31","2,28","11,04",,"11,81","31,58","55,05","11,14","19,94","9,50","10,85","23,42","7,87","28,49","15,55","30,96","4,62","4,60","6,66","3,48","2,23","33,01","7,31","17,14","13,31","10,38","11,25","2,39","8,78","17,40","4,43","6,57","26,83","16,88","11,80","38,97","30,25","13,12","12,36","18,04","14,80","6,37","7,02","65,70","32,73","18,73","17,71","40,24","18,43","6,14","15,73","18,98","3,82","18,12","10,75","5,98","8,16","18,42","11,81","10,23","10,38","21,66",,"9,28","26,21","23,42","3,32","46,90","23,17","25,17","22,16","10,52","22,69","13,47","50,84","21,37","20,37","9,16","11,03","16,89","15,54","18,51","35,61","51,13","26,97","10,91","12,18","25,66","16,58","6,28","50,82","8,61","14,45","24,97","18,35","33,43","17,16"
26/09/2023 00:00:00,"10,90","17,58","2,28","10,94",,"11,83","31,87","53,37","10,89","19,66","9,36","10,73","23,28","7,86","27,85","15,39","30,33","4,42","4,49","6,52","3,44","2,18","32,36","7,18","16,69","13,11","10,34","11,09","2,40","8,61","16,93","4,45","6,37","26,39","16,90","11,72","37,77","29,91","12,64","12,19","18,07","14,45","6,25","6,96","63,90","32,32","18,08","17,75","40,30","18,12","6,04","15,54","18,70","3,76","17,90","10,25","6,00","8,10","17,99","11,60","9,87","10,02","21,06",,"9,10","25,48","22,88","3,18","46,85","22,89","25,03","21,65","10,57","22,01","13,02","50,38","21,21","20,01","9,07","10,79","16,54","15,21","17,95","34,88","50,34","26,76","10,72","12,06","25,15","16,10","6,25","50,03","8,50","14,12","24,19","18,31","33,39","17,12"
27/09/2023 00:00:00,"10,84","17,50","2,24","11,22",,"11,85","31,16","52,97","10,86","19,83","9,36","10,70","23,01","7,86","27,56","15,31","30,87","4,37","4,57","6,46","3,47","2,16","31,80","6,99","16,27","12,79","10,28","11,23","2,47","8,50","16,83","4,49","6,41","25,87","16,73","11,84","37,33","29,46","12,39","12,16","18,08","14,28","6,24","7,02","64,65","31,91","18,05","17,69","39,82","17,66","6,01","15,52","18,67","3,74","18,01","10,19","6,05","7,95","17,48","11,59","9,82","9,99","21,00",,"9,00","26,43","23,61","3,28","48,22","22,62","25,21","21,13","10,72","21,46","13,62","49,72","20,97","19,83","8,55","10,60","16,23","15,15","18,18","34,96","50,08","26,70","11,05","11,96","25,19","16,28","6,30","50,13","8,38","14,20","24,16","18,02","33,33","17,01"
28/09/2023 00:00:00,"10,85","17,76","2,46","11,82",,"11,78","31,95","55,20","11,02","20,46","9,56","10,96","23,18","7,86","28,32","15,61","30,58","4,45","4,81","6,47","3,53","2,24","31,64","7,11","16,32","12,94","10,37","11,95","2,65","8,71","17,00","4,72","6,76","26,08","16,93","12,09","37,67","29,68","12,50","12,34","17,97","14,50","6,38","7,00","67,05","32,06","18,36","18,03","40,55","18,02","6,12","15,76","19,16","3,75","17,86","10,60","6,07","8,22","17,56","11,90","10,01","10,28","21,41",,"9,06","26,30","23,56","3,26","47,16","22,91","25,50","21,58","10,85","21,48","13,70","50,61","21,34","19,79","8,87","10,66","16,68","15,28","18,88","35,58","49,85","26,83","11,40","11,96","25,48","16,54","6,36","50,90","8,56","14,49","24,66","18,07","33,67","17,66"
29/09/2023 00:00:00,"10,95","18,02","2,60","11,79",,"11,89","32,47","56,39","11,09","20,27","9,66","10,99","22,82","7,81","28,64","15,88","31,02","4,55","5,04","6,48","3,66","2,26","31,13","7,16","16,56","13,14","10,46","12,10","2,57","8,62","17,14","4,78","6,87","26,11","17,00","12,06","37,27","29,61","12,37","12,35","17,85","14,61","6,42","6,94","70,50","32,68","18,62","17,68","42,73","18,12","6,14","15,79","19,13","3,85","18,02","10,58","6,11","8,31","18,16","11,97","10,52","10,67","21,78",,"9,19","26,56","23,69","3,30","46,96","22,66","25,69","21,62","10,91","21,89","14,13","51,88","21,37","20,08","8,86","10,97","17,10","15,39","19,50","36,03","50,27","26,83","12,09","11,93","25,71","16,68","6,42","51,57","8,62","14,56","25,03","18,01","33,56","17,91"
02/10/2023 00:00:00,"10,94","17,56","2,60","11,63",,"11,89","31,88","55,49","10,83","20,21","9,50","10,84","23,36","7,94","28,24","15,70","30,42","4,42","4,69","6,46","3,61","2,21","31,29","7,16","15,88","12,97","10,36","12,02","2,45","8,61","16,86","4,72","6,76","25,85","16,93","11,86","36,67","29,40","11,95","12,77","17,59","14,60","6,34","6,88","68,55","31,78","18,21","17,51","40,47","17,95","6,03","15,65","18,95","3,69","18,05","10,15","6,15","8,01","17,22","11,73","10,01","9,97","21,58",,"9,03","26,06","23,33","3,26","45,33","22,57","25,47","21,26","10,62","21,44","13,99","50,06","21,26","19,97","8,94","10,88","16,46","15,24","19,49","35,64","50,21","26,79","11,88","11,94","25,89","16,27","6,35","51,12","7,90","14,43","24,78","18,23","33,45","17,91"
03/10/2023 00:00:00,"10,90","17,16","2,45","11,14",,"11,81","31,07","53,57","10,37","19,95","9,36","10,71","23,42","7,85","27,73","15,54","29,82","4,28","4,32","6,31","3,57","2,16","30,87","7,03","15,60","12,61","10,17","11,70","2,39","8,68","16,19","4,52","6,43","25,61","16,70","11,26","35,76","29,14","11,53","13,04","17,22","14,26","6,23","6,72","64,80","30,91","17,87","16,98","39,62","17,59","5,97","15,51","18,71","3,62","18,16","9,89","6,08","7,82","15,76","11,33","9,55","9,44","21,00",,"8,69","25,75","23,23","3,15","45,10","22,48","25,23","20,53","10,27","20,85","13,41","48,82","21,08","19,46","8,77","10,81","15,71","15,10","18,68","35,41","51,20","26,27","11,52","11,83","25,01","16,26","6,27","50,81","7,66","14,31","24,24","18,24","32,55","17,53"
04/10/2023 00:00:00,"11,04","17,65","2,38","11,27",,"11,77","31,16","56,88","10,70","20,10","9,62","11,07","23,55","7,86","28,42","15,24","28,94","4,25","4,67","6,38","3,51","2,21","31,05","6,96","15,74","12,85","9,96","11,71","2,57","8,62","16,65","4,57","6,52","25,81","16,50","11,38","35,91","29,03","11,65","12,92","17,01","14,24","6,29","6,64","65,55","31,37","18,38","17,27","41,01","17,63","6,03","15,78","19,14","3,69","18,07","10,21","5,91","7,90","16,19","11,36","9,72","9,43","21,37",,"8,94","24,97","22,31","3,25","43,83","22,66","25,77","20,58","10,57","21,14","13,04","49,21","21,38","19,50","8,71","10,94","15,65","14,90","19,18","34,57","50,94","26,59","11,63","11,95","25,52","16,42","6,21","50,26","7,74","14,64","25,45","18,44","32,54","18,86"
05/10/2023 00:00:00,"10,77","17,60","2,35","11,27",,"11,74","30,74","56,31","10,59","20,16","9,65","11,12","23,36","7,79","28,40","15,29","28,04","4,15","4,54","6,37","3,52","2,19","31,01","6,86","15,42","12,87","9,87","11,42","2,66","8,68","16,24","4,35","6,55","25,67","16,46","11,32","35,29","28,93","11,30","12,80","16,77","14,23","6,09","6,56","62,40","31,27","18,34","16,95","41,48","17,49","6,05","16,02","19,45","3,56","17,80","10,05","5,88","7,52","15,51","11,37","9,50","9,09","21,35",,"8,96","24,87","22,38","3,20","43,64","22,80","25,73","20,44","10,32","20,90","12,81","49,17","21,89","19,49","8,81","10,88","15,77","14,55","18,94","33,94","51,18","26,59","10,59","12,16","25,37","16,28","6,13","50,29","7,69","14,55","25,19","18,65","32,37","18,84"
06/10/2023 00:00:00,"11,02","17,70","2,29","11,39",,"11,68","30,63","55,30","10,69","20,98","9,65","11,14","23,45","7,85","28,51","15,37","27,95","4,17","4,64","6,33","3,51","2,12","30,84","6,89","15,31","12,89","9,92","11,31","2,59","8,68","15,99","4,38","6,48","25,62","16,50","11,20","35,02","28,75","11,04","12,67","16,77","14,37","6,03","6,54","60,60","30,96","18,34","16,91","41,23","17,27","6,10","16,17","19,63","3,57","17,78","9,94","5,88","7,53","15,25","11,37","9,21","9,00","21,64",,"8,95","25,50","22,91","3,25","44,47","22,85","26,03","20,64","10,32","20,88","13,02","48,34","22,30","19,42","8,54","10,82","15,52","14,52","18,72","34,06","52,05","26,51","10,08","12,14","25,25","16,47","6,12","51,02","7,47","14,66","25,32","18,70","32,20","17,39"
09/10/2023 00:00:00,"11,01","18,16","2,31","11,20",,"11,91","31,21","55,96","10,63","20,87","9,65","11,04","23,31","7,82","28,29","15,38","29,63","4,19","4,56","6,46","3,51","2,13","31,16","6,95","15,68","13,11","9,82","11,39","2,67","8,67","16,13","4,49","6,65","25,89","16,58","11,45","35,40","29,03","11,15","12,69","16,66","14,38","6,02","6,51","61,20","31,13","18,72","16,82","41,71","17,12","6,03","16,06","19,46","3,65","17,80","10,01","5,89","7,59","15,93","11,65","9,21","9,28","22,12",,"9,06","26,54","23,90","3,29","48,37","22,77","25,86","20,91","10,12","21,10","14,16","48,46","22,50","20,35","8,69","11,01","15,77","14,85","19,22","34,71","52,51","26,38","10,43","12,19","25,71","16,87","6,05","50,65","7,71","14,95","25,72","18,95","32,25","17,70"
10/10/2023 00:00:00,"11,07","18,79","2,52","11,74",,"12,09","31,93","58,68","10,88","20,84","9,73","11,16","23,13","7,87","28,66","15,41","30,28","4,30","4,84","6,52","3,56","2,23","31,60","7,13","16,07","13,17","10,01","11,83","3,11","8,71","16,68","4,63","6,93","26,20","17,17","11,71","36,15","29,81","11,26","13,00","16,71","14,55","6,13","6,54","63,90","31,83","19,18","17,22","42,73","17,08","6,11","16,12","19,44","3,71","17,65","10,26","6,04","7,94","17,05","11,85","9,30","9,48","22,55",,"9,45","26,82","24,08","3,25","48,17","22,64","26,20","21,72","10,43","21,66","14,50","49,68","22,77","20,38","8,97","11,23","16,00","14,94","19,98","35,51","52,28","26,52","10,71","12,26","26,19","17,38","6,09","50,96","8,10","15,62","26,22","19,22","32,67","18,78"
11/10/2023 00:00:00,"11,11","19,09","2,55","11,79",,"12,09","32,16","57,92","10,86","21,04","9,82","11,32","23,22","7,85","29,40","15,59","30,76","4,31","4,85","6,54","3,63","2,23","31,76","7,12","16,06","13,16","10,14","11,42","3,03","8,81","16,67","4,49","6,98","26,17","17,25","11,64","36,28","29,50","11,26","13,00","16,65","14,37","5,97","6,55","63,45","31,60","19,50","14,94","39,79","17,01","6,20","16,25","19,69","3,74","17,58","10,34","6,01","8,02","16,36","11,82","9,23","9,43","22,63",,"9,29","26,73","24,02","3,14","47,52","22,58","26,13","21,86","10,22","20,94","14,66","49,25","22,95","20,45","8,88","11,18","15,63","15,01","20,04","35,23","52,46","26,41","10,21","12,19","26,17","17,60","6,13","51,40","7,93","15,51","25,83","19,38","32,55","18,38"
13/10/2023 00:00:00,"10,85","18,64","2,49","11,26",,"12,03","31,14","55,41","10,47","20,97","9,68","11,16","22,89","7,65","28,54","15,25","31,74","4,37","4,58","6,34","3,64","2,13","30,74","6,97","15,57","13,02","10,03","11,22","2,92","8,77","16,01","4,35","6,58","25,73","16,79","11,33","34,93","28,42","10,75","12,60","16,51","13,80","5,83","6,47","60,30","29,96","19,26","14,43","38,77","16,88","6,06","16,19","19,48","3,67","17,84","10,02","5,87","7,69","15,59","11,39","8,78","9,04","22,39",,"9,02","27,57","24,81","3,04","49,92","22,26","25,87","21,32","10,12","19,69","14,65","47,66","22,54","20,87","8,80","11,02","14,90","14,61","18,75","35,21","54,23","26,01","9,95","12,19","25,48","17,66","6,05","50,81","7,56","15,30","25,20","19,26","31,96","17,68"
16/10/2023 00:00:00,"10,87","18,77","2,67","11,41",,"11,98","31,35","55,17","10,60","21,40","9,78","11,27","23,17","7,63","28,42","15,43","31,67","4,33","4,69","6,39","3,71","2,14","30,75","6,95","15,42","13,09","10,05","11,24","2,92","8,72","16,15","4,46","6,56","25,93","17,36","11,11","35,14","28,52","10,89","12,71","16,67","13,74","5,82","6,54","60,00","30,45","19,22","15,20","38,92","16,92","6,12","16,14","19,51","3,64","17,83","10,23","5,93","7,72","15,34","11,36","8,81","9,29","22,39",,"8,97","27,84","25,08","3,16","49,72","22,36","25,95","21,37","10,29","20,07","14,97","47,27","22,48","21,03","8,71","11,29","14,99","14,75","18,68","35,50","53,13","26,23","10,18","12,43","25,60","17,98","6,06","51,36","7,56","15,30","25,28","19,41","32,06","18,04"
17/10/2023 00:00:00,"10,70","18,53","2,56","11,21",,"11,96","30,73","54,50","10,17","21,20","9,68","11,16","23,12","7,53","27,88","15,47","32,34","4,15","4,67","6,27","3,72","2,06","30,28","6,84","15,27","12,64","10,04","10,90","2,80","8,67","15,80","4,36","6,40","25,66","17,46","10,86","34,83","28,28","10,53","12,56","16,51","13,62","5,73","6,49","58,95","29,88","18,76","14,99","38,61","16,89","5,99","15,97","19,22","3,51","17,89","10,11","5,70","7,75","14,48","11,19","8,72","9,23","21,92",,"8,82","28,47","25,76","3,25","50,12","22,21","25,78","20,76","10,25","19,99","14,61","46,95","21,96","20,41","8,61","11,02","14,66","14,48","18,33","34,92","53,22","25,98","10,36","12,33","25,45","17,63","5,99","51,78","7,64","15,12","24,77","19,07","31,72","17,29"
18/10/2023 00:00:00,"10,47","17,54","2,37","10,49",,"11,66","29,73","51,66","10,04","21,10","9,57","11,06","23,32","7,44","27,08","15,08","32,07","3,99","4,51","6,10","3,59","2,03","29,72","6,65","14,99","12,34","9,74","10,64","2,71","8,54","15,25","4,16","6,26","25,29","17,60","10,78","34,83","27,77","9,99","12,25","16,02","13,31","5,56","6,29","57,00","29,82","17,68","14,77","38,57","16,87","5,93","15,75","18,82","3,33","17,55","9,66","5,61","7,50","14,82","10,96","8,31","8,30","21,11",,"8,54","29,14","26,34","3,10","50,12","21,93","24,51","20,18","9,96","19,66","14,70","45,25","21,75","19,84","8,53","10,70","13,81","14,19","17,84","34,24","51,94","26,09","9,73","12,34","24,82","17,58","5,97","49,88","7,16","14,68","24,05","19,12","31,73","16,68"
19/10/2023 00:00:00,"10,46","17,52","2,28","10,65",,"11,67","29,76","50,94","9,93","21,26","9,63","11,11","23,30","7,20","26,97","14,87","31,42","3,88","4,56","6,15","3,60","2,03","30,57","6,80","15,11","12,35","9,69","10,77","2,56","8,79","15,44","4,18","6,29","25,59","17,60","10,90","35,97","28,31","10,02","12,33","16,00","13,35","5,78","6,32","57,30","29,76","17,62","15,16","38,75","16,96","5,97","15,87","19,04","3,29","17,53","9,74","5,43","7,54","13,79","11,05","8,23","8,24","21,46",,"8,50","28,93","26,22","3,06","49,95","21,96","24,61","20,53","10,53","20,05","14,71","45,25","21,99","19,53","8,45","10,86","13,70","14,34","17,79","34,29","51,84","26,22","9,69","12,35","24,89","17,56","5,90","49,16","7,07","14,86","24,01","19,09","31,41","16,81"
20/10/2023 00:00:00,"10,44","17,56","2,25","10,74",,"11,77","30,03","51,14","10,06","21,20","9,51","10,90","22,99","7,17","26,95","14,43","31,32","3,79","4,55","6,17","3,54","2,03","30,43","6,79","14,98","12,25","9,38","10,58","2,50","8,87","15,46","4,17","6,23","25,60","17,52","11,00","36,07","28,63","9,95","12,38","15,86","13,64","5,71","6,24","58,05","29,69","17,65","15,48","39,31","17,15","5,96","15,85","18,97","3,35","17,08","9,65","5,42","7,60","13,19","10,94","8,16","8,14","21,49",,"8,54","28,61","25,88","3,06","49,62","21,89","24,29","20,43","10,34","20,29","14,59","45,18","21,83","19,91","8,71","10,69","13,72","14,17","17,78","33,95","50,84","26,21","9,57","12,17","24,50","17,63","5,75","47,83","7,10","15,06","24,13","18,83","31,29","16,48"
23/10/2023 00:00:00,"10,43","18,24","2,36","11,16",,"11,72","30,09","52,18","10,21","21,17","9,52","10,92","22,93","7,12","27,99","14,46","31,54","3,85","4,64","6,22","3,62","2,12","30,43","6,97","15,14","12,44","9,44","11,01","2,73","8,87","15,65","4,25","6,42","25,72","17,67","11,19","36,26","29,04","10,28","12,69","16,09","14,05","5,84","6,36","60,00","29,79","18,39","15,68","39,54","17,32","5,95","15,79","18,99","3,40","16,97","9,79","5,45","7,69","12,94","11,34","8,23","8,57","22,09",,"8,66","26,89","24,17","3,15","48,76","21,80","24,70","21,25","10,58","20,76","14,58","45,82","22,31","20,05","8,98","10,99","13,81","14,26","18,02","34,28","50,38","26,31","10,09","12,15","24,52","17,55","5,73","47,74","7,19","15,12","24,91","18,80","31,37","16,62"
24/10/2023 00:00:00,"10,46","18,61","2,44","11,03",,"11,64","30,47","52,54","10,47","21,07","9,54","10,92","22,96","7,25","28,45","14,80","32,23","3,80","4,71","6,23","3,72","2,15","30,38","7,01","15,63","12,48","9,59","11,19","2,88","8,95","15,80","4,30","6,56","25,55","17,56","11,23","36,26","29,27","10,12","12,76","15,94","14,21","5,74","6,29","61,20","29,95","18,93","16,43","39,27","17,28","5,99","15,76","18,99","3,49","16,74","9,77","5,51","7,81","12,08","11,37","8,27","8,66","22,69",,"8,77","27,30","24,54","3,01","48,77","21,99","24,58","21,06","10,60","20,45","14,41","46,61","22,88","20,46","9,12","10,92","13,85","14,40","18,37","34,17","48,63","26,31","10,14","12,22","24,38","17,71","5,77","48,83","7,09","15,31","25,19","19,15","32,40","16,72"
25/10/2023 00:00:00,"10,40","18,61","2,28","10,69",,"11,53","30,19","51,32","10,41","21,07","9,48","10,89","22,87","7,11","28,44","14,62","31,77","3,69","4,58","6,19","3,65","2,11","30,40","6,96","15,45","12,42","9,51","10,92","2,90","8,85","15,57","4,24","6,42","25,35","17,42","11,04","36,39","29,20","9,83","12,60","15,88","14,01","5,65","6,27","58,05","29,21","18,63","16,70","38,45","17,21","5,94","15,73","19,02","3,36","16,76","9,75","5,44","7,72","12,34","11,16","7,88","8,24","22,28",,"8,71","27,38","24,67","2,97","48,28","22,38","24,15","20,89","10,38","19,35","14,41","45,50","22,48","20,18","8,62","10,80","13,35","14,43","17,83","33,99","48,71","26,25","9,82","12,17","24,28","17,95","5,67","48,78","6,79","15,36","24,08","19,01","29,12","16,48"
26/10/2023 00:00:00,"10,55","18,61","2,41","11,34",,"11,68","30,92","53,04","10,59","21,51","9,70","11,16","22,91","7,33","28,69","14,97","31,99","3,77","4,79","6,35","3,72","2,16","31,29","7,08","15,78","12,62","9,73","11,59","2,96","8,84","16,10","4,42","6,56","25,44","17,72","11,31","37,95","30,21","10,07","12,63","16,13","14,19","5,75","6,38","58,50","30,09","18,93","17,04","40,79","17,39","6,07","16,10","19,50","3,52","16,80","10,01","5,58","8,03","12,59","11,40","8,05","8,67","22,82",,"8,89","27,17","24,41","3,11","47,92","22,18","24,46","21,57","10,82","19,87","14,48","46,28","23,12","20,34","8,58","10,97","13,95","14,57","18,50","34,12","48,82","26,64","10,78","12,31","25,14","18,68","5,78","49,83","7,10","15,91","24,38","19,24","30,22","16,93"
27/10/2023 00:00:00,"10,27","18,45","2,30","10,79",,"11,48","30,24","51,04","10,11","20,96","9,54","11,05","22,63","7,34","27,88","15,30","31,53","3,66","4,77","6,23","3,73","2,08","31,00","7,03","15,46","12,06","9,80","11,32","2,85","8,84","15,39","4,44","6,21","25,18","17,15","10,99","37,35","29,48","9,62","12,33","16,15","13,81","5,48","6,38","56,10","27,61","18,56","16,55","39,68","16,98","5,95","15,92","19,21","3,40","16,65","9,64","5,47","7,90","12,51","10,97","7,77","8,33","22,29",,"8,68","26,98","24,23","3,07","47,69","21,77","23,90","20,94","10,38","19,23","14,06","44,69","22,54","20,08","8,45","10,71","13,35","14,28","17,51","33,37","48,08","26,37","10,54","11,98","24,34","18,21","6,02","51,56","6,79","15,45","23,57","18,69","29,27","16,58"
30/10/2023 00:00:00,"10,33","18,20","2,20","10,62",,"11,50","30,24","50,14","10,00","20,82","9,46","10,92","22,34","7,29","27,25","15,50","31,07","3,69","4,53","6,15","3,82","2,02","30,61","6,88","15,12","12,05","9,91","10,99","2,75","8,80","15,09","4,33","6,23","24,79","17,16","10,83","36,77","28,87","9,36","12,08","16,18","13,61","5,44","6,41","54,60","26,30","18,00","16,00","39,51","16,77","5,89","15,82","19,05","3,31","16,48","9,43","5,38","7,86","11,74","11,25","7,70","8,23","21,68",,"8,52","26,76","23,99","3,07","46,29","21,77","23,62","20,86","10,36","18,90","13,60","44,57","22,24","19,69","8,30","10,54","13,19","13,82","17,25","32,61","47,83","26,20","10,30","11,98","23,91","18,14","6,29","52,03","6,72","15,20","22,92","18,85","29,89","15,97"
31/10/2023 00:00:00,"10,75","18,27","2,20","10,60",,"11,62","30,67","50,69","10,02","20,77","9,39","10,77","22,49","7,31","27,29","15,62","31,87","3,78","4,73","6,13","3,90","2,04","30,97","6,94","15,21","12,10","10,13","10,97","2,75","8,73","15,21","4,33","6,23","24,76","17,36","10,82","37,16","29,18","9,45","12,22","16,10","13,65","5,47","6,43","55,35","26,66","18,46","16,35","39,51","16,41","5,89","15,57","18,87","3,47","16,41","9,68","5,54","7,91","11,39","11,27","7,75","8,25","21,93",,"8,62","26,53","23,76","3,02","47,62","21,73","24,05","21,14","10,20","18,77","13,99","45,07","22,42","19,11","8,49","10,50","13,39","14,37","17,85","32,53","47,76","26,24","10,44","12,15","24,10","18,20","6,39","52,65","6,93","15,22","23,76","18,91","30,55","15,98"
01/11/2023 00:00:00,"10,85","18,23","2,27","10,74",,"11,66","31,73","50,44","10,42","20,79","9,52","10,87","22,82","7,33","27,23","16,43","32,07","3,79","4,80","6,39","4,02","2,11","31,45","7,10","16,05","12,66","10,31","11,16","2,99","8,80","15,47","4,40","6,35","25,32","17,72","10,81","38,16","29,79","9,47","12,52","16,40","13,65","5,59","6,54","56,10","27,04","18,36","16,10","40,34","16,67","5,96","15,87","19,14","3,44","16,60","9,69","5,57","8,04","11,39","11,33","7,87","8,46","22,11",,"8,62","26,84","24,02","3,12","47,99","22,07","23,14","21,79","10,35","19,94","14,24","46,00","22,65","19,70","8,76","10,68","13,64","14,89","18,21","32,53","47,65","26,39","10,93","12,68","25,01","18,87","6,52","53,66","7,01","15,50","23,87","19,86","30,61","16,26"
03/11/2023 00:00:00,"11,11","19,06","2,53","11,57",,"11,96","32,48","52,69","11,02","21,52","9,98","11,39","23,00","7,52","29,47","16,85","32,69","3,98","5,28","6,55","4,24","2,24","31,99","7,19","16,59","13,11","10,92","11,91","3,25","8,90","16,63","4,68","6,72","25,75","18,42","11,38","38,58","30,39","10,26","13,00","16,90","14,35","5,89","6,75","60,60","27,67","18,88","16,93","41,03","17,93","6,18","16,23","19,66","3,58","16,74","10,45","5,78","8,37","12,77","11,62","8,57","9,25","22,95",,"9,25","27,06","24,30","3,37","48,12","22,41","23,65","21,91","10,87","21,24","14,53","48,56","23,12","20,18","9,20","10,95","15,11","15,10","19,29","32,97","47,38","26,97","11,67","12,71","26,39","18,99","6,64","54,33","8,03","15,75","24,91","19,91","31,03","17,42"
06/11/2023 00:00:00,"11,29","18,82","2,34","11,39",,"12,03","32,65","50,51","11,05","21,67","10,00","11,38","23,23","7,77","29,69","17,00","32,24","4,06","5,24","6,62","4,29","2,11","32,35","7,35","16,68","13,76","10,93","11,85","2,95","8,99","16,53","4,58","6,51","25,76","18,38","11,42","38,83","30,73","10,12","13,00","17,10","14,22","5,73","6,77","59,70","27,76","18,67","16,49","40,95","18,66","6,22","16,40","19,85","3,61","17,12","9,96","6,27","8,15","12,25","11,50","8,47","9,05","22,95",,"8,87","26,99","24,28","3,36","47,93","22,89","23,84","21,91","10,65","20,40","13,73","47,85","23,12","20,21","9,48","10,90","14,53","15,08","18,33","32,95","48,06","27,32","11,62","12,87","26,38","19,43","6,59","54,56","7,92","15,76","24,13","19,73","30,73","15,88"
07/11/2023 00:00:00,"11,34","19,30","2,47","11,82",,"11,94","33,20","54,31","11,25","21,92","10,21","11,68","23,33","7,77","30,20","16,92","32,49","4,18","5,30","6,67","4,35","2,22","32,52","7,42","17,18","13,77","10,94","12,16","3,15","9,03","17,06","4,81","6,80","25,66","18,11","11,74","38,74","30,65","10,65","13,33","16,86","14,31","5,94","6,88","64,80","28,53","19,21","16,91","41,84","18,77","6,35","16,84","20,40","3,76","17,17","10,41","6,56","8,27","15,16","11,74","8,72","9,34","23,53",,"8,97","26,40","23,88","3,42","46,74","23,28","24,14","21,69","10,80","21,38","14,30","49,03","23,69","20,53","9,49","10,99","15,30","14,85","19,20","32,94","48,21","27,80","11,88","13,27","27,32","19,57","6,58","53,48","8,36","16,65","25,56","20,08","30,33","16,73"
08/11/2023 00:00:00,"11,31","19,38","2,55","11,94",,"11,82","33,05","51,76","11,25","22,20","10,28","11,74","23,33","7,60","30,97","16,85","32,04","4,20","5,52","6,62","4,45","2,23","32,14","7,37","16,94","13,85","10,94","11,83","3,10","9,10","16,94","4,71","6,88","26,13","18,82","11,49","38,32","30,80","10,59","13,53","16,78","14,24","5,85","6,85","64,65","28,78","19,30","16,62","42,21","18,66","6,36","16,95","20,49","3,76","17,57","10,62","6,44","8,47","15,25","11,68","8,85","9,29","23,47",,"8,85","25,77","23,37","3,34","45,41","23,13","24,36","21,46","10,85","21,53","13,68","49,17","24,29","20,52","9,85","10,96","15,13","15,02","19,13","32,24","49,54","27,73","11,81","13,81","28,87","21,00","6,58","53,51","8,10","16,79","25,40","20,71","30,03","17,17"
09/11/2023 00:00:00,"11,21","19,17","2,67","12,11",,"11,70","32,82","50,10","11,15","21,27","10,31","11,76","22,89","6,58","30,05","16,87","30,82","3,63","5,62","6,68","4,44","2,31","32,40","7,37","16,77","14,01","10,79","11,80","3,01","9,08","16,95","4,71","6,92","25,84","18,61","11,51","38,15","30,75","10,62","13,39","16,80","14,28","5,68","6,87","66,90","28,49","19,02","16,32","41,93","18,73","6,36","17,02","20,59","3,65","17,33","10,70","6,43","8,58","14,65","11,70","8,98","9,52","23,10",,"8,65","26,32","23,85","3,37","44,66","22,97","24,08","21,65","11,04","20,78","12,93","48,95","24,33","20,99","9,64","10,99","14,43","14,82","19,26","31,52","49,48","27,68","12,56","13,80","29,50","20,86","6,45","53,77","7,96","16,50","25,02","20,69","29,99","17,20"
10/11/2023 00:00:00,"11,16","19,70","2,89","12,22",,"11,78","32,88","51,24","11,70","21,58","10,18","11,59","22,89","6,60","31,34","17,19","31,25","3,70","6,64","6,72","4,54","2,41","33,03","7,46","17,14","14,11","10,92","12,28","3,04","9,17","17,32","4,99","6,88","26,33","19,00","11,84","39,91","31,14","10,78","13,79","17,57","14,24","5,63","7,15","66,00","28,64","19,11","16,31","42,85","18,91","6,44","17,17","20,83","3,76","17,36","10,23","6,51","8,49","15,42","11,76","9,55","10,12","23,24",,"8,70","26,23","23,74","3,34","46,40","23,64","24,93","21,87","10,54","21,38","12,76","50,22","24,88","21,31","9,72","10,99","14,95","14,66","20,27","30,53","50,60","27,97","12,63","13,89","30,28","20,84","6,58","54,60","7,93","16,44","26,45","20,94","30,69","17,83"
13/11/2023 00:00:00,"11,22","19,66","2,84","12,15",,"11,99","33,61","51,01","11,22","21,50","10,03","11,36","22,98","6,64","30,78","17,12","30,95","3,76","6,81","6,64","4,66","2,38","32,79","7,47","17,21","14,31","10,89","12,43","2,93","9,24","17,17","4,99","6,80","26,35","18,79","11,75","40,14","30,85","10,91","13,45","17,42","14,32","5,63","7,14","64,65","28,05","18,91","16,16","42,27","18,93","6,44","17,18","20,69","3,64","17,22","10,54","6,48","8,58","14,82","11,78","9,29","9,98","23,18",,"8,67","26,82","24,41","3,30","46,23","23,76","24,78","21,60","10,05","20,95","12,59","48,99","25,04","22,08","9,62","11,14","14,74","14,70","20,27","30,46","50,10","28,16","12,52","13,80","31,14","21,30","6,54","54,48","7,85","16,49","26,06","21,17","30,28","17,98"
14/11/2023 00:00:00,"11,45","20,17","2,91","12,16",,"12,19","34,74","53,52","11,43","21,60","10,26","11,60","23,15","6,79","31,45","17,73","31,96","3,81","6,82","6,84","4,94","2,47","33,16","7,69","17,31","14,53","11,84","12,59","3,14","9,17","17,76","5,10","7,27","26,92","19,25","12,30","41,04","31,39","11,51","13,88","17,87","14,72","5,63","7,35","68,25","29,39","19,52","17,01","42,99","18,95","6,61","17,28","21,00","3,84","17,40","11,08","6,77","8,88","14,99","12,36","9,81","10,49","23,51",,"9,07","27,13","24,74","3,42","46,91","23,94","25,46","22,18","10,55","21,99","12,98","52,27","25,65","22,12","9,66","11,39","15,63","15,12","20,91","31,83","48,62","28,72","12,49","13,76","31,07","21,80","6,83","56,17","8,51","16,77","26,61","21,27","30,96","17,85"
16/11/2023 00:00:00,"11,42","20,37","3,01","12,93",,"12,49","35,84","55,00","11,66","21,60","10,55","12,00","23,50","6,96","31,37","17,91","31,13","4,10","7,36","7,01","5,25","2,64","33,97","7,79","17,65","14,55","12,66","12,63","3,25","9,07","18,15","5,17","7,50","27,37","19,43","12,85","41,49","31,78","11,84","14,01","17,93","15,40","5,87","7,45","70,65","30,11","19,87","16,77","42,68","20,31","6,73","17,54","21,34","3,56","17,66","11,37","7,19","9,06","18,76","12,54","9,99","10,64","24,23",,"9,28","26,58","24,31","3,46","45,26","24,28","25,99","22,37","10,67","22,48","12,83","53,96","26,63","22,51","9,59","11,64","15,63","15,52","21,28","31,18","49,45","28,61","12,82","13,53","31,84","21,94","7,33","56,54","8,73","16,71","26,82","21,17","30,98","18,35"
17/11/2023 00:00:00,"11,36","20,20","3,05","12,71",,"12,25","35,57","55,14","11,49","21,76","10,51","11,90","23,24","6,88","30,75","17,93","32,03","4,17","7,64","6,98","5,17","2,56","33,79","7,73","17,33","14,37","12,80","12,44","3,11","9,00","17,67","5,01","7,48","27,13","19,63","12,84","41,61","31,63","11,89","13,87","18,13","15,31","5,71","7,59","68,70","29,88","20,16","16,74","41,66","19,53","6,71","17,63","21,44","3,56","17,74","11,33","7,04","9,16","19,02","12,34","9,72","10,65","24,01",,"9,28","27,71","25,10","3,51","46,41","23,45","25,49","22,03","10,47","21,89","13,27","53,87","25,83","22,51","9,28","11,63","15,54","15,21","21,11","31,69","49,03","28,57","12,56","13,28","30,98","21,91","7,35","56,65","8,64","16,52","26,01","21,05","30,78","18,25"
20/11/2023 00:00:00,"11,36","20,25","3,05","12,49",,"12,09","35,90","55,84","11,83","21,88","10,50","11,93","23,39","6,82","30,60","18,38","32,37","4,25","7,57","6,78","5,37","2,57","33,75","7,73","17,69","14,23","14,02","12,36","3,05","9,04","17,63","4,89","7,55","27,23","19,71","12,86","40,98","31,63","11,84","13,91","17,34","15,34","5,68","7,24","69,60","30,54","20,39","17,07","42,14","19,43","6,78","17,69","21,65","3,57","17,54","11,57","7,09","9,26","19,53","12,28","9,70","10,62","24,29",,"9,37","27,62","25,12","3,51","47,45","23,50","26,66","22,32","10,66","22,56","13,43","53,94","25,79","22,89","9,36","11,58","16,10","15,00","20,81","31,52","48,99","28,63","12,94","13,23","31,46","22,39","7,50","58,04","8,93","16,73","26,45","21,04","30,98","18,36"
21/11/2023 00:00:00,"11,23","20,11","3,05","12,39",,"11,97","35,17","54,09","11,59","22,03","10,47","11,88","23,34","6,72","30,10","18,84","32,28","4,46","7,42","6,56","5,51","2,56","33,68","7,66","17,39","14,19","14,14","12,03","3,08","9,00","16,90","4,70","7,51","27,35","19,47","12,71","40,78","31,45","11,24","13,87","17,63","14,83","5,73","7,28","69,75","30,04","20,05","17,32","42,81","19,37","6,78","17,67","21,61","3,51","17,67","11,37","7,22","9,25","18,25","12,28","9,55","10,01","24,05",,"9,11","27,34","24,86","3,49","47,90","23,39","26,34","21,69","10,57","22,24","13,37","53,19","25,57","22,61","9,24","11,69","15,71","14,76","20,58","30,52","49,07","28,61","12,27","13,43","31,42","22,05","7,52","59,44","8,62","16,59","25,47","21,18","31,15","17,77"
22/11/2023 00:00:00,"11,34","19,93","3,18","12,57",,"12,47","35,61","53,83","11,75","21,84","10,66","12,13","23,42","6,84","30,73","18,54","31,93","4,37","7,30","5,93","5,50","2,53","33,75","7,72","17,44","13,79","14,46","11,92","3,05","9,00","17,06","4,65","7,54","27,74","19,84","13,14","41,27","31,91","11,52","13,84","17,57","14,96","5,85","7,29","68,40","30,22","20,06","17,66","45,46","19,57","6,75","17,83","21,75","3,49","17,95","11,83","7,63","8,92","17,82","12,39","9,71","9,67","23,95",,"9,21","27,39","24,99","3,44","47,16","23,72","26,47","21,48","10,49","22,45","13,27","53,33","25,83","22,49","8,90","11,87","16,00","14,80","20,59","30,23","49,48","28,86","11,97","13,41","31,82","21,83","7,63","58,88","8,60","16,91","25,67","21,45","31,56","17,52"
23/11/2023 00:00:00,"11,32","20,08","3,26","13,18",,"12,56","36,34","53,62","11,89","21,92","10,86","12,45","23,47","6,85","31,07","18,33","31,81","4,32","7,09","5,74","5,13","2,56","33,98","7,77","17,47","13,68","14,25","12,13","3,25","9,21","17,40","4,69","7,61","28,02","19,86","13,37","41,65","32,21","11,56","13,89","17,53","15,10","5,87","7,28","67,50","30,52","20,39","17,54","46,32","19,52","6,79","17,97","21,72","3,51","17,90","11,87","7,72","9,01","18,59","12,44","9,70","9,65","24,49",,"9,08","27,51","24,99","3,56","47,16","24,05","26,42","21,70","10,78","22,67","13,17","53,80","25,78","22,57","8,92","12,18","16,25","14,55","20,51","30,38","49,83","29,07","12,10","13,40","31,43","21,75","7,50","58,51","8,53","17,09","26,09","21,90","31,52","17,66"
24/11/2023 00:00:00,"11,19","19,83","3,15","12,74",,"12,54","35,64","52,54","11,66","21,89","10,93","12,46","23,34","6,78","30,79","18,19","31,54","4,08","7,12","5,51","5,10","2,48","33,73","7,80","17,33","13,83","14,10","11,87","3,33","9,28","17,40","4,61","7,54","27,78","19,76","13,07","41,37","32,08","11,54","13,74","16,83","15,17","5,63","7,04","66,45","30,18","20,27","17,12","45,44","19,12","6,75","17,95","21,60","3,50","17,60","11,50","7,82","8,89","17,05","12,29","9,61","9,55","24,34",,"9,05","27,43","25,06","3,59","47,13","23,84","26,40","21,37","10,70","22,37","13,10","52,98","25,57","22,30","8,93","12,28","16,04","14,07","20,11","29,95","49,52","28,93","12,10","13,60","30,79","21,66","7,44","58,01","8,37","17,10","25,61","21,81","31,20","17,29"
27/11/2023 00:00:00,"11,35","20,06","3,20","13,07",,"12,54","36,36","53,18","11,66","22,29","10,83","12,38","23,19","6,78","31,21","18,27","30,19","4,00","6,95","5,55","5,42","2,66","34,25","7,80","16,96","13,85","14,45","12,18","3,25","9,28","17,41","4,72","7,51","27,52","20,01","12,74","41,70","31,98","11,94","13,75","16,82","15,30","5,88","7,06","68,40","29,40","20,22","17,33","46,35","18,91","6,80","17,94","21,54","3,49","17,63","11,74","7,97","9,20","16,79","12,52","9,66","9,61","23,93",,"9,05","27,25","24,92","3,56","46,15","23,93","27,12","21,38","10,69","22,81","12,80","52,27","25,48","22,20","9,04","12,17","15,98","14,27","20,32","29,84","49,78","28,99","12,10","13,47","31,51","21,75","7,55","57,67","8,09","16,69","26,14","21,89","31,59","19,15"
28/11/2023 00:00:00,"11,41","20,13","3,24","13,10",,"12,64","36,11","53,76","11,93","22,62","10,88","12,50","23,26","6,97","31,34","18,30","29,81","4,08","7,11","5,59","5,54","2,70","34,01","7,71","17,04","14,02","14,60","12,61","3,32","9,30","17,83","4,95","7,50","27,33","19,66","12,35","41,73","31,89","12,32","13,89","16,81","15,57","5,87","7,06","70,35","29,52","20,30","18,12","47,50","18,90","6,82","18,00","21,75","3,54","17,82","12,20","8,51","9,13","16,36","12,43","9,65","10,13","24,00",,"9,03","27,50","25,30","3,57","46,02","24,14","27,56","21,49","10,74","23,04","12,96","52,32","25,44","22,46","9,20","12,17","15,86","14,75","20,64","30,50","49,41","28,83","12,58","13,66","31,96","22,20","7,61","57,79","8,06","16,82","26,87","21,76","31,81","18,87"
29/11/2023 00:00:00,"11,11","19,90","3,24","12,76",,"12,56","35,86","52,99","11,96","22,65","10,82","12,43","23,00","7,03","31,99","18,07","29,47","4,07","7,44","5,65","5,47","2,66","33,59","7,73","16,90","13,99","14,71","12,50","3,30","9,22","17,65","4,90","7,56","27,26","20,13","12,35","41,58","31,55","12,15","13,79","16,85","15,31","5,85","7,02","66,75","29,22","20,82","18,11","47,52","18,67","6,84","18,17","21,90","3,52","17,96","12,70","8,91","8,88","16,11","12,59","9,71","9,66","24,07",,"8,81","27,14","25,04","3,51","45,84","23,88","26,41","21,69","10,70","22,64","13,27","52,48","25,57","22,48","8,97","12,02","16,21","14,69","20,68","31,04","50,24","28,73","12,35","13,66","31,88","21,99","7,49","57,78","8,25","17,40","27,02","21,99","31,58","18,39"
30/11/2023 00:00:00,"11,44","20,40","3,36","12,53",,"12,72","35,97","52,47","12,00","23,31","10,92","12,54","22,89","7,01","32,76","18,27","29,45","4,12","7,45","5,78","5,59","2,75","34,32","7,77","17,15","14,18","14,83","13,01","3,36","9,23","18,47","4,97","7,75","27,41","21,22","12,69","42,08","31,45","12,13","14,00","16,47","15,18","5,96","6,93","65,55","29,73","21,23","18,70","49,04","18,69","6,98","18,35","22,24","3,53","17,30","12,92","8,33","9,16","17,31","12,74","9,86","9,67","24,32",,"8,80","27,39","25,52","3,44","45,86","24,13","26,17","21,69","10,48","23,09","13,36","53,19","25,82","23,04","9,04","12,15","16,41","14,73","21,33","30,39","49,81","28,78","12,68","13,81","31,72","22,47","7,60","58,09","8,16","17,96","27,70","22,05","31,64","18,11"
01/12/2023 00:00:00,"11,77","20,31","3,29","12,51",,"12,86","36,10","52,62","12,21","23,36","10,98","12,58","22,60","7,21","32,47","18,51","28,88","4,08","7,90","5,74","5,54","2,80","34,38","7,76","17,18","14,59","15,49","13,34","3,50","9,23","18,78","5,10","8,11","27,51","22,55","12,95","42,31","31,56","12,34","14,23","16,70","15,34","5,98","7,01","66,30","30,10","21,58","18,55","52,08","19,04","7,00","18,52","22,19","3,69","16,22","12,93","8,60","9,44","18,59","12,98","9,94","9,59","24,81",,"8,90","27,03","25,35","3,55","44,50","24,55","26,14","21,57","10,89","23,77","14,11","53,81","25,82","23,32","9,10","12,35","16,56","14,76","22,44","30,46","47,94","28,80","12,22","13,91","32,23","22,77","7,95","59,17","8,31","18,58","27,97","21,91","32,18","18,63"
04/12/2023 00:00:00,"11,75","20,22","3,09","12,29",,"12,90","35,86","50,85","12,22","23,27","11,02","12,49","22,54","7,14","32,25","18,33","27,80","4,00","7,51","5,76","5,40","2,72","34,59","7,66","17,09","15,16","15,36","12,82","3,33","9,28","18,15","4,91","8,34","27,87","22,70","12,52","42,05","31,40","11,87","14,16","16,66","15,13","5,98","6,97","64,35","29,92","21,55","18,34","50,74","19,06","6,99","18,58","22,22","3,69","16,02","12,67","8,51","9,16","17,13","12,86","9,94","9,07","24,73",,"8,60","26,50","24,81","3,67","44,15","24,73","26,27","21,39","10,79","23,15","13,53","53,73","25,78","23,46","8,98","12,22","16,54","14,87","21,83","29,75","47,96","28,75","11,46","13,93","32,53","22,67","8,01","57,84","8,19","17,85","27,41","22,11","32,17","18,08"
05/12/2023 00:00:00,"11,90","20,30","3,29","12,31",,"13,16","36,49","52,78","12,14","23,27","11,10","12,60","22,45","7,20","32,29","18,27","27,39","4,16","7,55","5,81","5,39","2,77","34,83","7,81","16,55","15,15","15,51","12,64","3,59","9,36","18,85","4,96","8,47","28,00","22,92","12,50","42,17","31,82","11,89","14,37","16,78","15,08","6,02","7,01","65,70","30,38","21,58","18,79","52,50","19,48","7,06","18,72","22,40","3,76","16,20","12,83","8,17","9,31","18,33","13,02","10,44","9,32","24,70",,"8,48","26,30","24,69","3,86","43,09","24,82","26,63","21,28","11,00","23,33","13,95","53,87","25,88","24,06","8,99","12,22","16,81","14,70","21,70","28,75","47,65","28,84","12,01","14,11","32,79","22,17","7,98","57,31","8,33","16,91","27,94","22,20","32,67","18,36"
06/12/2023 00:00:00,"11,69","19,93","3,32","11,87",,"13,07","36,43","54,10","11,94","22,77","10,97","12,47","22,44","7,08","31,80","18,11","26,44","4,13","7,42","5,81","5,37","2,75","34,68","7,84","16,51","15,30","15,47","12,42","3,69","9,33","18,57","4,96","8,63","28,08","22,90","12,21","42,07","31,40","11,63","14,25","16,78","15,10","5,95","6,93","64,05","32,21","21,40","18,58","51,85","19,48","6,93","18,43","22,20","3,70","16,14","12,93","8,08","9,38","18,59","13,05","10,36","9,26","24,40",,"8,54","25,68","23,81","3,91","41,37","24,66","26,69","21,36","11,11","23,15","13,40","54,11","25,48","24,10","9,06","12,41","16,87","14,66","21,69","27,48","47,30","28,66","12,44","14,24","32,99","22,73","8,01","56,93","8,19","16,76","28,12","22,27","32,75","18,23"
07/12/2023 00:00:00,"11,77","20,12","3,56","11,81",,"13,12","36,56","55,31","11,99","23,14","11,00","12,50","22,74","6,96","31,58","18,09","26,46","4,05","7,64","5,78","5,42","2,81","34,27","7,82","16,37","15,24","15,32","12,58","3,74","9,42","19,45","5,07","8,22","27,33","22,94","12,36","41,72","31,60","12,26","14,19","16,82","15,63","6,18","6,91","64,20","31,43","21,43","18,62","51,19","19,59","6,99","18,67","22,45","3,84","15,82","13,12","7,96","9,35","19,36","13,08","10,51","9,47","24,68",,"8,59","25,76","23,75","4,09","42,35","24,60","26,37","21,21","11,70","22,83","13,99","54,48","25,58","24,60","9,15","12,22","17,16","15,05","22,21","26,92","47,15","28,39","12,98","14,20","33,15","22,69","8,09","57,11","8,34","16,92","28,24","22,24","32,72","19,10"
08/12/2023 00:00:00,"11,96","19,93","3,59","11,61",,"12,93","36,00","57,32","12,22","23,39","11,11","12,70","22,75","7,02","31,90","18,18","26,90","4,21","7,72","5,70","5,58","2,83","34,32","7,85","16,92","15,15","15,53","12,60","3,60","9,53","19,31","5,09","8,24","27,57","22,84","12,73","41,57","31,63","12,35","14,26","16,97","15,98","5,94","6,94","65,25","31,29","21,41","18,62","49,12","19,45","7,08","18,85","22,73","3,82","15,90","12,99","8,17","9,34","18,25","13,22","10,47","9,43","24,64",,"8,73","26,64","24,51","4,01","44,48","24,25","26,32","21,00","11,57","23,01","14,44","54,11","25,90","24,47","9,17","12,17","17,04","15,12","22,78","26,43","48,12","28,50","13,46","14,35","32,92","23,04","8,20","57,27","8,21","17,31","29,07","22,36","32,06","19,48"
11/12/2023 00:00:00,"11,97","20,01","3,55","11,54",,"12,80","35,97","56,81","12,57","23,39","11,04","12,60","22,80","6,97","32,03","18,20","26,92","4,16","7,67","5,66","5,48","2,74","34,16","7,85","16,70","15,22","15,48","12,51","3,61","9,61","19,05","5,07","8,38","27,54","23,49","12,64","41,25","31,52","11,96","14,23","17,00","16,12","5,82","6,97","63,45","30,98","21,33","18,79","49,55","20,39","7,01","18,76","22,58","3,79","16,05","12,85","8,18","9,42","19,10","13,23","10,32","9,34","24,72",,"8,85","26,56","24,42","3,94","44,61","24,24","26,38","20,98","11,65","22,80","14,14","54,16","25,83","24,70","9,08","12,40","16,97","15,24","22,53","26,20","48,72","28,27","13,02","14,36","32,33","23,06","8,22","57,31","8,16","16,96","29,55","22,11","32,27","18,85"
12/12/2023 00:00:00,"11,89","20,10","3,60","11,70",,"12,61","35,77","57,39","12,50","22,70","11,07","12,54","22,82","7,03","31,89","18,15","26,13","4,09","7,86","5,73","5,54","2,75","34,35","7,87","16,57","15,26","15,48","12,64","3,71","9,70","19,25","5,12","8,28","27,62","23,58","12,76","41,30","31,48","12,19","14,37","17,12","16,35","5,78","6,92","62,25","31,18","21,53","18,96","50,03","20,03","6,98","18,78","22,46","3,81","15,99","12,78","8,19","9,39","19,53","13,09","9,94","9,60","24,67",,"9,14","26,15","24,22","3,83","43,73","24,34","26,56","21,15","11,68","23,21","13,82","53,62","25,63","24,99","9,09","12,45","16,83","15,18","23,05","26,36","48,30","28,33","13,10","14,29","31,19","22,64","8,22","57,42","8,08","16,53","29,10","22,30","32,42","18,86"
13/12/2023 00:00:00,"12,28","20,88","3,84","12,54",,"12,71","36,80","59,09","13,02","22,90","11,46","13,09","22,71","7,14","33,20","18,24","26,22","4,43","8,06","5,91","5,70","2,86","34,82","8,07","17,49","15,64","15,82","13,43","3,91","9,75","20,31","5,39","8,56","27,93","24,05","13,26","41,79","31,86","12,16","14,88","17,34","16,65","6,29","7,06","67,65","32,16","22,11","19,30","49,65","20,33","7,19","19,27","23,15","3,94","16,50","13,21","8,41","9,86","21,67","13,36","10,53","10,39","25,15",,"9,18","26,50","24,57","3,87","45,23","24,49","27,60","21,16","12,03","24,55","14,48","55,74","26,44","25,57","9,32","12,85","18,09","15,06","23,89","27,09","49,14","29,01","13,36","14,61","32,53","22,92","8,30","57,42","8,66","16,70","30,62","22,62","33,37","20,17"
14/12/2023 00:00:00,"12,12","21,41","3,77","12,95",,"12,94","36,65","60,74","13,38","23,05","11,72","13,31","23,14","7,12","34,19","18,35","27,01","4,55","7,97","5,96","5,58","2,92","34,95","8,09","17,99","15,87","15,90","13,67","3,82","9,68","20,87","5,51","8,52","28,17","23,59","13,46","41,22","32,06","12,39","15,00","17,70","16,18","6,44","7,19","69,45","31,96","22,57","19,38","48,07","20,09","7,27","19,48","23,34","3,96","16,75","13,78","8,26","9,66","20,82","13,48","10,79","10,83","25,69",,"9,12","27,12","25,10","3,93","47,28","24,38","27,54","21,74","12,20","24,74","14,76","57,86","26,48","25,79","9,34","12,82","18,19","14,51","23,51","27,51","49,67","29,17","13,71","14,80","32,76","23,15","8,43","57,74","8,62","16,69","31,34","22,71","33,59","20,76"
15/12/2023 00:00:00,"12,09","21,40","3,68","12,47",,"12,98","35,90","58,04","13,24","23,61","11,87","13,44","23,45","7,00","33,86","18,27","25,89","4,53","7,52","5,93","5,59","2,96","34,99","8,09","17,79","15,86","16,28","13,02","3,81","9,68","20,26","5,43","8,55","28,30","23,56","13,22","40,26","31,67","12,30","15,15","17,52","16,32","6,29","7,06","65,70","30,79","22,72","18,60","46,21","19,99","7,28","19,37","23,24","3,93","16,53","13,66","7,85","9,56","18,93","13,37","10,68","10,85","25,87",,"8,94","26,91","25,16","3,97","46,25","24,89","27,53","21,62","12,28","24,33","14,05","56,74","26,16","25,66","9,25","12,80","18,19","14,78","23,55","26,26","49,88","29,37","13,60","14,52","32,50","22,62","8,54","58,10","8,79","16,92","31,20","22,41","33,34","20,38"
18/12/2023 00:00:00,"12,16","21,27","3,69","12,80",,"12,85","36,58","58,36","13,30","23,62","11,92","13,55","23,79","7,14","34,34","18,42","26,21","4,47","7,44","6,02","5,60","2,98","35,34","8,03","18,04","16,49","16,73","12,99","3,82","9,78","20,93","5,47","8,73","27,79","23,08","13,42","40,96","31,86","12,48","14,98","17,75","16,38","6,25","7,24","67,65","31,37","22,56","18,79","47,42","20,30","7,28","19,52","23,35","3,90","16,15","13,66","7,90","9,60","18,68","13,41","10,94","10,90","25,68",,"8,97","27,46","25,47","3,97","46,10","24,68","27,05","21,04","12,36","24,78","14,57","57,03","26,34","25,74","9,55","12,98","18,40","14,57","23,33","27,06","49,81","29,21","13,74","14,70","32,33","22,87","8,55","58,38","8,84","16,86","31,12","22,53","33,42","20,58"
19/12/2023 00:00:00,"12,28","21,09","3,75","12,99",,"12,87","36,88","58,78","13,13","23,71","12,01","13,55","24,40","7,16","34,39","18,68","26,33","4,50","7,14","6,10","5,78","2,93","35,83","8,07","18,10","16,01","16,88","13,37","3,90","10,12","20,85","5,49","8,76","27,79","22,45","13,53","41,57","32,12","12,39","15,23","17,31","16,68","6,30","7,16","66,90","32,01","22,46","18,79","48,57","21,36","7,32","19,51","23,37","3,97","16,32","13,69","7,89","9,69","18,51","13,67","10,81","10,89","25,77",,"8,88","27,64","25,76","3,94","46,71","24,59","27,39","21,22","12,58","24,65","15,00","57,01","26,58","25,61","9,61","13,09","18,20","14,75","23,05","27,62","50,20","29,55","13,95","14,55","33,01","23,16","8,56","58,78","8,88","16,79","31,31","22,39","33,77","20,65"
20/12/2023 00:00:00,"12,08","20,70","3,66","12,95",,"12,89","36,28","57,88","12,79","23,43","11,85","13,32","24,24","7,03","33,99","18,60","25,86","4,44","7,41","6,04","5,66","2,92","35,44","8,04","18,04","16,18","16,60","13,44","3,84","10,14","20,61","5,43","8,70","27,83","22,18","13,57","41,09","32,62","12,34","15,07","17,17","16,26","6,33","7,07","65,10","31,13","22,14","18,79","48,12","21,41","7,25","19,37","23,12","4,01","16,31","13,51","8,22","9,71","17,99","13,36","9,97","10,89","25,68",,"8,77","27,69","25,85","4,02","45,54","24,41","26,78","21,41","12,41","24,06","14,61","56,00","26,08","25,59","9,65","13,05","17,74","14,45","23,27","27,11","51,09","29,46","13,95","14,51","31,68","22,91","8,51","58,60","8,68","16,71","31,10","22,34","33,53","20,49"
21/12/2023 00:00:00,"12,05","21,22","3,64","12,83",,"12,83","36,62","58,50","13,08","23,47","11,84","13,33","24,24","7,13","34,02","19,04","25,94","4,86","7,50","6,00","5,79","2,91","35,81","8,14","18,35","16,49","17,20","13,42","3,96","10,21","20,41","5,44","8,69","28,10","22,34","13,52","41,02","32,59","12,13","15,11","17,64","16,57","6,59","7,23","64,95","31,37","22,25","18,79","47,15","21,50","7,31","19,46","23,28","4,10","16,68","13,67","8,39","9,97","17,91","13,50","10,19","10,69","25,81",,"8,78","27,69","25,86","4,20","45,16","24,65","27,14","21,62","12,39","24,39","14,75","57,17","26,13","25,55","9,70","13,35","18,30","14,55","23,47","26,78","51,61","29,48","13,61","14,42","31,96","23,36","8,83","60,55","8,94","17,19","31,35","22,23","33,74","20,66"
22/12/2023 00:00:00,"12,06","21,06","3,84","13,00",,"12,83","36,95","58,94","13,10","23,53","12,01","13,53","24,40","7,12","34,15","19,04","25,96","4,98","7,35","6,07","5,79","2,96","35,88","8,26","18,54","16,56","17,25","13,37","3,96","10,17","20,79","5,53","8,73","28,20","22,45","13,65","41,38","32,52","12,26","15,34","17,83","16,58","6,46","7,29","65,25","31,87","22,17","18,56","44,23","21,63","7,42","19,61","23,65","4,30","16,91","14,12","8,41","10,17","18,16","13,50","10,35","10,72","25,57",,"9,20","28,06","26,11","4,10","45,37","25,03","27,02","21,69","12,73","24,63","14,85","57,16","26,27","25,66","9,70","13,46","18,57","14,79","23,80","26,82","52,07","29,70","13,37","14,55","31,48","23,40","8,97","60,09","8,89","17,32","31,55","22,39","33,85","20,08"
26/12/2023 00:00:00,"12,11","21,24","3,77","12,96",,"12,82","37,05","58,72","13,23","23,75","12,06","13,57","24,58","7,24","34,61","19,09","26,00","5,18","7,18","6,18","5,96","2,92","35,76","8,35","18,60","16,42","17,48","13,37","3,98","10,24","20,74","5,49","8,66","28,34","22,23","13,58","42,21","32,52","12,47","15,32","17,79","16,17","6,73","7,29","64,65","31,65","22,34","18,74","43,92","21,61","7,44","19,84","23,89","4,41","16,89","14,02","8,38","9,95","18,08","13,50","10,35","10,75","25,48",,"9,35","28,48","26,53","4,06","45,92","24,99","27,52","21,70","12,45","24,73","15,31","56,88","26,40","25,25","9,62","13,33","18,65","14,80","24,00","26,80","52,34","29,76","13,27","14,52","32,13","23,46","9,01","60,30","8,95","17,51","31,59","22,50","34,05","20,19"
27/12/2023 00:00:00,"12,17","21,27","3,80","13,06",,"12,89","37,17","58,92","13,16","23,72","12,15","13,65","24,41","7,25","34,86","19,18","25,96","5,28","7,23","6,20","6,11","2,96","35,51","8,40","18,88","16,29","17,62","13,48","4,01","10,22","20,67","5,60","8,65","28,62","22,37","13,60","42,77","32,77","12,53","15,29","17,74","16,22","6,61","7,27","65,70","32,00","22,48","18,92","43,70","22,07","7,50","19,95","24,05","4,54","16,96","14,00","8,37","10,28","19,28","13,49","10,57","11,02","25,43",,"9,49","28,44","26,55","4,02","45,94","25,34","27,27","21,79","12,32","25,21","15,15","56,74","26,72","25,36","9,57","13,46","19,00","14,84","24,08","26,61","52,65","29,81","13,39","14,62","32,56","23,51","9,03","60,88","9,09","17,83","31,76","22,67","34,16","20,58"
28/12/2023 00:00:00,"12,07","21,18","3,78","13,11",,"12,81","37,35","57,06","13,13","23,94","12,19","13,74","24,61","7,21","34,90","19,21","25,82","5,08","7,18","6,33","6,11","2,97","35,67","8,38","18,70","16,51","17,75","13,66","3,50","10,41","20,67","5,72","8,44","28,68","22,10","13,61","42,91","32,99","12,32","14,92","17,92","16,03","6,74","7,32","66,75","31,73","22,42","18,92","43,02","22,40","7,50","19,98","24,12","4,53","17,16","13,89","8,31","10,31","18,51","13,34","10,53","11,23","25,59",,"9,66","28,32","26,46","4,12","46,05","25,22","27,50","21,74","12,31","25,13","15,05","56,74","26,90","25,64","9,48","13,55","18,63","14,75","24,08","26,90","52,73","30,30","13,65","14,58","32,28","23,59","8,98","60,73","9,20","17,83","31,91","22,55","34,22","20,21"
02/01/2024 00:00:00,"12,06","20,54","3,66","12,62",,"12,80","36,74","55,06","12,88","23,67","12,06","13,46","24,78","7,06","34,55","19,02","25,55","5,01","6,89","6,25","6,22","2,86","35,58","8,18","18,57","16,29","17,53","13,32","3,28","10,33","19,86","5,58","8,47","28,16","21,74","13,29","42,39","32,32","11,51","14,76","17,74","15,57","6,47","7,26","64,35","31,21","22,00","17,94","40,71","22,15","7,36","19,75","23,81","4,36","16,78","13,73","8,27","9,92","17,56","13,17","9,83","10,72","25,10",,"8,94","28,60","26,85","4,28","45,35","25,06","27,32","21,08","12,12","24,24","14,39","54,66","26,69","25,39","9,14","13,24","17,45","14,38","22,97","26,14","52,26","30,10","13,02","14,42","31,62","23,65","8,83","60,61","8,59","17,99","31,70","22,20","33,91","19,26"
03/01/2024 00:00:00,"11,96","20,54","3,57","12,54",,"12,93","36,70","54,41","12,84","23,69","12,06","13,48","24,67","6,98","33,91","19,04","25,89","5,07","6,89","6,32","6,30","2,86","35,63","8,11","18,64","16,50","17,68","13,02","3,26","10,33","19,52","5,47","8,45","28,15","21,28","13,31","42,49","32,50","11,42","14,60","17,55","15,74","6,51","7,21","63,60","30,93","22,62","18,09","41,23","22,04","7,34","19,70","23,55","4,28","17,02","13,47","8,24","9,86","17,13","13,15","10,00","10,45","25,26",,"9,09","29,57","27,69","4,36","46,88","25,18","27,31","21,20","12,60","24,02","14,73","54,34","26,66","25,55","9,17","13,21","17,72","14,49","23,44","26,41","52,55","30,29","12,06","14,44","31,58","23,61","8,78","60,29","8,79","18,17","32,21","21,91","34,17","18,85"
04/01/2024 00:00:00,"12,00","20,12","3,43","12,80",,"12,83","36,38","51,96","12,47","23,44","11,90","13,29","24,85","6,85","33,51","18,86","25,37","4,87","6,65","6,29","6,20","2,76","35,42","8,00","18,39","16,48","17,42","12,76","3,19","10,35","18,81","5,36","8,20","28,07","20,88","13,30","42,20","32,17","10,89","14,42","17,46","15,56","6,43","7,14","61,65","30,67","22,21","17,89","40,78","22,11","7,25","19,36","23,39","4,11","16,89","12,94","8,03","9,38","16,53","12,93","9,77","9,81","25,04",,"9,09","29,09","27,45","4,21","46,42","24,97","27,38","21,22","12,20","23,80","14,34","53,20","26,41","24,57","9,38","13,06","17,41","14,31","22,74","25,81","51,76","30,04","10,74","14,19","30,76","23,57","8,64","59,48","8,77","17,56","31,32","21,69","33,71","18,48"
05/01/2024 00:00:00,"11,96","20,13","3,50","13,16",,"12,99","36,32","53,66","12,70","23,72","12,10","13,58","24,63","6,85","34,22","18,62","25,69","5,06","6,64","6,36","6,20","2,84","35,44","8,07","18,54","16,62","17,37","12,93","3,18","10,49","19,02","5,44","8,29","28,03","21,10","13,51","42,56","32,12","10,91","14,51","17,46","15,98","6,53","7,18","64,05","31,27","22,43","17,96","39,74","22,12","7,40","19,75","23,94","4,13","17,09","13,27","8,12","9,24","16,88","13,02","10,02","9,86","25,15",,"9,23","29,35","27,52","4,30","46,08","25,06","27,59","21,46","12,34","24,47","14,62","53,98","26,76","24,82","9,65","13,01","17,72","14,52","23,14","26,06","51,23","30,20","10,71","13,99","30,93","24,11","8,62","58,72","8,97","17,88","31,39","21,30","33,35","18,75"
08/01/2024 00:00:00,"12,06","20,36","3,72","13,73",,"13,01","36,14","56,58","12,98","23,93","12,06","13,48","24,51","6,89","35,32","18,54","26,89","4,98","6,97","6,47","6,11","2,86","35,20","8,10","18,86","16,99","17,38","13,46","3,32","10,50","19,55","5,53","8,38","27,82","21,40","13,52","43,54","32,05","11,21","14,59","17,61","16,20","6,71","7,21","66,45","32,16","22,52","18,46","40,96","22,04","7,35","19,64","23,68","4,19","17,30","13,78","8,14","9,12","17,91","13,17","10,58","10,05","25,38",,"9,32","28,80","27,31","4,44","45,75","25,13","27,28","22,40","12,57","25,24","14,52","56,03","26,58","25,39","10,05","13,17","18,15","14,39","24,00","25,58","51,89","30,04","11,04","14,11","31,13","23,85","8,56","58,42","9,15","17,88","32,32","21,10","33,44","18,94"
09/01/2024 00:00:00,"11,98","20,50","3,73","13,51",,"12,96","36,69","56,62","12,78","23,57","11,74","13,12","24,42","6,83","35,20","18,29","28,02","4,79","7,28","6,61","5,94","2,83","35,66","8,17","18,77","17,44","16,60","13,43","3,40","10,51","19,50","5,52","8,33","28,10","21,31","13,30","44,15","32,28","11,18","14,47","16,69","16,18","6,78","6,88","66,60","31,39","22,61","17,45","40,53","22,61","7,37","19,54","23,67","4,16","17,04","13,41","8,15","9,15","18,33","13,12","10,39","9,98","25,65",,"9,27","28,64","27,07","4,40","46,28","24,98","27,14","22,26","12,43","24,93","14,33","55,50","25,81","25,93","9,67","13,21","17,74","13,95","23,91","24,86","51,26","30,39","10,13","14,11","31,17","24,14","8,34","57,68","8,83","17,63","32,83","21,19","32,61","19,03"
10/01/2024 00:00:00,"12,10","20,48","3,72","13,16",,"12,90","37,64","56,57","12,65","23,53","11,54","12,89","24,27","6,80","35,18","18,00","27,90","4,64","6,98","6,62","5,81","2,82","35,70","8,12","18,57","17,58","16,17","13,57","3,25","10,45","19,61","5,65","8,34","28,04","22,03","12,98","44,22","32,72","11,26","14,39","16,20","15,94","6,55","6,74","66,75","31,10","22,46","17,28","39,59","22,87","7,34","19,61","23,65","4,17","17,18","13,15","8,12","9,15","18,68","13,01","10,00","9,51","25,57",,"9,18","28,36","26,83","4,43","44,35","24,63","26,83","22,56","12,57","24,84","14,03","56,21","25,49","26,11","9,78","13,44","17,80","13,77","23,61","24,54","50,96","30,30","10,25","14,06","31,08","24,11","8,12","56,82","8,63","17,77","32,85","21,36","32,75","18,69"
11/01/2024 00:00:00,"11,92","20,24","3,77","13,44",,"12,85","38,04","55,98","12,68","23,69","11,53","12,83","24,34","6,74","34,93","18,03","28,08","4,66","6,85","6,66","5,69","2,81","35,31","8,08","18,57","17,78","16,13","13,36","3,22","10,61","19,69","5,57","8,19","27,65","21,62","12,73","43,53","32,20","10,98","14,50","15,98","15,63","6,52","6,71","64,95","30,63","22,38","17,20","39,43","22,78","7,31","19,59","23,69","4,11","17,12","13,12","7,98","9,17","18,68","12,90","9,45","8,39","25,94",,"9,15","28,65","27,05","4,31","45,50","24,41","26,35","21,89","12,43","24,51","14,07","54,43","25,41","26,02","9,76","13,77","17,41","13,82","23,49","24,47","51,33","30,08","9,49","13,84","31,08","24,30","8,24","57,12","8,68","17,60","32,82","21,24","32,29","18,74"
12/01/2024 00:00:00,"11,95","20,40","3,90","13,81",,"12,77","37,79","55,93","12,81","23,83","11,43","12,72","24,38","6,79","35,72","17,94","28,20","4,62","6,81","6,67","5,66","2,82","34,74","8,08","18,86","17,91","16,16","13,51","3,31","10,70","19,62","5,56","8,35","27,27","21,42","12,75","43,46","32,20","11,10","14,51","16,07","15,67","6,62","6,71","67,95","31,20","22,61","17,21","39,16","22,66","7,34","19,62","23,72","4,18","17,35","13,53","8,19","9,20","19,36","12,92","9,27","7,82","26,15",,"9,17","28,80","27,12","4,23","46,08","24,13","26,33","22,23","12,14","24,68","14,55","54,42","25,26","26,02","9,79","13,85","17,49","13,85","23,54","24,70","50,78","30,18","9,32","14,01","31,38","24,83","8,19","56,39","8,68","18,08","32,90","21,42","32,15","18,93"
15/01/2024 00:00:00,"11,95","20,39","3,97","14,25",,"12,81","38,28","54,21","12,84","24,29","11,46","12,77","24,64","6,81","35,85","17,86","28,53","4,51","6,93","6,69","5,48","2,84","34,83","8,07","18,89","18,12","16,11","13,48","3,35","10,80","19,63","5,55","8,42","27,42","21,14","12,80","43,87","32,91","10,97","14,46","16,05","15,61","6,65","6,74","68,40","30,60","22,46","17,20","39,48","22,71","7,39","19,72","23,76","4,18","17,50","13,56","8,23","9,34","19,53","13,00","9,13","7,86","25,80",,"9,04","29,09","27,42","4,27","47,07","24,40","26,15","22,06","11,90","24,77","14,72","54,59","25,23","26,37","9,79","13,90","17,64","13,91","23,45","24,88","51,05","30,40","9,33","14,20","31,08","24,97","8,26","56,28","8,70","18,03","32,88","21,39","31,82","19,21"
16/01/2024 00:00:00,"11,74","19,99","3,76","14,03",,"12,71","36,99","53,64","12,70","24,16","11,28","12,66","24,48","6,54","35,26","17,66","27,93","4,37","6,72","6,53","5,37","2,72","34,44","7,99","17,73","18,03","15,52","13,51","3,29","10,86","19,25","5,52","7,90","26,79","21,08","12,62","43,00","32,54","10,76","14,15","15,59","15,68","6,61","6,58","66,75","30,05","21,92","18,58","38,41","22,56","7,27","19,45","23,43","4,09","17,01","13,33","8,02","8,88","18,68","12,61","8,90","7,76","25,20",,"8,88","28,77","27,07","4,30","45,88","23,93","25,94","21,57","11,65","23,97","14,38","53,78","24,78","26,08","9,76","13,70","17,12","14,19","23,48","24,42","50,16","30,24","9,32","13,95","30,87","24,25","8,09","55,55","8,49","17,40","33,18","21,38","31,16","18,68"
17/01/2024 00:00:00,"11,81","19,86","3,81","13,66",,"12,75","36,99","52,20","12,48","24,20","11,30","12,68","24,80","6,51","34,44","17,31","26,82","4,16","6,79","6,54","5,27","2,75","34,47","8,08","17,49","18,12","15,07","13,95","3,19","10,95","19,24","5,55","8,07","26,49","21,02","12,60","42,90","32,51","10,77","13,94","15,50","15,53","6,48","6,50","64,50","29,68","21,88","18,31","37,80","22,56","7,29","19,39","23,44","4,06","17,08","13,38","7,93","9,09","18,42","12,67","8,89","7,90","25,09",,"8,86","28,53","26,92","4,30","45,05","23,73","25,72","20,86","11,47","23,53","14,27","54,37","25,04","26,13","9,78","13,78","16,77","14,74","23,42","24,34","49,95","30,22","9,23","14,15","30,92","24,66","8,01","54,55","8,19","17,51","32,96","21,50","30,97","18,75"
18/01/2024 00:00:00,"11,73","19,43","3,77","13,36",,"12,56","36,13","51,28","12,59","23,92","11,17","12,61","25,14","6,48","34,06","17,28","28,86","4,10","6,55","6,41","5,27","2,70","33,72","7,92","17,21","18,09","15,41","13,74","3,26","11,04","18,69","5,39","8,02","26,00","20,80","12,26","40,61","31,95","10,47","13,61","15,69","15,47","6,48","6,54","60,00","29,39","21,58","18,33","37,50","22,29","7,23","19,27","23,34","3,95","16,60","13,15","7,80","8,98","17,13","12,57","8,54","7,78","24,83",,"8,78","28,32","26,81","4,20","44,76","24,09","25,63","20,62","11,16","23,40","15,94","52,96","24,91","25,39","9,63","13,62","15,75","15,05","23,30","24,82","48,84","29,90","8,79","14,15","30,10","24,38","8,24","54,28","7,66","17,39","32,45","21,36","30,73","18,30"
19/01/2024 00:00:00,"11,74","19,54","3,86","13,86",,"12,59","36,72","51,74","12,53","24,17","11,07","12,59","25,27","6,54","34,31","17,05","29,03","4,15","6,60","6,35","5,25","2,71","33,53","7,93","17,47","17,91","15,65","13,97","3,25","11,12","19,15","5,49","8,17","25,82","21,06","12,69","40,29","31,74","10,74","13,50","15,89","15,57","6,57","6,58","60,30","29,12","21,84","18,80","37,44","22,36","7,26","19,41","23,40","4,05","16,80","13,34","7,93","9,16","17,39","12,71","8,85","7,97","24,88",,"8,86","28,30","26,67","4,21","44,61","24,31","25,16","21,22","11,25","23,29","16,27","53,61","25,16","25,47","9,84","13,67","15,96","14,83","23,80","25,79","49,10","30,00","9,04","14,33","30,39","24,61","8,22","53,57","7,76","17,77","32,93","21,37","31,04","18,94"
22/01/2024 00:00:00,"11,75","19,48","3,77","13,19",,"12,62","35,90","50,57","12,25","24,01","11,01","12,44","25,32","6,51","34,35","16,90","28,64","3,90","6,56","6,30","5,12","2,60","33,37","7,86","17,47","17,97","15,47","14,00","3,17","11,25","19,10","5,44","7,99","25,62","21,47","12,72","40,26","31,39","10,58","13,47","15,73","15,46","6,19","6,55","56,85","28,75","21,48","18,57","36,74","22,27","7,17","19,21","23,02","3,95","16,59","12,61","7,87","8,95","16,71","12,61","8,41","7,84","24,50",,"8,66","28,37","26,79","4,26","44,16","24,27","24,78","21,11","11,02","23,13","16,29","52,38","25,25","25,33","9,49","13,70","15,26","14,75","22,85","25,83","48,97","29,65","8,98","14,23","29,14","24,60","8,31","53,33","7,43","17,87","32,85","21,45","30,95","18,79"
23/01/2024 00:00:00,"11,76","19,95","3,88","13,22",,"12,64","36,12","50,85","12,48","24,44","11,03","12,38","25,24","6,88","34,71","17,32","28,03","4,06","6,72","6,36","5,18","2,64","33,39","8,00","17,92","18,26","15,73","14,09","3,22","11,67","19,31","5,43","8,09","26,03","22,21","12,95","40,87","31,50","10,57","13,72","16,01","15,41","6,30","6,65","59,10","28,83","21,92","18,74","40,63","22,46","7,27","19,27","23,12","4,01","16,83","12,69","8,01","9,02","16,62","12,71","8,48","7,94","24,96",,"8,76","28,78","27,12","4,33","44,33","24,06","25,20","21,73","11,31","23,71","16,22","52,84","25,09","25,80","9,65","13,89","15,38","14,96","22,92","26,48","49,38","29,80","9,06","14,19","29,67","24,87","8,35","54,43","7,61","18,03","32,56","21,48","31,31","19,12"
24/01/2024 00:00:00,"11,68","19,39","3,84","12,94",,"12,79","36,15","49,09","12,39","24,49","10,97","12,33","25,04","6,88","34,83","17,50","27,86","4,17","6,87","6,39","5,31","2,59","33,44","7,95","17,81","17,87","16,09","13,82","3,16","11,87","19,17","5,45","8,07","26,15","22,44","12,98","40,05","31,43","10,39","13,88","16,38","15,86","6,25","6,77","59,40","28,59","21,71","18,62","39,38","22,21","7,21","19,26","23,02","3,92","16,80","12,60","8,25","8,83","16,45","12,55","8,58","8,03","24,64",,"8,85","28,51","26,92","4,41","44,60","24,16","24,31","21,33","11,19","23,93","16,34","52,31","24,90","25,56","9,79","13,74","15,17","14,99","22,55","26,29","49,16","29,65","9,09","14,18","29,62","24,75","8,67","54,99","7,49","18,30","32,30","21,40","31,03","18,40"
25/01/2024 00:00:00,"11,61","19,69","3,76","13,57",,"12,74","36,21","50,63","12,20","24,46","10,95","12,36","24,67","6,87","34,48","17,25","27,85","4,04","6,89","6,42","5,25","2,58","33,68","8,05","17,83","17,91","16,18","14,02","3,21","11,59","19,88","5,69","8,10","26,08","22,43","12,90","40,69","32,18","10,58","13,79","16,42","16,24","6,37","6,75","60,15","28,04","21,67","18,61","39,74","22,18","7,19","19,20","22,97","3,96","16,82","12,88","8,35","9,06","17,73","12,53","8,57","7,98","24,99",,"8,85","29,84","27,91","4,60","44,80","23,79","24,32","21,27","11,15","23,74","16,40","52,07","24,63","25,30","9,57","13,86","15,15","15,17","22,97","26,39","49,14","29,55","9,81","14,14","29,61","24,87","8,73","53,63","7,46","18,28","32,40","21,41","30,83","17,59"
26/01/2024 00:00:00,"11,61","19,64","3,73","13,37",,"12,69","35,97","51,21","12,01","24,63","10,99","12,49","24,67","6,94","34,51","17,38","28,24","4,13","7,09","6,41","5,38","2,58","34,36","7,98","17,94","17,40","16,40","14,01","3,07","11,28","19,60","5,64","8,12","25,96","22,11","12,87","40,53","32,62","10,48","13,64","16,47","16,26","6,46","6,79","58,95","27,58","21,66","18,76","39,48","22,08","7,24","19,42","23,31","3,96","16,93","12,59","8,35","9,15","17,82","12,49","8,34","8,08","25,39",,"8,83","30,49","28,40","4,54","45,69","23,54","24,47","21,45","10,99","24,08","16,52","50,18","24,80","25,25","9,65","13,85","15,19","15,13","23,14","25,88","50,15","29,64","9,55","14,25","29,59","25,19","9,18","54,67","7,47","18,20","32,56","21,60","30,76","17,82"
29/01/2024 00:00:00,"11,65","19,39","3,62","14,01",,"12,59","35,98","50,40","12,00","24,43","10,95","12,38","24,93","6,80","34,16","17,23","27,62","4,00","7,24","6,42","5,39","2,50","33,90","7,91","17,63","17,37","16,32","14,05","2,97","11,38","19,35","5,58","8,09","25,56","22,03","12,92","41,07","32,50","10,37","13,57","16,11","16,17","6,37","6,73","58,50","28,36","21,84","18,25","38,96","22,07","7,18","19,37","23,19","3,91","16,63","12,53","8,12","9,14","17,73","12,47","8,31","7,96","25,35",,"8,81","30,78","28,83","4,44","44,76","23,59","24,60","21,66","10,79","23,71","16,14","49,47","24,40","25,04","9,88","13,95","14,90","14,85","22,94","26,25","48,15","29,53","9,32","14,20","30,12","24,85","8,99","54,41","7,43","18,03","32,28","21,51","30,83","17,61"
30/01/2024 00:00:00,"11,47","19,20","3,60","13,62",,"12,51","35,40","49,38","11,81","24,31","10,90","12,29","24,74","6,59","33,45","17,15","27,24","3,93","6,47","6,34","5,44","2,46","33,19","7,83","17,64","17,29","16,17","14,00","2,87","11,25","19,02","5,53","8,07","25,37","22,58","12,81","40,86","31,93","10,14","13,39","16,04","15,98","6,46","6,71","57,90","27,71","21,79","17,81","38,31","21,56","7,16","19,21","23,04","3,85","16,51","12,43","7,88","8,99","16,96","12,38","8,14","7,64","25,11",,"8,70","30,64","28,65","4,49","44,09","23,28","24,55","21,44","11,03","23,20","15,85","48,62","24,65","24,86","9,79","14,06","14,70","14,90","22,61","25,94","49,38","29,26","8,94","13,96","29,88","24,75","8,79","54,10","7,34","18,28","31,07","21,47","30,59","17,10"
31/01/2024 00:00:00,"11,50","19,58","3,72","13,24",,"12,68","35,92","55,35","11,90","24,40","10,93","12,35","25,05","6,61","33,56","17,06","26,90","4,00","6,69","6,35","5,36","2,48","33,59","7,92","17,65","17,23","16,01","14,05","2,91","11,41","19,19","5,56","8,13","25,67","22,49","12,76","41,11","32,72","10,17","13,46","15,86","16,25","6,46","6,68","58,20","28,16","21,96","18,02","39,58","21,65","7,24","19,33","23,29","3,85","16,44","12,80","8,06","9,11","17,99","12,35","8,21","7,88","25,09",,"8,80","30,63","28,97","4,68","43,93","23,41","23,66","21,85","11,25","23,72","15,97","48,29","24,18","25,20","9,86","14,18","15,11","14,97","22,43","25,87","48,92","29,26","9,17","14,10","30,20","25,06","8,88","53,30","7,46","18,60","31,49","21,67","29,99","17,38"
01/02/2024 00:00:00,"11,49","19,68","3,68","13,16",,"12,43","36,62","55,58","12,08","24,96","10,98","12,33","25,09","6,51","34,18","16,72","26,24","3,96","6,75","6,46","5,38","2,45","33,76","8,04","17,93","17,21","15,86","14,05","3,06","11,50","19,41","5,66","8,15","25,45","22,18","12,84","41,51","33,09","10,10","13,58","15,81","16,28","6,40","6,64","58,65","28,37","22,08","18,23","39,18","21,80","7,23","19,45","23,23","3,76","16,29","12,89","7,88","8,90","18,87","12,44","8,15","7,83","25,12",,"8,76","31,22","29,54","4,76","43,15","23,51","23,50","21,81","11,36","23,38","15,98","48,61","24,59","25,28","9,99","14,18","14,70","15,07","22,82","25,39","48,43","29,73","9,14","14,37","30,68","25,32","8,92","53,06","7,36","18,39","31,75","22,12","30,26","17,24"
02/02/2024 00:00:00,"11,49","19,53","3,56","13,10",,"12,38","35,78","55,53","11,97","24,95","10,91","12,34","24,93","6,52","34,17","16,45","26,43","3,79","6,65","6,26","5,23","2,28","33,00","7,95","17,34","17,02","15,46","13,84","3,03","11,52","19,33","5,51","7,91","25,12","22,15","12,64","41,25","32,63","10,22","13,46","16,19","15,86","6,60","6,74","57,45","27,85","21,80","18,00","39,19","21,85","7,22","19,38","23,27","3,77","16,22","12,55","7,80","8,71","18,04","12,38","8,11","7,60","24,55",,"8,72","30,76","29,16","4,80","42,45","23,59","23,25","21,64","10,91","23,30","15,22","47,79","24,32","24,40","10,30","14,16","14,55","14,99","22,67","24,92","48,66","29,34","8,81","14,40","30,36","24,59","8,79","51,98","7,24","18,28","30,83","22,11","30,22","16,66"
05/02/2024 00:00:00,"11,51","19,39","3,51","13,01",,"12,38","35,94","52,48","11,88","25,22","11,13","12,59","25,27","6,48","34,46","16,38","26,71","3,80","6,41","6,26","5,10","2,13","33,26","7,99","17,47","17,33","15,68","13,94","3,07","11,64","18,99","5,56","7,73","25,43","22,41","12,67","41,09","32,51","10,02","13,50","16,09","15,94","6,69","6,73","57,75","27,86","21,66","17,53","39,41","22,07","7,34","19,62","23,71","3,78","16,36","11,98","7,79","8,33","17,86","12,34","7,89","7,43","24,68",,"8,64","30,76","29,28","4,76","42,05","23,73","22,88","21,48","11,08","23,43","15,20","47,95","24,59","24,65","10,61","14,25","14,32","14,97","23,04","24,86","49,05","29,15","8,67","14,55","30,46","25,07","8,79","51,53","7,09","18,53","30,33","22,31","30,84","16,51"
06/02/2024 00:00:00,"11,63","19,60","3,52","13,36",,"12,47","37,97","52,62","12,00","25,76","11,62","13,38","25,96","6,55","34,99","16,72","28,03","3,93","6,79","6,33","5,15","2,16","33,78","8,07","17,92","17,12","16,24","14,26","3,15","11,96","19,49","5,66","7,96","25,58","21,55","12,89","42,64","33,06","10,19","13,69","16,38","15,93","6,95","6,88","57,30","28,25","22,00","17,60","41,02","22,70","7,63","20,50","24,73","3,80","16,66","12,45","8,02","8,30","18,78","12,37","7,96","7,48","24,95",,"8,75","31,22","29,55","4,75","43,60","24,12","23,52","21,33","10,97","24,29","15,77","47,01","25,12","24,72","10,53","14,44","14,51","15,18","22,55","25,65","50,91","29,42","8,97","14,75","31,00","25,22","8,91","52,44","7,26","18,76","30,20","22,73","30,82","17,11"
07/02/2024 00:00:00,"11,43","19,80","3,67","13,38",,"12,59","38,02","53,08","12,20","25,70","10,10","11,25","26,21","6,57","35,76","16,78","28,72","3,83","7,20","6,27","5,16","2,13","33,78","8,11","17,95","17,44","16,55","14,54","3,09","11,92","19,79","5,74","8,31","26,01","21,41","12,90","42,45","33,04","10,32","13,65","16,42","16,23","7,05","6,89","54,90","28,99","22,44","17,63","41,05","22,70","7,58","20,30","24,55","3,88","16,67","12,37","8,12","8,66","19,05","12,66","7,94","7,40","25,10",,"8,82","31,52","29,99","4,86","43,97","24,27","23,62","22,23","11,05","24,45","15,77","47,75","24,53","25,04","10,72","14,45","15,01","15,32","22,80","26,03","50,90","29,57","9,19","14,82","31,48","25,76","9,02","52,55","7,48","18,77","30,19","22,74","31,18","17,12"
08/02/2024 00:00:00,"11,39","19,31","3,51","13,40",,"12,38","37,80","51,82","11,96","25,31","10,02","10,93","25,23","6,42","34,78","16,59","28,79","3,79","7,42","6,19","5,20","2,08","33,08","7,95","17,82","17,18","16,31","14,41","3,15","11,17","19,47","5,65","8,14","25,72","21,64","12,69","41,64","31,62","9,95","13,33","16,10","15,79","6,96","6,76","52,05","28,57","21,85","17,03","39,65","22,50","7,47","20,11","24,07","3,60","16,70","11,93","7,91","8,41","18,96","12,68","7,54","6,70","24,54",,"8,61","31,41","29,75","4,82","43,40","23,25","23,49","22,31","10,51","24,04","15,68","46,97","23,97","24,54","10,76","14,20","14,55","14,97","22,65","25,14","50,66","28,96","8,94","14,99","28,40","25,90","9,09","52,08","7,35","18,69","29,63","22,65","31,34","17,14"
09/02/2024 00:00:00,"11,39","19,11","3,48","12,94",,"12,48","38,42","53,23","12,03","24,89","9,92","10,85","24,89","6,32","35,01","16,42","27,69","3,83","7,49","6,27","5,10","2,04","33,22","8,05","17,88","17,63","16,07","13,99","3,18","11,17","19,85","5,68","8,11","25,50","22,27","12,83","41,78","31,48","10,16","13,32","15,82","15,79","7,14","6,66","52,65","28,35","21,88","16,85","38,65","22,43","7,50","20,35","24,37","3,53","16,50","11,83","7,71","8,72","19,05","12,85","7,35","7,16","23,80",,"8,34","31,06","29,35","4,88","42,36","23,39","23,78","22,82","10,21","24,29","15,23","46,84","24,08","25,08","10,74","14,35","14,26","15,05","23,07","24,45","49,95","28,98","9,50","14,95","29,34","26,36","8,97","51,85","7,26","19,23","29,69","22,64","30,94","16,91"
14/02/2024 00:00:00,"11,36","18,83","3,46","12,75",,"12,41","37,84","51,98","11,69","25,22","9,79","10,77","25,00","6,13","34,49","16,40","27,41","3,62","7,39","6,22","4,95","2,00","32,94","8,05","17,61","17,29","16,13","13,63","3,17","11,22","19,38","5,60","8,02","25,56","22,52","12,34","40,87","31,02","9,89","13,17","15,64","15,60","6,98","6,60","51,30","27,46","21,76","16,53","38,48","22,38","7,50","20,28","24,37","3,49","16,38","11,64","7,57","8,48","18,50","12,92","7,13","7,01","23,37",,"8,20","30,74","29,13","4,82","42,55","22,74","23,66","22,58","10,16","23,03","15,05","46,39","23,84","23,57","10,73","14,20","14,03","14,56","22,54","23,89","49,52","28,67","9,29","14,95","28,74","26,02","9,05","51,70","7,21","18,69","29,29","22,99","31,09","16,83"
15/02/2024 00:00:00,"11,30","18,78","3,59","12,98",,"12,50","37,75","51,85","11,53","25,23","9,78","10,82","25,06","6,23","34,22","16,36","28,01","3,72","7,31","6,31","5,05","2,01","33,42","8,14","17,95","17,47","16,64","13,65","3,14","11,07","18,97","5,56","8,18","25,86","22,41","12,10","41,24","31,60","9,81","13,15","15,61","15,61","6,95","6,60","51,75","28,40","21,31","16,95","38,84","22,41","7,54","20,49","24,58","3,46","16,72","11,54","7,81","8,33","18,87","12,79","7,17","7,06","23,14",,"8,23","31,62","30,06","4,82","44,57","22,96","23,74","22,63","10,21","23,19","15,62","46,51","24,03","23,63","10,77","14,51","14,22","14,67","22,76","23,97","49,61","28,84","9,24","14,71","29,36","26,21","9,55","51,53","7,26","18,64","29,71","22,80","30,79","16,79"
16/02/2024 00:00:00,"11,22","18,72","3,78","13,18",,"12,55","37,41","51,98","11,57","25,02","9,82","10,86","24,79","6,29","33,94","16,66","28,81","3,86","7,42","6,42","5,14","2,06","33,22","8,17","18,30","17,57","17,19","13,65","3,15","11,16","18,91","5,64","8,08","25,79","22,22","12,36","41,12","31,31","10,12","13,13","15,99","15,55","6,84","6,73","52,20","29,57","21,25","16,93","39,34","22,26","7,57","20,62","24,55","3,49","16,85","11,48","7,76","8,49","18,69","12,49","7,16","7,30","23,33",,"8,27","32,19","30,34","4,84","45,40","22,92","23,61","22,20","10,31","23,09","16,18","46,27","24,52","23,98","10,77","14,64","14,37","15,29","22,57","23,77","50,28","28,63","9,70","14,15","29,55","26,54","9,77","53,49","7,55","19,00","29,86","22,22","30,97","17,21"
19/02/2024 00:00:00,"11,26","18,87","3,65","13,12",,"12,77","37,72","52,17","11,53","25,47","9,85","11,00","24,87","6,31","34,37","16,58","28,68","3,94","7,27","6,55","4,99","2,11","33,22","8,30","18,17","17,67","17,08","13,79","3,30","11,40","18,75","5,62","7,85","26,09","22,39","12,34","40,98","31,39","9,90","13,03","16,03","15,67","6,80","6,73","52,35","28,96","21,47","17,08","39,98","22,37","7,63","20,77","24,82","3,48","16,76","11,64","7,44","8,57","19,14","12,41","7,26","7,32","23,25",,"8,42","32,33","30,49","4,88","45,89","22,82","23,29","22,02","10,54","22,13","15,97","46,89","24,55","23,60","10,61","14,72","14,05","15,03","22,44","23,68","50,27","28,43","9,87","14,22","29,58","26,53","9,82","53,09","7,40","18,80","30,45","22,30","31,05","17,37"
20/02/2024 00:00:00,"11,30","19,13","3,73","13,56",,"12,44","39,14","53,38","11,76","25,63","10,07","11,26","25,13","6,24","34,77","16,22","28,67","4,03","7,20","6,62","4,88","2,13","33,60","8,35","18,13","17,92","16,25","14,35","3,32","11,41","19,34","5,97","8,12","26,18","22,48","12,43","41,39","31,65","10,31","13,13","16,14","15,75","6,97","6,77","53,25","29,13","21,58","17,51","40,63","22,67","7,86","21,39","25,36","3,56","16,93","11,76","7,44","9,17","18,50","12,78","7,63","7,61","23,42",,"8,40","31,68","30,17","4,84","46,12","23,06","23,96","22,12","10,37","22,57","16,36","48,21","24,78","23,75","10,61","14,64","14,86","15,68","23,09","24,11","51,06","28,46","10,25","14,32","29,75","27,16","9,99","51,93","7,80","19,50","30,98","22,33","31,78","17,57"
21/02/2024 00:00:00,"11,34","19,12","3,83","13,88",,"12,57","38,38","53,10","11,64","25,70","10,00","11,22","24,97","6,37","35,44","16,12","28,92","4,02","7,41","6,49","4,95","2,13","32,98","8,16","17,92","17,23","15,77","14,54","3,23","11,43","19,67","6,02","8,05","26,06","22,21","12,49","40,76","31,12","10,33","13,05","16,47","15,53","7,32","6,81","50,85","29,43","21,61","17,66","39,80","21,82","7,76","21,35","25,22","3,54","16,86","11,76","7,44","9,20","17,95","12,90","7,37","7,58","23,12",,"8,34","31,76","30,21","4,86","47,00","23,10","24,13","21,78","10,33","22,33","16,52","48,13","24,45","23,41","10,71","14,33","14,61","15,42","22,87","24,76","52,38","28,03","9,88","14,51","29,75","27,65","10,00","52,32","7,83","19,98","30,44","22,62","33,96","17,61"
22/02/2024 00:00:00,"11,40","19,30","3,90","14,37",,"12,47","38,29","53,14","11,50","25,12","9,98","11,28","25,32","6,45","35,24","16,30","28,83","4,00","8,06","6,48","4,91","2,07","32,98","8,20","17,53","17,37","15,76","14,66","3,26","11,88","19,84","5,95","8,22","26,05","22,48","12,43","40,82","30,93","10,72","13,06","16,32","15,56","7,56","6,83","53,70","30,03","22,04","18,15","40,12","21,76","7,78","21,35","25,07","3,68","17,04","12,07","7,53","9,49","19,33","13,05","7,43","7,70","23,03",,"8,31","31,78","29,98","4,74","46,95","23,37","24,20","21,69","10,44","22,33","16,73","47,74","24,39","23,51","10,69","14,53","14,92","15,36","23,45","24,64","52,83","28,36","10,40","15,07","30,45","27,56","10,29","52,88","7,97","20,26","30,98","23,70","32,89","17,92"
23/02/2024 00:00:00,"11,33","19,13","3,90","14,27",,"12,42","37,98","53,03","11,31","24,80","9,96","11,14","25,09","6,27","34,43","16,30","27,67","3,91","7,91","6,39","4,85","2,01","33,22","8,14","17,14","16,91","16,01","14,50","3,19","11,92","19,66","5,95","8,09","26,06","22,44","12,20","40,91","31,03","11,16","13,00","16,18","15,48","7,49","6,76","53,85","29,93","21,56","18,22","40,10","21,42","7,68","21,34","25,15","3,57","16,88","12,17","7,30","9,47","19,69","12,94","7,31","7,70","23,25",,"8,22","31,70","29,78","4,67","45,80","23,48","24,49","21,61","10,19","21,93","16,22","47,46","24,06","23,15","10,45","14,42","14,72","15,18","22,68","24,64","52,38","28,27","10,18","14,95","30,21","27,15","10,34","53,00","7,96","20,17","30,77","23,34","33,36","17,63"
26/02/2024 00:00:00,"11,47","19,18","3,98","14,16",,"12,36","38,03","51,55","11,34","25,04","9,93","11,12","25,10","6,40","34,43","15,97","27,62","3,85","8,08","6,41","4,88","2,02","32,76","8,09","17,33","16,83","15,50","14,54","3,16","11,92","19,65","5,93","8,18","25,88","22,55","12,48","41,33","31,00","11,04","13,05","15,98","15,38","7,60","6,72","53,70","29,68","21,60","18,44","38,55","21,31","7,67","21,32","25,22","3,51","17,14","12,19","7,58","9,56","19,33","12,93","7,20","7,64","23,32",,"8,25","32,03","30,34","4,80","45,86","23,43","24,88","21,53","10,36","21,85","16,22","46,48","23,96","23,07","9,92","14,43","14,84","15,18","22,44","25,03","53,19","28,16","10,14","14,95","30,20","27,47","10,31","51,72","8,06","20,29","31,22","23,08","34,19","17,73"
27/02/2024 00:00:00,"11,70","19,71","4,24","14,26",,"12,54","38,84","52,60","11,59","25,35","10,02","11,30","25,21","6,57","34,07","16,20","27,84","4,01","8,17","6,47","4,96","2,17","32,67","8,15","17,67","16,81","15,65","14,55","3,31","11,70","20,44","6,14","8,37","26,44","23,15","12,71","41,91","31,40","11,35","13,43","16,32","15,47","7,64","6,86","56,25","30,38","21,96","18,90","40,12","21,65","7,82","21,59","25,53","3,64","17,41","12,88","8,07","9,79","20,15","13,22","7,74","8,12","23,71",,"8,25","31,95","30,29","5,03","45,40","24,17","24,89","21,84","10,81","22,75","16,24","48,63","24,46","23,28","10,02","14,32","15,65","15,41","23,16","25,78","53,85","28,39","10,67","15,25","29,95","27,45","10,48","53,08","8,38","20,34","30,86","23,82","34,56","18,63"
28/02/2024 00:00:00,"11,83","19,71","4,28","13,58",,"12,47","38,65","52,53","11,49","25,40","9,98","11,25","25,47","6,57","33,91","15,97","28,08","4,00","8,24","6,53","4,84","2,15","32,65","8,16","16,92","16,81","15,40","14,16","3,30","11,62","20,22","6,05","8,33","26,30","23,63","12,82","41,10","31,58","10,91","13,16","16,25","15,34","7,46","6,81","56,85","30,39","21,99","19,17","37,93","21,71","7,85","21,70","25,54","3,67","17,59","12,52","8,17","10,03","19,88","13,08","7,75","7,85","23,48",,"8,24","30,23","28,73","5,05","44,50","25,61","24,94","21,68","10,83","22,09","16,04","48,05","24,48","23,30","9,85","14,30","15,11","15,46","22,59","26,19","54,38","28,13","10,26","15,33","29,55","27,17","10,58","52,50","8,02","20,44","30,28","23,51","34,51","18,30"
29/02/2024 00:00:00,"11,06","19,69","4,34","13,76",,"12,35","38,29","52,38","11,72","25,01","9,84","11,08","25,31","6,57","33,91","15,87","27,46","3,98","8,59","6,60","4,79","2,14","32,78","8,11","16,42","16,67","15,19","14,64","3,35","11,60","20,64","6,04","8,23","26,58","24,12","12,83","41,30","31,57","11,12","13,16","16,21","15,23","7,58","6,81","55,05","29,35","21,78","18,24","37,70","21,81","7,67","21,10","24,91","3,65","17,57","12,60","8,48","10,16","19,51","12,97","7,55","7,62","23,78",,"8,38","29,95","28,52","5,13","43,71","25,06","24,92","21,52","10,58","22,13","15,94","47,29","24,14","23,18","9,83","14,23","14,88","15,41","22,63","25,97","53,41","28,43","9,95","14,78","29,41","26,12","10,70","52,70","7,97","20,26","30,47","22,99","34,30","18,35"
01/03/2024 00:00:00,"10,94","19,60","4,44","13,62",,"12,37","38,51","52,48","11,35","25,04","9,92","11,12","24,99","6,56","33,55","15,60","27,76","4,01","8,88","6,66","4,75","2,21","32,79","8,01","16,22","16,83","15,41","14,54","3,43","11,67","21,00","6,08","8,34","25,94","25,55","12,61","41,04","31,26","11,49","13,28","16,91","15,03","7,47","6,98","55,80","30,53","21,85","18,06","37,69","21,66","7,68","21,24","25,02","3,64","17,52","13,26","8,40","9,89","20,33","12,92","7,51","7,60","23,50",,"8,44","29,94","28,55","5,15","44,35","25,11","24,94","21,09","10,65","22,22","16,21","46,84","24,13","23,50","10,21","14,33","15,01","15,29","23,41","24,79","54,49","28,11","9,74","14,97","29,86","26,17","10,74","52,61","7,99","20,84","30,10","22,78","34,87","18,53"
04/03/2024 00:00:00,"10,97","19,37","4,20","13,60",,"12,11","38,38","50,25","11,24","24,93","9,77","11,01","24,98","6,48","33,55","15,47","27,55","3,93","8,76","6,57","4,80","2,19","32,33","7,97","16,04","16,22","15,06","14,57","3,34","11,95","20,75","6,16","8,17","25,63","26,65","12,19","40,51","31,13","11,31","13,14","16,61","14,81","7,32","6,91","54,00","30,05","21,67","18,36","41,50","20,74","7,66","21,10","24,83","3,58","17,52","12,90","8,37","9,53","19,51","12,87","7,41","7,79","23,41",,"8,44","29,83","28,48","5,16","44,11","25,01","24,17","20,94","10,66","21,60","15,88","45,65","24,06","23,33","10,10","14,31","14,63","15,12","22,78","24,61","55,40","27,94","9,27","14,76","29,48","25,98","10,34","52,49","7,67","20,81","29,46","22,15","34,72","18,00"
05/03/2024 00:00:00,"11,21","19,27","4,32","14,02",,"12,10","38,38","51,20","11,14","25,11","9,87","11,07","24,94","6,59","33,13","15,56","27,75","3,94","8,79","6,57","4,73","2,31","32,08","8,02","15,79","16,29","14,97","14,66","3,52","12,11","20,70","6,24","8,26","25,66","26,46","12,15","41,16","31,16","11,40","12,94","16,41","14,86","7,23","6,81","56,25","29,18","21,73","18,67","41,27","20,83","7,67","21,07","24,81","3,58","17,36","13,03","8,54","9,39","19,42","13,04","7,46","7,76","23,44",,"8,77","29,65","28,40","5,17","44,32","25,22","23,72","20,90","10,80","21,51","15,95","45,34","23,89","23,02","10,24","14,24","14,80","15,18","22,94","24,59","55,51","27,94","9,59","14,57","29,17","25,80","10,38","51,80","7,83","19,66","29,63","21,97","35,00","18,37"
06/03/2024 00:00:00,"11,16","19,46","4,27","13,98",,"12,13","38,58","52,31","11,19","25,48","9,81","11,15","24,82","6,47","33,26","15,39","26,51","3,90","8,68","6,62","4,71","2,30","31,86","8,05","15,72","16,25","15,03","14,77","3,38","12,37","21,00","6,34","8,12","25,31","26,42","12,41","41,39","31,17","10,78","12,98","16,19","15,02","7,32","6,67","56,70","29,80","21,75","18,64","42,13","20,54","7,77","21,33","25,08","3,54","17,24","12,80","8,24","9,07","18,87","13,02","7,47","7,81","23,49",,"9,18","30,16","29,02","5,19","43,64","25,65","24,32","21,17","10,84","21,79","14,85","45,80","23,72","22,85","10,36","14,34","14,78","15,17","23,18","24,59","55,25","27,82","9,78","14,75","29,90","25,91","10,39","52,51","7,72","19,47","30,52","21,94","34,72","18,79"
07/03/2024 00:00:00,"11,12","19,34","4,31","14,00",,"12,06","38,16","51,93","11,26","25,24","9,76","11,10","24,97","6,41","33,14","15,50","26,62","3,89","8,92","6,51","4,77","2,31","31,87","8,04","15,58","16,78","14,31","14,59","3,29","13,01","20,72","6,33","8,08","25,84","26,10","12,26","40,93","31,11","10,48","12,94","15,95","15,08","7,72","6,64","57,15","29,33","21,95","18,28","42,07","20,87","7,71","21,14","24,82","3,53","17,41","12,95","8,32","9,25","18,69","13,04","7,89","7,67","23,42",,"9,48","29,98","28,70","5,27","43,35","27,09","24,32","20,96","11,10","21,49","14,36","47,44","23,85","23,34","10,45","14,33","14,82","15,01","22,96","24,67","55,75","28,43","10,25","15,10","28,82","25,80","10,28","52,33","7,64","18,79","30,26","22,18","34,50","19,52"
08/03/2024 00:00:00,"11,29","19,34","4,28","13,97",,"12,07","38,30","52,06","11,38","24,99","9,79","11,17","24,89","6,48","33,20","15,38","27,76","3,94","9,03","6,60","4,69","2,27","31,67","8,07","15,85","17,03","14,73","14,82","3,37","12,91","21,15","6,43","8,01","25,76","26,49","12,51","41,43","31,03","10,64","12,69","16,09","15,07","7,61","6,64","58,20","29,46","22,00","18,56","41,56","21,26","7,78","21,28","25,04","3,58","17,16","12,94","8,26","9,42","18,78","13,02","8,07","7,76","23,51",,"9,49","26,87","26,08","5,06","44,70","27,29","24,28","21,04","10,96","21,92","14,81","47,42","24,08","23,58","10,66","14,42","14,63","15,15","22,72","25,39","56,06","28,42","10,37","15,41","28,87","26,04","10,50","51,93","7,49","18,75","30,28","22,07","34,52","19,22"
11/03/2024 00:00:00,"11,25","19,25","4,26","13,85",,"11,95","37,99","51,73","11,49","24,74","9,86","11,23","24,92","6,47","33,13","15,11","28,58","3,98","8,77","6,53","4,56","2,29","32,01","7,97","15,95","16,69","14,46","14,88","3,28","12,83","21,11","6,35","8,18","25,96","26,29","12,36","41,02","30,80","10,90","12,71","16,05","14,95","7,45","6,66","57,75","29,25","21,77","18,44","39,47","21,09","7,79","21,24","25,17","3,53","17,21","12,71","8,17","9,55","18,32","13,15","7,96","7,78","23,45",,"9,50","26,35","25,33","5,12","44,90","27,17","24,65","21,03","11,02","22,06","15,03","46,66","24,08","23,13","10,57","14,04","14,72","14,93","22,64","25,11","55,51","28,39","10,38","14,86","28,95","25,63","10,00","50,31","7,68","19,00","29,34","22,05","34,74","19,08"
12/03/2024 00:00:00,"11,29","19,52","4,42","14,27",,"11,78","38,52","53,59","11,71","25,08","10,00","11,37","25,00","6,56","33,94","15,10","28,88","3,95","8,95","6,59","4,63","2,37","31,49","7,96","16,09","16,48","14,63","15,39","3,39","12,84","21,53","6,33","8,28","25,79","26,14","12,55","41,15","30,80","11,12","12,53","16,31","15,22","7,61","6,71","58,80","29,98","21,90","18,99","39,28","21,25","7,89","21,28","25,27","3,57","17,42","13,19","8,30","9,80","18,50","13,24","8,13","7,90","23,65",,"9,55","27,15","26,17","5,11","47,50","27,35","24,85","21,14","11,17","22,02","15,39","47,82","24,15","23,09","10,57","13,86","15,05","14,82","23,08","24,77","56,02","28,42","10,41","15,09","29,91","25,71","9,87","50,00","7,87","18,97","29,63","22,01","35,16","19,17"
13/03/2024 00:00:00,"11,21","19,59","4,51","14,25",,"11,75","38,20","54,38","11,66","24,80","10,09","11,49","24,96","6,68","34,85","15,08","29,14","4,18","9,08","6,38","4,59","2,44","31,19","7,91","16,15","16,25","14,69","15,87","3,42","12,86","21,88","6,31","8,47","25,72","26,31","12,46","40,38","30,27","11,04","12,29","16,56","15,31","7,75","6,80","58,35","30,39","22,46","19,28","39,43","20,71","7,98","21,44","25,52","3,58","17,66","13,49","8,52","9,81","18,59","13,18","8,24","8,07","23,69",,"9,43","26,89","25,85","5,26","48,92","26,92","25,35","21,00","11,35","22,17","15,59","48,63","24,17","22,92","10,61","13,81","15,32","14,76","23,31","24,27","56,33","28,46","10,51","15,06","29,90","25,76","9,75","50,32","8,06","19,32","29,64","21,94","35,55","19,43"
14/03/2024 00:00:00,"11,25","19,54","4,38","14,09",,"11,95","38,73","54,96","11,43","24,69","10,09","11,56","25,13","6,77","34,64","15,05","28,80","4,11","8,92","6,12","4,47","2,39","31,15","7,96","16,02","16,19","14,14","15,73","3,36","12,88","21,78","6,42","8,27","25,59","28,99","12,70","39,80","30,43","11,22","12,40","16,06","15,66","7,81","6,64","57,75","29,26","22,32","18,86","38,95","20,77","7,98","21,49","25,51","3,62","17,75","13,17","8,79","9,97","18,41","13,09","8,24","8,23","23,78",,"9,57","26,70","25,74","5,29","48,60","27,06","25,21","21,03","11,33","22,26","15,21","48,11","24,14","22,82","10,45","13,75","14,90","14,87","23,49","25,50","56,39","28,45","9,99","15,26","29,71","25,90","9,55","49,68","7,85","19,76","29,38","22,43","35,33","19,12"
15/03/2024 00:00:00,"11,11","19,67","4,17","14,18",,"11,87","37,85","52,95","11,26","24,94","10,04","11,38","25,25","6,76","33,80","14,60","28,54","3,98","8,75","6,30","4,29","2,11","30,92","7,92","15,86","16,27","13,78","15,68","3,39","13,04","21,14","6,40","7,98","25,40","28,73","12,85","38,79","30,89","11,17","12,35","15,74","15,84","7,62","6,58","57,30","30,44","22,08","18,46","37,91","20,72","7,95","21,35","25,37","3,54","18,13","12,28","8,60","9,63","17,95","13,18","8,07","8,24","23,35",,"9,67","26,65","25,81","5,22","47,80","26,99","25,25","20,90","11,57","22,04","15,84","47,11","24,26","23,31","10,39","13,76","14,90","14,86","23,33","25,40","57,63","28,38","10,99","15,14","29,70","25,71","9,45","49,11","7,56","19,81","28,62","21,95","35,53","17,25"
18/03/2024 00:00:00,"11,11","19,54","4,18","14,01",,"11,78","36,49","52,51","11,29","24,40","10,16","11,46","25,25","6,73","33,50","15,08","28,98","3,96","8,60","6,38","4,41","2,20","31,16","7,78","15,80","16,16","14,18","15,40","3,36","12,92","20,57","6,21","8,01","25,56","29,25","12,65","38,66","30,79","10,91","12,45","16,23","15,91","7,71","6,68","57,90","29,74","22,03","18,16","37,70","20,81","7,95","21,41","25,47","3,51","18,57","12,37","8,53","9,65","19,24","13,18","8,10","7,77","23,51",,"9,61","26,87","25,82","5,22","47,76","27,16","25,32","20,89","11,67","22,80","16,24","46,87","24,19","22,83","10,41","13,67","14,74","14,89","23,42","25,13","57,86","28,35","10,74","15,13","28,81","25,61","9,60","50,05","7,65","19,79","24,61","21,81","35,53","16,59"
19/03/2024 00:00:00,"11,03","19,43","4,20","14,28",,"11,83","36,89","52,70","11,25","24,31","10,12","11,39","24,96","6,81","33,92","15,23","29,55","4,01","8,34","6,36","4,48","2,21","31,26","7,88","15,96","16,29","14,44","15,41","3,39","13,29","20,56","6,28","7,96","25,51","31,16","12,80","38,99","30,85","10,98","12,46","16,40","16,12","7,64","6,81","57,45","29,73","21,84","18,19","38,21","20,97","7,90","21,41","25,51","3,51","19,02","12,45","8,55","9,77","18,04","13,18","8,00","7,68","23,58",,"9,65","26,57","25,63","5,41","49,21","27,53","25,96","20,86","11,96","22,86","16,22","47,51","23,85","22,94","10,36","13,91","14,90","15,04","23,48","25,90","59,57","28,68","11,09","14,88","28,84","25,61","9,83","50,46","7,57","19,58","23,59","21,60","36,24","17,01"
20/03/2024 00:00:00,"11,03","19,84","4,29","14,47",,"11,94","37,39","55,82","11,65","24,57","10,32","11,54","24,94","6,94","34,76","15,41","29,83","4,10","9,12","6,56","4,45","2,29","31,69","7,99","16,27","16,62","14,73","15,72","3,57","13,51","21,32","6,38","8,08","25,76","31,27","12,94","39,47","31,27","11,43","12,68","16,55","16,67","7,85","6,90","59,55","31,07","22,50","18,65","38,84","21,03","8,01","21,51","25,56","3,58","19,27","13,04","8,60","10,09","18,78","13,46","8,21","7,98","24,12",,"9,78","27,13","26,08","5,50","47,45","27,73","26,38","20,94","12,10","23,52","16,03","48,80","24,15","23,44","10,36","14,11","15,54","15,15","24,66","26,01","58,82","28,88","12,02","14,80","29,39","25,82","10,03","50,80","8,11","19,58","24,93","21,63","36,30","17,39"
21/03/2024 00:00:00,"11,09","19,65","4,15","14,36",,"11,95","37,43","55,40","11,33","24,23","10,22","11,41","24,37","6,91","34,73","15,41","29,89","4,17","8,89","6,64","4,45","2,01","31,87","8,00","16,12","16,76","14,71","15,68","3,39","13,44","21,13","6,37","8,05","25,85","30,50","12,77","39,36","31,38","11,20","12,70","16,70","16,72","7,91","6,93","58,50","31,07","22,50","18,43","38,79","21,36","7,89","21,37","25,29","3,52","19,31","12,79","8,83","9,90","18,23","13,42","7,95","7,86","23,96",,"9,75","26,57","25,37","5,60","47,10","27,49","26,10","21,03","12,20","23,74","15,73","48,03","23,85","23,47","10,31","14,16","15,50","15,40","25,00","26,51","58,80","28,97","12,03","14,84","29,71","25,50","9,99","50,67","8,15","19,80","22,97","21,64","36,87","16,92"
22/03/2024 00:00:00,"10,91","19,21","4,11","13,93",,"11,87","37,02","53,62","10,96","24,13","10,03","11,26","24,55","6,85","34,19","15,20","29,72","4,08","8,43","6,80","4,32","2,08","32,11","7,94","15,86","17,13","14,33","15,45","3,26","13,06","20,79","6,37","7,78","25,48","32,92","12,75","39,29","30,86","10,85","12,51","16,37","16,37","7,65","6,82","58,20","30,54","22,04","18,18","37,59","21,46","7,77","21,12","24,94","3,48","19,04","12,59","8,24","9,60","17,59","13,22","7,58","7,70","23,51",,"9,74","26,78","25,62","5,59","46,69","27,16","25,43","20,72","12,05","23,07","15,48","47,15","23,64","23,29","10,31","14,44","15,05","15,47","24,57","26,06","58,90","28,92","11,46","14,84","29,25","25,08","9,81","50,09","7,81","19,45","23,37","21,82","37,16","16,75"
25/03/2024 00:00:00,"10,75","19,16","4,18","14,08",,"11,77","37,21","54,30","10,87","24,22","9,99","11,25","24,25","6,97","34,40","15,19","30,75","4,15","8,51","6,85","4,24","2,06","32,41","7,78","15,65","17,50","14,18","15,06","3,30","12,86","20,75","6,34","7,59","25,39","33,09","12,60","38,77","30,70","10,73","12,52","16,34","16,32","7,73","6,82","57,75","30,53","21,91","18,24","37,21","20,91","7,70","21,11","24,94","3,46","18,82","12,64","8,33","9,23","17,49","12,80","7,57","7,79","23,36",,"9,72","27,12","26,01","5,48","47,67","27,14","25,32","20,69","12,04","23,26","15,92","46,84","23,68","23,42","9,78","14,56","14,90","15,33","24,48","26,00","58,40","28,77","11,31","14,64","28,98","25,09","9,64","49,98","7,73","19,70","23,81","21,20","36,55","16,82"
26/03/2024 00:00:00,"10,91","19,19","4,14","14,00",,"11,70","37,35","54,97","10,87","24,35","10,12","11,41","24,38","6,36","34,75","15,06","30,82","4,13","8,50","6,87","4,14","2,04","32,56","7,66","15,47","17,84","14,03","15,46","3,24","12,58","20,80","6,38","7,39","25,35","32,87","12,70","38,53","30,35","10,63","12,51","16,29","16,51","7,94","6,81","56,85","29,84","21,91","18,15","36,12","21,06","7,80","21,50","25,43","3,54","19,15","12,48","8,03","9,16","16,30","12,92","7,80","7,74","23,60",,"9,64","26,82","25,77","5,38","47,29","27,34","25,42","20,91","12,16","22,54","15,65","48,12","23,74","23,47","9,44","14,76","14,88","15,36","24,37","27,07","59,68","28,85","11,24","14,72","27,30","24,73","9,60","49,35","7,89","19,66","22,99","21,35","36,31","16,24"
27/03/2024 00:00:00,"10,95","19,26","3,99","14,42",,"11,75","36,86","56,13","11,03","24,37","10,26","11,59","24,83","6,48","34,57","15,28","31,49","4,13","9,34","7,04","4,19","2,02","32,53","7,75","15,67","18,20","14,12","15,50","3,03","12,86","21,54","6,50","7,40","25,41","32,72","12,82","38,84","30,33","10,75","12,65","16,64","16,54","8,01","6,92","56,40","29,90","21,86","18,53","36,57","21,25","7,87","21,66","25,58","3,69","19,58","13,16","7,83","9,50","16,67","13,12","7,28","7,78","23,25",,"9,49","27,15","25,97","5,47","47,08","27,69","25,58","21,29","12,28","22,56","15,97","48,11","23,97","23,43","9,82","14,98","13,93","15,42","24,55","27,44","60,47","28,96","11,33","14,63","27,82","25,38","9,71","49,80","7,54","19,87","23,84","21,26","36,10","15,89"
28/03/2024 00:00:00,"10,98","19,08","4,15","14,26",,"11,82","36,71","56,83","11,00","24,65","10,21","11,51","24,68","6,51","33,95","15,41","32,41","4,06","9,75","7,02","4,18","2,01","32,24","7,64","15,65","18,30","14,18","15,46","2,90","12,61","21,41","6,54","7,31","25,47","32,88","12,75","38,88","30,06","10,80","12,53","16,81","17,62","8,22","6,97","55,50","29,48","21,59","18,32","36,27","20,98","7,89","21,74","25,62","4,02","19,66","13,67","8,84","9,85","16,49","13,01","7,53","7,79","23,05",,"9,45","27,82","26,55","5,43","48,74","27,45","25,60","21,09","12,37","22,23","16,32","48,79","24,07","23,36","9,92","15,23","14,37","15,51","24,05","28,48","60,64","29,16","11,81","14,54","27,19","25,69","9,68","49,99","7,63","19,59","23,67","21,35","35,77","16,32"
01/04/2024 00:00:00,"10,84","18,89","4,13","13,74",,"11,87","36,01","55,14","10,80","24,42","10,07","11,40","24,81","6,61","33,09","15,54","32,52","4,04","9,88","7,09","4,19","2,01","32,07","7,49","15,20","18,06","14,19","15,38","2,73","12,39","20,99","6,52","7,13","24,96","31,97","12,69","38,36","29,52","10,91","12,43","16,89","17,43","7,99","7,01","59,10","28,92","21,19","17,96","37,15","21,04","7,68","21,06","24,74","3,82","19,52","13,56","8,84","10,08","16,30","12,85","7,54","7,63","22,81",,"9,36","28,02","26,76","5,42","48,39","27,43","25,07","20,89","12,29","22,20","16,05","46,97","23,76","23,15","9,97","15,09","13,93","15,68","23,89","27,87","61,50","29,19","11,36","14,55","26,95","25,38","9,75","50,31","7,56","19,74","23,29","21,52","35,57","16,20"
02/04/2024 00:00:00,"10,79","18,90","4,12","13,59",,"11,95","35,88","55,37","10,76","24,46","10,13","11,46","24,80","6,63","33,06","15,67","32,75","4,02","9,83","7,09","4,17","2,00","32,41","7,56","14,92","17,89","13,84","15,66","2,69","12,32","20,49","6,50","7,03","25,65","32,33","12,67","38,86","29,78","10,75","12,41","17,02","17,48","7,88","7,11","58,35","28,65","21,25","18,11","37,05","21,14","7,65","21,02","24,77","3,91","19,53","14,08","8,72","10,04","15,94","12,85","7,26","7,64","22,74",,"9,46","28,78","27,44","5,46","49,05","27,73","24,87","21,33","12,12","22,04","14,60","47,13","23,76","23,23","9,86","14,75","13,64","15,54","24,29","27,85","61,82","29,04","11,81","14,54","26,69","25,32","9,90","50,90","7,36","19,89","23,19","21,37","35,74","15,82"
03/04/2024 00:00:00,"10,95","19,01","3,93","13,57",,"11,99","35,99","51,95","10,74","24,55","10,36","11,69","24,62","6,52","33,05","15,60","33,99","4,03","10,23","7,11","4,10","1,89","33,17","7,66","15,04","18,17","13,85","15,62","2,70","12,39","20,45","6,35","7,02","25,76","32,67","12,64","39,04","29,83","10,20","12,37","17,17","17,23","7,76","7,15","58,50","28,26","21,12","17,40","36,05","21,42","7,65","20,93","24,59","3,92","19,22","13,71","8,69","10,03","15,48","12,85","6,97","7,37","22,55",,"9,33","28,56","27,30","5,45","49,39","27,90","24,79","21,13","12,09","22,47","15,27","46,60","23,65","22,82","9,74","15,01","13,46","15,52","24,10","28,17","61,23","29,25","11,42","14,73","26,67","25,49","9,83","50,17","7,33","19,33","22,59","21,63","35,48","15,18"
04/04/2024 00:00:00,"10,96","19,05","3,90","13,39",,"12,02","36,17","50,43","10,97","24,72","10,39","11,76","24,79","6,48","33,35","15,49","34,20","4,32","10,98","7,23","4,12","1,91","32,88","7,77","14,97","17,83","13,69","15,41","2,77","12,67","20,08","6,25","7,09","25,93","32,16","12,75","39,04","29,90","10,02","12,41","17,47","17,17","7,75","7,27","60,15","28,32","21,34","17,59","36,33","21,68","7,55","20,70","24,26","3,94","19,40","14,01","8,78","10,35","16,21","12,95","7,11","7,38","22,50",,"9,27","28,43","26,99","5,40","50,05","28,00","24,82","21,24","12,20","22,91","15,24","48,00","24,23","23,00","9,79","15,17","13,76","15,25","24,18","28,29","60,54","29,21","11,43","15,20","27,07","25,49","9,84","49,61","7,39","19,59","22,82","21,91","35,67","15,06"
05/04/2024 00:00:00,"10,75","19,00","3,86","13,31",,"11,94","36,04","50,03","11,01","24,82","10,34","11,73","25,02","6,39","32,99","15,29","33,79","4,51","11,06","7,19","4,02","1,90","32,38","7,69","14,75","17,78","13,50","15,52","2,73","12,63","20,11","6,31","7,01","26,04","31,96","12,80","38,62","29,45","10,00","12,28","17,22","17,05","7,78","7,19","59,55","27,96","21,30","17,43","41,13","21,78","7,50","20,72","24,22","3,89","19,21","13,64","8,79","10,64","15,66","12,88","7,02","7,34","22,56",,"9,22","28,37","27,07","5,37","50,45","27,82","24,45","21,27","12,20","22,18","14,59","47,80","23,70","22,74","9,80","15,13","13,56","15,15","23,94","27,70","59,53","29,08","11,60","15,13","27,08","25,18","9,59","49,07","7,31","19,90","22,85","21,79","35,57","15,01"
08/04/2024 00:00:00,"10,70","19,17","4,01","13,68",,"11,98","36,48","50,05","11,13","25,21","10,40","11,81","25,18","6,37","33,84","15,89","34,24","4,87","11,33","7,29","4,21","1,95","32,89","7,69","15,26","17,95","13,85","15,68","2,67","12,71","20,44","6,38","7,18","26,51","32,07","12,94","39,09","29,71","10,21","12,32","17,53","17,04","7,78","7,34","60,15","27,89","21,56","17,09","40,06","21,95","7,59","20,93","24,58","3,96","19,42","13,81","9,10","10,82","16,30","13,04","7,09","7,50","22,90",,"9,27","28,77","27,45","5,42","49,66","27,83","24,72","21,60","12,66","22,05","14,67","48,44","23,84","23,00","9,84","15,19","13,97","15,20","24,27","28,45","59,33","29,08","12,18","15,15","27,23","25,79","10,15","51,75","7,51","20,09","22,88","21,82","35,77","15,18"
09/04/2024 00:00:00,"10,87","19,26","4,02","14,21",,"12,10","36,61","50,23","11,37","25,42","10,51","11,88","25,37","6,33","33,85","15,86","34,90","5,03","11,40","7,44","4,28","2,00","33,72","7,73","15,41","18,26","13,63","15,68","2,60","12,80","20,93","6,55","7,37","27,09","32,13","13,15","39,75","30,20","10,26","12,45","17,42","17,16","7,78","7,29","61,05","28,07","21,83","16,92","40,35","22,45","7,67","21,10","24,84","3,97","19,70","13,92","9,26","11,04","16,67","13,28","7,41","7,40","23,33",,"9,69","28,92","27,52","5,47","49,84","27,68","25,15","22,05","12,93","22,34","15,11","49,72","23,87","23,21","9,61","15,28","14,55","15,35","24,58","29,08","59,04","29,37","12,76","15,34","26,91","25,79","10,29","51,40","7,92","20,38","22,92","21,96","36,33","15,24"
10/04/2024 00:00:00,"10,64","18,70","3,93","13,80",,"11,94","35,85","47,71","10,97","25,08","10,28","11,63","25,10","6,23","32,61","15,60","34,73","4,69","10,59","7,34","4,02","1,98","33,08","7,53","15,03","18,27","12,96","15,25","2,46","12,77","20,28","6,38","7,13","26,25","32,42","12,83","38,39","29,55","9,94","12,28","17,31","17,06","7,72","7,25","59,10","27,54","21,16","16,40","39,64","22,39","7,52","20,67","24,32","3,88","19,62","13,18","8,95","10,66","16,21","12,91","7,19","7,06","22,64",,"9,35","29,79","28,13","5,47","50,19","27,53","24,71","21,51","12,81","21,70","15,36","48,16","22,93","22,90","9,60","15,07","13,87","15,37","24,10","28,72","58,53","29,24","12,59","14,97","26,57","24,99","10,01","50,62","7,66","19,98","22,43","21,76","35,96","14,70"
11/04/2024 00:00:00,"10,73","18,60","3,84","13,74",,"11,90","34,19","47,71","10,99","25,14","10,22","11,63","25,34","6,27","32,35","15,59","35,62","4,85","10,50","7,33","4,01","1,95","32,69","7,31","14,50","18,47","12,93","15,48","2,36","12,94","20,50","6,34","7,05","25,85","32,20","12,70","38,50","29,39","10,12","12,36","17,32","17,15","7,77","7,28","59,40","26,96","21,08","16,34","39,34","22,45","7,52","20,60","24,27","3,79","19,63","13,44","8,89","10,35","15,85","12,77","7,18","7,11","22,94",,"9,34","29,52","27,93","5,49","49,80","27,55","24,69","21,52","12,78","21,56","15,24","47,89","23,09","22,70","9,45","14,81","13,81","14,73","23,90","28,18","58,01","29,40","12,02","14,69","26,32","25,06","9,93","50,84","7,54","19,94","21,79","21,29","35,81","14,18"
12/04/2024 00:00:00,"10,66","18,22","3,53","13,55",,"11,85","34,35","46,57","10,75","24,81","10,07","11,48","25,03","6,19","31,96","15,44","34,43","4,71","10,08","7,18","4,00","1,86","32,53","7,31","14,37","17,73","12,96","14,89","2,24","12,74","19,50","6,03","6,85","25,82","31,35","12,53","38,06","29,22","9,54","12,30","16,90","17,05","7,53","7,12","58,20","26,90","20,62","16,06","38,98","22,19","7,44","20,49","24,02","3,48","19,41","12,93","8,53","9,63","15,20","12,53","6,91","6,67","22,33",,"9,23","29,28","27,67","5,17","50,86","27,23","24,70","21,13","12,66","21,55","14,91","46,60","22,83","22,41","9,56","14,54","13,54","14,50","23,04","26,62","58,00","28,67","11,14","14,53","26,24","24,29","9,83","50,65","7,40","19,44","21,22","21,15","35,56","13,44"
15/04/2024 00:00:00,"10,61","17,82","3,20","13,31",,"11,75","33,88","45,06","10,53","24,58","9,97","11,31","25,06","5,83","31,35","15,63","34,07","4,78","9,21","7,25","3,99","1,79","32,56","7,24","13,91","17,91","12,99","13,81","2,03","12,59","18,32","5,76","6,86","26,19","31,02","12,25","37,85","29,08","9,16","11,96","17,49","16,46","7,26","7,38","55,95","26,30","19,98","15,84","37,85","22,52","7,31","20,18","23,61","3,38","19,03","12,77","8,94","9,13","14,01","12,23","6,78","6,41","21,93",,"8,96","29,71","27,93","5,12","50,10","27,01","24,55","20,53","12,58","21,05","14,62","45,46","22,75","22,34","9,45","14,50","12,48","14,19","22,39","25,87","57,86","28,77","10,50","14,61","25,78","24,28","9,88","50,94","6,92","19,39","20,43","21,04","35,24","12,82"
16/04/2024 00:00:00,"10,50","17,61","3,06","12,60",,"11,52","33,71","45,45","10,40","24,30","9,87","11,23","24,92","5,79","31,03","15,29","33,70","4,90","9,26","7,16","3,89","1,73","32,32","7,24","13,65","17,54","12,79","13,88","1,98","12,43","18,22","5,73","6,80","25,40","31,35","12,15","37,53","28,93","9,43","11,73","16,98","15,94","7,00","7,17","54,00","26,34","19,81","16,23","37,42","22,23","7,20","19,97","23,44","3,41","19,03","12,95","8,90","9,22","13,92","12,03","6,69","6,56","21,80",,"8,89","29,86","28,06","5,28","49,80","26,56","23,63","20,25","12,36","20,65","14,35","45,00","22,55","22,10","9,55","14,39","12,27","14,19","22,28","26,08","58,15","28,75","10,63","14,50","25,35","24,31","9,71","50,49","6,82","18,95","20,92","20,99","36,30","12,71"
17/04/2024 00:00:00,"10,47","17,41","2,96","12,44",,"11,67","33,51","44,96","10,31","24,36","9,83","11,17","25,03","5,83","30,51","15,46","32,52","4,83","9,19","7,20","4,10","1,69","32,51","7,28","13,91","17,83","12,93","14,15","1,88","12,42","18,02","5,69","6,81","25,63","31,53","12,05","37,13","28,76","9,01","11,59","17,05","15,91","6,93","7,19","53,10","25,33","19,74","16,10","37,89","21,99","7,17","19,98","23,45","3,39","18,96","12,61","8,33","9,24","13,92","11,93","6,63","6,64","21,68",,"8,91","29,90","28,27","5,24","48,73","26,40","23,33","20,01","12,20","20,53","14,13","44,94","22,54","22,15","9,42","14,64","12,36","14,20","21,99","25,80","57,63","28,67","10,45","14,54","25,96","24,17","9,59","51,04","7,00","19,07","20,88","21,08","35,79","12,65"
18/04/2024 00:00:00,"10,52","17,27","2,82","12,77",,"11,71","33,38","44,78","10,22","24,32","9,75","11,12","24,78","5,89","30,31","15,44","32,33","4,96","9,17","7,30","4,14","1,65","32,15","7,32","13,88","17,62","12,83","14,28","1,80","12,48","17,65","5,75","6,72","25,55","31,42","12,22","37,01","28,68","8,87","11,59","17,06","16,02","6,90","7,22","52,50","25,42","19,57","16,10","38,44","21,93","7,16","20,01","23,48","3,43","18,87","12,41","8,33","9,22","13,74","12,00","6,57","6,42","21,65",,"8,98","29,83","28,32","5,20","49,24","26,33","23,37","19,99","11,87","20,48","14,04","45,75","22,39","22,05","9,50","14,88","12,11","14,29","21,69","25,48","57,58","28,60","10,69","14,42","26,60","23,95","9,61","51,23","6,79","18,91","20,46","21,01","36,14","12,64"
19/04/2024 00:00:00,"10,51","17,32","2,87","12,97",,"11,73","33,27","45,53","10,26","24,13","9,68","11,02","25,02","5,87","30,40","15,86","32,32","5,09","9,83","7,33","4,18","1,67","32,35","7,49","13,93","18,09","13,25","14,18","1,92","12,55","17,93","5,69","6,71","25,24","30,52","12,27","37,53","28,77","9,00","11,73","17,47","16,17","7,08","7,44","54,00","25,38","19,84","16,26","38,50","21,35","7,16","19,93","23,35","3,55","19,17","12,60","8,40","9,49","14,11","12,16","6,65","6,57","21,82",,"9,00","31,04","28,80","5,14","48,80","26,32","23,89","20,13","11,63","21,48","14,66","45,18","23,01","23,01","9,52","15,19","12,13","14,73","22,07","25,68","58,01","28,68","11,06","14,55","26,93","23,97","9,99","52,07","6,75","18,72","20,65","21,00","36,10","12,64"
22/04/2024 00:00:00,"10,51","17,33","2,90","13,14",,"11,67","33,18","46,87","10,34","23,85","9,65","10,97","25,00","5,93","31,05","15,83","32,76","5,10","9,95","7,25","4,10","1,70","32,40","7,62","14,07","18,10","13,34","14,34","2,13","12,59","18,19","5,73","6,78","25,42","30,96","12,44","38,09","28,85","8,99","11,70","17,83","16,27","7,01","7,54","54,60","25,96","19,85","16,23","39,59","21,34","7,15","19,92","23,33","3,48","18,75","12,55","8,34","9,38","14,01","12,08","6,47","6,55","21,79",,"8,92","31,80","29,49","5,08","48,00","26,24","23,96","19,98","11,24","21,79","14,24","44,52","22,96","23,36","9,52","14,89","11,98","14,76","22,35","26,18","57,39","28,75","10,94","14,59","27,68","24,01","10,22","52,05","6,64","18,62","20,93","21,04","35,83","12,69"
23/04/2024 00:00:00,"10,43","17,41","2,86","13,28",,"11,75","32,75","46,20","10,18","24,03","9,67","11,04","24,67","5,88","30,52","15,71","34,11","5,02","9,86","7,19","3,98","1,71","32,33","7,48","13,93","18,05","13,02","14,32","2,08","12,61","18,28","5,81","6,68","25,33","30,67","12,45","37,75","29,00","8,94","12,30","17,11","16,20","6,96","7,32","54,15","26,04","19,90","16,23","39,28","20,95","7,20","20,19","23,68","3,44","18,58","12,53","8,22","9,35","13,19","12,01","6,38","6,44","21,68",,"8,93","31,58","29,43","5,16","49,18","26,00","23,56","19,98","10,99","21,61","14,62","45,15","23,28","23,48","9,59","14,94","11,86","14,83","22,74","25,93","56,98","28,50","10,81","14,45","27,22","23,48","8,80","51,59","6,67","18,38","20,92","20,79","35,57","12,77"
24/04/2024 00:00:00,"10,59","17,23","2,85","13,35",,"11,49","32,36","46,20","10,04","23,95","9,65","11,04","24,37","5,84","30,52","15,82","33,00","5,01","9,74","7,16","3,98","1,70","32,33","7,36","13,80","18,08","12,90","14,37","2,00","12,87","18,24","5,82","6,60","25,18","30,91","12,50","37,18","28,87","8,99","12,14","16,69","16,01","6,89","7,13","54,00","25,85","20,31","16,35","39,58","20,92","7,19","20,16","23,58","3,47","18,36","12,55","8,22","9,19","13,10","11,82","6,35","6,48","21,59",,"8,99","31,44","29,30","5,11","48,43","26,34","23,26","19,56","11,15","21,41","15,31","44,51","23,30","23,41","9,70","14,82","11,34","14,80","22,72","26,06","57,40","28,40","10,84","14,54","26,94","23,11","8,47","52,23","6,39","18,07","21,15","20,65","35,80","12,89"
25/04/2024 00:00:00,"10,57","16,38","2,95","12,90",,"11,24","32,66","45,59","9,94","23,84","9,63","11,04","24,28","5,80","30,38","15,67","33,54","4,85","9,94","7,05","3,91","1,83","32,03","7,28","13,87","17,85","12,71","14,51","2,01","12,92","18,01","5,91","6,44","24,84","31,74","12,66","37,02","27,51","8,81","12,25","16,57","16,09","6,94","7,05","54,30","24,39","19,29","16,57","40,05","21,31","7,15","20,05","23,44","3,50","18,10","12,49","8,30","9,05","12,73","11,79","6,25","6,32","20,91",,"9,16","32,15","30,00","5,01","49,39","26,61","23,42","19,52","10,58","21,91","15,34","43,80","22,74","23,12","10,13","14,85","10,99","14,74","22,57","25,14","56,77","28,15","11,05","14,66","26,79","23,74","8,21","51,13","6,30","18,30","20,86","20,56","36,21","13,63"
26/04/2024 00:00:00,"10,56","17,11","3,13","12,91",,"11,40","33,19","46,01","10,30","23,84","9,79","11,21","24,36","5,92","31,77","15,77","34,73","4,85","10,96","7,04","3,93","1,84","32,36","7,40","14,26","18,12","12,75","15,14","2,01","13,18","18,47","6,21","6,70","25,17","32,77","12,83","37,67","27,85","9,24","12,20","16,93","16,38","7,12","7,21","56,70","25,64","20,17","16,62","41,13","21,41","7,28","20,39","23,83","3,59","17,97","12,65","8,37","9,39","13,10","11,79","6,48","6,67","21,75",,"9,46","32,64","30,43","5,01","49,25","26,93","24,05","19,74","10,58","22,71","15,70","45,39","23,52","23,28","10,26","15,06","11,53","14,68","23,41","25,81","56,47","28,31","12,02","14,66","26,91","23,91","8,20","51,13","6,62","18,96","21,44","20,69","36,72","14,03"
29/04/2024 00:00:00,"10,64","17,15","3,06","13,17",,"11,52","33,48","45,89","10,22","23,99","9,94","11,36","24,51","5,95","31,63","16,06","33,88","5,11","10,92","7,09","3,94","1,91","29,98","7,42","14,18","18,10","12,83","15,26","2,08","13,08","18,61","6,17","6,73","25,73","32,87","12,62","37,27","27,62","9,43","12,21","16,90","16,58","7,24","7,22","57,30","27,02","20,33","16,74","41,78","21,37","7,26","20,20","23,65","3,67","18,01","12,64","8,30","9,46","13,28","11,99","6,48","6,88","21,65",,"9,68","33,23","30,79","5,02","49,56","26,72","24,15","19,73","10,67","23,24","15,56","45,43","24,10","23,30","10,49","15,07","11,69","15,04","23,30","26,48","55,82","28,27","12,27","14,81","26,78","23,85","8,21","52,51","6,80","19,04","21,41","20,66","36,85","14,08"
30/04/2024 00:00:00,"10,68","16,66","2,86","12,72",,"11,51","33,69","45,91","9,90","23,88","9,91","11,31","24,44","5,91","31,12","15,79","32,59","5,15","10,10","7,24","3,90","1,84","29,55","7,28","14,01","17,07","12,57","14,88","2,01","13,10","17,93","5,95","6,50","25,87","32,92","12,38","36,63","27,26","9,12","12,10","16,60","16,20","7,00","7,17","55,35","26,51","19,85","19,55","41,25","21,11","7,18","19,85","23,21","3,59","17,94","12,35","8,10","8,96","12,46","11,85","6,25","6,70","20,74",,"9,66","33,02","30,70","4,75","48,00","26,63","24,01","19,10","10,28","22,84","15,14","44,07","24,76","23,09","10,48","14,79","11,18","14,96","22,38","26,24","55,41","28,29","11,36","14,82","26,39","23,32","7,91","52,01","6,49","18,85","20,99","20,50","37,03","13,38"
02/05/2024 00:00:00,"10,84","17,08","3,09","12,72",,"11,40","34,15","46,47","10,15","24,13","9,94","11,18","24,61","5,86","31,84","16,01","32,77","5,12","10,21","7,70","4,04","1,90","29,93","7,51","13,96","17,08","12,66","15,37","2,26","13,30","18,19","6,09","6,52","26,25","32,30","12,50","37,15","28,32","9,15","12,16","16,93","16,11","6,94","7,34","55,80","26,76","20,51","19,90","42,49","21,73","7,29","20,15","23,54","3,61","18,04","12,59","8,15","9,35","13,37","12,04","6,39","7,05","21,23",,"9,77","33,15","30,81","4,78","47,42","26,55","24,07","19,54","10,33","23,25","15,15","43,60","25,38","23,59","10,53","14,69","11,16","14,85","22,65","26,05","55,93","29,09","11,59","15,26","26,59","23,76","7,98","52,53","6,59","18,73","21,39","21,51","36,38","13,89"
03/05/2024 00:00:00,"10,88","17,69","3,22","13,11",,"11,60","34,66","46,54","10,45","24,57","10,03","11,15","24,93","6,02","32,91","16,03","33,05","5,22","11,02","7,79","4,09","1,96","30,64","7,90","14,24","16,90","12,87","15,98","2,39","13,75","19,27","6,31","6,65","26,98","33,81","12,76","38,55","29,64","9,70","12,39","17,87","16,50","7,16","7,74","57,75","27,18","21,06","19,50","43,21","22,06","7,38","20,35","23,84","3,64","18,16","13,21","8,19","10,07","14,38","12,25","6,75","7,19","22,29",,"10,09","32,65","30,42","5,06","46,75","26,61","24,63","19,99","10,77","23,56","14,98","44,83","25,36","23,64","10,70","14,79","11,70","15,01","23,55","26,24","56,08","29,36","12,54","15,66","27,00","24,03","8,00","52,59","6,83","19,36","21,66","21,81","36,30","14,84"
06/05/2024 00:00:00,"10,95","17,64","3,22","12,93",,"11,57","34,86","45,76","10,56","24,71","9,90","11,14","25,25","5,80","32,75","16,08","33,44","5,06","11,00","7,73","4,03","1,96","30,37","7,75","13,75","17,32","12,84","15,65","2,37","14,01","19,07","6,28","6,35","27,39","33,91","12,70","38,06","29,27","9,76","12,44","17,85","16,50","7,10","7,73","58,20","26,97","20,78","20,13","41,75","22,36","7,38","20,40","23,99","3,56","18,06","12,84","7,79","10,14","14,38","12,01","6,47","7,13","22,12",,"9,78","32,81","30,63","4,75","47,19","26,48","24,72","19,80","10,78","23,90","14,95","43,93","25,36","24,30","10,70","14,59","11,32","15,23","22,58","26,21","56,37","29,48","12,07","15,61","26,74","23,63","8,04","52,74","6,65","18,86","21,85","21,90","36,17","15,00"
07/05/2024 00:00:00,"11,08","17,77","3,22","13,13",,"11,63","35,06","45,80","10,63","24,64","9,93","11,14","24,90","5,81","32,91","16,11","33,26","5,20","11,18","7,64","4,05","1,95","30,47","7,64","14,16","16,98","12,67","15,61","2,32","13,75","19,20","6,32","6,51","27,16","33,23","12,72","38,35","29,55","9,86","12,46","17,55","16,40","7,29","7,66","60,60","27,07","20,66","20,31","38,09","22,05","7,50","20,81","24,48","3,52","18,35","12,83","8,05","9,77","14,75","12,35","6,71","7,14","21,81",,"9,98","33,60","31,00","4,95","47,17","26,19","24,56","19,74","10,75","26,13","14,93","44,60","25,27","24,27","10,71","14,67","12,36","15,32","22,69","27,20","49,46","29,29","11,42","14,64","26,72","24,02","8,01","53,07","7,52","18,76","22,70","21,54","36,42","14,94"
08/05/2024 00:00:00,"10,70","17,80","3,20","13,10",,"11,56","35,23","45,97","10,71","24,71","9,86","11,16","24,76","5,87","32,25","16,01","33,10","5,08","11,48","7,70","4,04","1,96","30,77","7,60","14,26","17,20","12,69","15,88","2,37","13,88","19,16","6,42","6,48","28,38","33,15","12,54","37,97","29,47","9,68","12,47","17,68","16,27","7,38","7,68","61,95","27,35","20,31","20,68","38,62","21,74","7,58","20,94","24,64","3,57","18,62","13,57","8,95","9,63","15,11","12,24","6,87","7,44","21,71",,"10,01","33,96","31,47","4,86","46,54","26,21","24,63","19,67","10,58","25,93","14,93","45,10","25,07","24,44","10,70","14,67","12,32","15,29","22,70","26,89","49,59","29,55","11,92","14,46","26,97","24,18","8,06","52,59","7,52","18,80","23,03","20,33","36,60","14,74"
09/05/2024 00:00:00,"10,60","17,35","3,08","13,04",,"11,73","33,91","43,99","10,29","23,63","9,61","10,88","24,76","6,02","30,94","16,07","30,89","5,26","11,24","7,61","4,01","1,84","30,26","7,33","14,05","16,86","12,53","15,40","2,27","13,56","18,83","6,29","6,41","28,49","33,55","12,58","38,06","29,00","9,27","12,32","17,59","16,12","7,47","7,63","61,50","27,30","19,93","20,26","38,37","21,39","7,46","20,28","23,90","3,51","18,81","12,69","8,91","9,54","15,30","12,24","6,41","7,34","21,24",,"9,86","34,56","31,78","4,83","46,78","25,57","24,57","19,47","9,99","26,59","14,84","44,53","24,56","24,21","10,79","14,50","12,05","15,16","21,77","26,78","49,95","28,85","11,60","14,20","27,33","22,65","8,00","53,02","7,40","18,96","22,65","19,72","36,42","14,79"
10/05/2024 00:00:00,"10,59","17,87","3,01","13,00",,"11,75","33,70","42,29","10,04","24,05","9,60","10,82","25,15","6,12","31,23","15,92","30,03","5,30","9,38","7,50","4,00","1,76","30,05","7,25","13,79","17,09","12,50","15,68","2,25","13,45","18,47","6,45","6,50","27,98","33,07","12,47","38,63","28,69","9,25","12,07","17,40","16,71","7,47","7,52","60,75","26,97","20,11","20,04","37,68","21,34","7,54","20,51","24,17","3,51","18,68","12,16","8,53","9,57","14,11","12,16","6,12","7,02","21,43",,"9,82","34,29","31,71","4,84","47,00","25,36","24,08","19,97","9,77","26,90","14,81","42,24","24,42","24,52","10,75","14,35","11,92","15,14","21,42","25,96","49,00","28,70","11,25","14,03","26,83","22,09","7,96","52,83","7,35","19,19","21,84","19,54","36,49","14,32"
13/05/2024 00:00:00,"10,60","18,01","2,97","12,93",,"11,81","33,76","41,75","10,30","24,24","9,58","10,87","25,50","5,97","31,75","15,95","30,18","5,50","9,30","7,53","4,34","1,73","30,60","7,33","13,86","17,44","12,77","15,54","2,21","13,21","18,20","6,49","6,59","28,58","33,83","12,40","37,95","28,65","9,16","12,09","17,55","16,54","7,43","7,61","60,45","27,27","20,01","20,46","36,56","21,43","7,60","20,66","24,47","3,52","18,80","12,18","8,63","9,56","14,47","12,22","6,15","7,00","21,45",,"9,94","34,30","31,74","4,89","46,40","24,97","24,92","19,83","9,59","27,04","14,87","41,61","24,47","25,04","10,60","14,36","11,86","15,10","21,14","25,70","48,05","29,01","11,03","14,11","26,90","22,06","7,98","53,15","7,33","18,99","21,78","19,66","36,59","12,62"
14/05/2024 00:00:00,"10,69","18,01","3,16","12,75",,"11,91","34,03","41,41","10,53","24,39","9,63","10,86","25,81","5,97","32,32","15,81","29,41","5,83","9,41","7,65","4,23","1,74","31,52","7,51","13,92","17,99","12,55","15,58","2,23","13,06","18,23","6,39","6,62","28,79","36,42","12,50","38,60","29,18","9,10","12,25","17,55","16,60","7,54","7,59","66,75","27,32","19,76","20,61","35,16","21,89","7,72","20,98","24,74","3,51","18,61","12,24","8,71","9,22","14,47","12,28","6,20","7,05","21,43",,"9,94","33,36","31,17","5,01","45,91","25,39","25,41","19,64","9,91","26,97","14,76","42,24","24,55","25,38","10,76","14,46","11,72","15,05","21,59","25,44","47,26","29,36","11,06","14,20","27,19","22,34","7,90","53,11","7,24","19,29","21,47","19,63","37,09","12,74"
15/05/2024 00:00:00,"10,82","18,65","3,46","13,01",,"11,95","33,97","42,51","10,56","24,08","9,58","10,75","25,99","6,07","33,03","15,79","29,25","6,07","9,52","7,76","4,22","1,77","31,53","7,71","13,89","18,20","12,45","15,66","2,15","13,35","18,33","6,46","6,64","28,61","38,47","12,62","38,88","29,59","9,19","11,99","18,04","16,60","7,48","7,76","66,00","27,27","20,05","21,01","35,55","22,56","7,71","20,87","24,67","3,51","18,75","12,00","9,26","9,47","14,75","12,27","6,21","7,35","21,79",,"10,02","31,10","29,29","5,04","47,00","27,77","25,40","19,50","9,72","27,04","14,92","43,03","24,04","25,21","10,62","14,50","12,19","15,07","21,77","25,14","47,90","29,37","11,44","14,40","27,32","22,67","7,93","52,96","7,38","19,12","21,82","19,86","37,10","12,63"
16/05/2024 00:00:00,"10,89","18,59","3,37","13,05",,"11,75","34,20","43,05","10,63","24,10","9,58","10,81","26,15","6,55","33,19","15,82","29,22","6,24","9,68","7,65","4,24","1,76","31,59","7,73","14,02","17,97","12,65","15,69","1,99","13,36","18,48","6,67","6,62","28,80","38,17","12,70","38,49","29,34","9,28","12,25","18,49","16,46","7,60","7,87","67,35","27,20","19,80","20,63","36,19","21,88","7,75","20,82","24,60","3,50","18,93","12,07","9,67","9,52","14,56","12,22","6,38","7,37","21,77",,"10,54","30,53","28,43","5,09","47,61","27,47","25,96","20,02","9,68","27,14","14,52","43,71","24,03","25,07","10,64","14,59","12,50","15,13","21,41","24,96","48,99","29,36","11,72","14,62","27,95","22,74","7,97","53,34","7,69","19,20","22,13","20,14","37,08","12,02"
17/05/2024 00:00:00,"10,89","18,45","3,37","13,21",,"11,67","33,99","43,41","10,48","24,11","9,66","10,87","25,94","6,63","32,66","15,96","31,31","6,23","9,50","7,70","4,29","1,73","31,69","7,70","13,84","17,86","12,76","15,30","2,01","13,29","18,22","6,59","6,73","28,36","39,05","12,75","38,01","28,83","9,08","12,16","18,02","16,47","7,64","7,78","67,65","27,24","19,76","20,58","36,34","22,14","7,71","20,86","24,60","3,46","18,50","11,86","9,87","9,48","14,56","12,20","6,25","7,28","21,82",,"10,44","29,97","27,98","4,97","48,12","27,84","25,91","19,74","9,55","27,32","14,54","43,50","23,73","25,78","10,59","14,38","12,42","15,09","21,50","24,80","48,76","29,24","11,39","14,54","27,51","22,41","7,96","54,39","7,78","19,04","21,84","20,12","37,12","11,83"
20/05/2024 00:00:00,"10,64","18,21","3,40","13,03",,"11,79","32,79","43,69","10,49","24,31","9,63","10,78","25,58","6,75","32,09","15,92","30,64","6,77","9,56","7,78","4,40","1,74","31,59","7,61","13,73","18,11","12,82","15,49","2,04","13,43","18,10","6,64","6,65","28,76","38,38","12,70","37,93","28,67","9,36","12,40","17,77","16,66","7,67","7,68","68,25","27,73","19,58","21,03","33,86","23,29","7,67","20,75","24,53","3,47","18,75","11,83","10,22","9,51","14,38","12,05","6,16","7,54","21,30",,"10,29","30,07","28,03","5,06","47,50","27,73","26,10","19,33","9,33","27,53","14,73","43,07","23,86","25,90","10,67","14,24","12,40","15,29","21,24","25,27","48,38","29,70","11,36","14,12","27,82","22,24","8,15","54,36","7,96","19,08","22,21","19,73","37,31","11,49"
21/05/2024 00:00:00,"10,57","18,06","3,41","13,05",,"11,95","33,41","44,20","10,47","24,30","9,63","10,84","25,75","6,70","31,78","16,01","29,91","6,86","9,44","7,93","4,50","1,74","32,33","7,79","13,89","18,29","12,94","15,30","2,05","13,35","18,24","6,61","6,80","29,05","38,99","12,75","37,98","28,68","9,56","12,44","17,47","16,58","7,63","7,58","67,20","27,08","19,68","21,55","33,39","23,46","7,66","20,63","24,40","3,47","18,57","11,36","10,36","9,31","14,20","12,02","5,78","7,61","21,27",,"10,34","29,85","27,97","5,17","45,85","27,78","25,99","19,68","9,47","27,22","14,58","41,90","24,06","25,98","10,81","14,09","12,19","15,17","21,53","25,51","46,58","29,99","11,34","13,92","28,36","22,21","8,29","54,21","7,63","18,93","22,24","19,60","37,23","12,67"
22/05/2024 00:00:00,"10,53","17,82","3,29","12,86",,"11,95","32,25","44,79","10,15","23,95","9,44","10,60","25,32","6,12","30,85","15,90","28,53","6,65","8,84","7,74","4,43","1,71","32,18","7,62","13,59","18,01","12,68","14,89","2,00","13,10","17,50","6,54","6,64","28,91","38,19","12,60","36,97","28,08","8,92","12,08","17,11","16,40","7,40","7,43","66,00","27,03","19,24","21,03","32,43","22,61","7,60","20,32","24,03","3,42","18,22","10,56","10,03","9,02","13,46","11,84","5,65","7,31","20,76",,"10,32","30,13","28,35","5,11","44,21","26,66","25,53","19,50","9,54","25,58","13,93","41,16","24,09","25,66","10,81","13,72","11,96","15,05","21,21","24,98","45,80","29,75","11,06","14,13","28,70","22,09","8,17","53,78","7,56","18,55","21,26","19,95","36,78","12,81"
23/05/2024 00:00:00,"10,52","17,75","3,24","12,77",,"12,01","32,16","45,05","10,19","23,46","9,35","10,42","25,22","6,19","30,32","15,84","27,76","6,57","8,88","7,69","4,32","1,70","32,20","7,47","13,45","17,94","12,47","15,28","2,05","13,07","17,10","6,43","6,67","28,61","37,48","12,60","36,58","27,80","8,79","11,93","17,01","16,24","7,19","7,38","63,90","27,03","19,25","20,63","32,99","22,70","7,53","20,13","23,81","3,40","17,99","10,79","10,17","8,93","13,01","11,81","5,87","6,96","20,70",,"10,19","29,87","28,07","5,14","44,47","26,84","25,03","19,50","9,61","25,65","13,81","41,07","24,12","25,65","10,80","13,79","11,86","15,10","20,66","25,09","47,48","29,34","10,91","13,89","28,44","21,54","8,03","53,46","7,58","18,04","20,98","19,88","36,54","12,62"
24/05/2024 00:00:00,"10,44","17,95","3,21","12,60",,"12,07","32,21","45,06","10,22","23,58","9,36","10,49","24,81","6,32","29,91","15,84","27,24","6,70","8,71","7,69","4,32","1,67","32,43","7,42","13,51","17,84","12,78","15,24","2,04","13,00","17,30","6,42","6,53","28,49","37,20","12,79","37,97","28,27","8,66","11,88","17,26","16,15","7,09","7,54","63,90","26,76","19,36","20,73","32,75","22,82","7,48","19,95","23,58","3,39","18,24","10,73","10,04","9,07","12,09","11,69","5,71","6,86","20,65",,"10,10","29,77","27,92","5,12","43,45","27,06","24,46","19,34","9,58","25,45","13,67","40,80","24,03","25,23","10,35","13,84","11,86","14,99","20,22","24,69","46,38","29,62","10,74","13,81","27,85","21,51","7,93","53,48","7,45","18,02","21,03","19,88","35,90","12,50"
27/05/2024 00:00:00,"10,38","18,00","3,26","12,56",,"12,18","32,21","45,07","10,19","23,87","9,36","10,46","24,94","6,25","30,03","15,96","27,63","6,74","8,81","7,70","4,37","1,65","32,27","7,39","13,59","17,97","12,72","15,24","2,11","13,05","17,34","6,37","6,59","28,62","37,66","12,77","37,99","28,53","8,67","11,95","17,06","16,13","7,14","7,49","64,05","26,99","19,41","20,29","32,29","22,46","7,49","19,94","23,50","3,42","18,24","10,74","9,96","9,05","12,04","11,75","5,72","6,82","20,82",,"10,06","30,07","28,23","5,19","43,67","26,93","24,33","19,33","9,70","25,07","13,88","40,39","23,67","25,24","10,14","13,74","11,80","15,01","19,98","24,82","46,44","29,42","10,82","13,88","27,62","21,63","8,01","53,66","7,45","18,23","21,30","19,89","35,91","12,01"
28/05/2024 00:00:00,"10,19","17,78","3,24","12,31",,"12,08","31,91","45,09","10,16","23,79","9,33","10,45","24,60","6,23","30,04","15,69","27,85","6,89","8,55","7,56","4,19","1,62","32,05","7,41","13,41","17,69","12,67","15,24","2,04","12,48","17,11","6,38","6,50","28,50","36,69","12,78","37,61","28,07","8,58","12,11","17,03","15,76","7,08","7,40","62,25","26,94","19,26","20,04","31,84","22,71","7,49","19,89","23,37","3,41","18,12","10,63","9,97","9,12","11,26","11,78","5,89","6,97","20,90",,"10,30","30,60","28,83","5,00","43,16","26,74","24,25","19,17","9,49","24,75","13,95","40,05","23,94","24,91","10,08","13,66","11,70","15,05","20,35","25,24","46,52","29,26","10,61","13,81","27,31","21,63","7,91","52,51","7,54","18,01","21,29","19,63","35,80","11,99"
29/05/2024 00:00:00,"10,13","17,87","3,05","12,08",,"11,96","31,41","44,37","9,98","23,79","9,24","10,35","24,74","6,10","29,75","15,38","27,59","7,25","9,00","7,48","4,14","1,62","31,49","7,35","13,37","17,62","12,59","15,30","1,98","12,54","17,02","6,43","6,42","28,40","36,18","12,43","37,19","27,58","8,49","11,81","16,81","15,70","7,40","7,38","62,25","25,32","19,43","20,16","31,54","22,40","7,41","19,78","23,21","3,39","17,96","10,76","9,83","8,81","11,06","11,64","5,79","7,04","20,75",,"10,23","30,67","28,79","4,84","42,43","26,92","24,22","18,80","9,38","24,44","13,84","39,54","23,74","25,08","10,14","13,67","11,65","14,71","20,59","24,92","46,71","29,00","10,50","13,70","27,21","21,29","7,77","51,97","7,53","17,58","21,31","19,34","35,33","11,54"
31/05/2024 00:00:00,"10,16","17,68","2,95","11,80",,"11,86","30,96","43,68","9,82","23,62","9,20","10,25","24,52","5,98","29,44","15,21","28,03","7,09","8,81","7,37","4,04","1,58","31,59","7,23","13,16","17,57","12,45","14,96","1,93","12,44","16,88","6,30","6,34","28,21","35,76","12,43","37,13","27,41","8,60","11,74","16,69","16,01","7,34","7,38","59,85","24,46","19,21","20,37","30,65","21,25","7,31","19,59","22,97","3,37","17,63","10,57","9,67","8,50","11,35","11,57","5,74","6,92","20,57",,"10,17","31,63","29,58","4,76","41,61","26,97","23,53","18,76","9,15","24,12","14,41","38,40","23,77","24,51","9,90","13,52","11,67","14,60","20,82","24,91","46,16","28,76","10,48","13,34","27,52","20,90","7,57","51,94","7,41","17,31","20,65","18,75","35,16","11,11"
03/06/2024 00:00:00,"10,16","17,84","2,97","11,91",,"12,04","31,54","44,96","9,81","23,64","9,21","10,32","24,43","6,03","30,34","14,89","28,02","7,03","8,76","7,53","3,95","1,60","31,86","7,43","13,15","17,61","12,08","15,37","1,95","12,18","16,98","6,37","6,38","28,64","36,26","12,78","38,06","27,79","8,77","12,15","16,22","15,98","7,36","7,19","61,05","25,78","19,52","19,73","30,48","21,65","7,36","19,78","23,30","3,47","17,58","10,49","9,83","8,67","11,61","11,50","5,90","6,94","20,74",,"10,34","31,28","29,42","4,72","41,17","26,79","23,64","18,87","9,05","23,99","14,60","38,33","23,87","24,50","10,11","13,46","12,13","14,28","21,28","24,87","44,65","28,66","10,48","13,32","27,11","20,77","7,58","50,85","7,40","17,19","20,60","19,01","34,96","11,00"
04/06/2024 00:00:00,"10,28","18,01","2,93","11,77",,"12,05","31,82","44,90","9,83","23,71","9,24","10,41","24,74","5,84","30,07","14,78","27,14","6,61","8,34","7,59","3,84","1,60","32,10","7,50","12,90","17,78","11,90","15,10","1,94","12,24","17,09","6,31","6,38","28,69","37,20","12,85","37,63","27,93","8,74","12,11","16,03","15,81","7,22","7,14","60,90","25,60","19,52","19,89","30,12","21,63","7,40","19,92","23,38","3,49","17,53","10,37","9,53","8,74","10,67","11,54","5,73","6,90","20,89",,"10,31","31,10","29,09","4,53","40,89","26,80","23,64","18,90","8,95","23,85","14,64","38,50","23,30","24,86","10,26","13,67","11,74","14,72","21,02","24,44","44,45","28,81","10,51","13,66","26,88","20,73","7,48","50,33","7,13","16,83","20,48","19,50","35,39","10,84"
05/06/2024 00:00:00,"10,17","18,06","2,90","11,71",,"12,24","32,12","45,06","9,86","23,76","9,17","10,35","24,88","5,79","30,27","14,54","26,24","6,76","8,90","7,63","3,82","1,54","31,71","7,48","12,83","17,68","11,87","15,58","1,91","12,36","17,41","6,51","6,16","28,51","36,13","12,55","37,93","28,19","8,75","12,04","15,90","15,55","7,36","7,02","59,25","25,88","19,55","19,68","30,56","21,08","7,44","19,82","23,34","3,24","17,17","10,38","9,38","8,54","11,17","11,51","5,74","6,90","20,69",,"10,10","31,04","29,13","4,52","40,14","26,68","23,42","18,84","8,79","23,63","14,15","38,66","22,98","24,91","10,16","14,28","11,59","14,37","20,85","24,70","44,20","28,48","10,51","13,79","26,83","20,76","7,29","49,61","6,95","16,79","20,36","19,66","35,15","10,73"
06/06/2024 00:00:00,"10,39","18,35","3,00","11,90",,"12,38","32,51","45,22","10,17","24,08","9,31","10,57","25,01","5,91","31,03","14,70","26,51","7,13","9,07","7,73","4,01","1,62","31,72","7,51","13,05","17,28","12,07","16,02","1,94","12,34","17,82","6,73","6,17","28,64","36,44","12,81","38,10","28,05","9,03","12,11","15,93","15,82","7,41","7,01","60,15","26,19","19,77","20,60","31,00","21,28","7,48","20,14","23,63","3,33","17,41","10,77","9,43","8,74","11,63","11,58","5,82","7,31","21,20",,"10,00","31,04","29,27","4,65","40,17","26,77","23,59","19,51","9,01","24,04","14,36","39,28","23,65","24,88","10,21","14,15","11,82","14,39","21,21","25,23","45,83","28,53","10,73","13,82","27,75","20,68","7,32","50,30","7,07","16,91","20,70","19,73","35,40","10,78"
07/06/2024 00:00:00,"10,16","18,00","2,92","11,63",,"12,02","31,79","44,65","9,86","23,67","9,24","10,49","24,81","5,89","30,45","14,48","26,10","7,13","8,85","7,54","3,98","1,53","30,88","7,33","12,72","17,20","11,84","15,66","1,90","12,15","17,29","6,70","6,10","28,30","37,91","12,70","37,49","27,64","8,97","12,04","15,64","15,57","7,33","6,89","58,35","25,87","19,35","20,50","30,73","21,14","7,30","19,87","23,30","3,26","17,35","10,61","9,53","8,50","10,75","11,45","5,66","6,87","20,73",,"9,84","29,99","28,17","4,60","39,92","26,59","23,77","18,84","8,99","23,64","14,22","38,42","23,37","24,41","10,14","13,59","11,22","14,14","20,91","25,92","46,11","28,27","10,41","13,52","27,31","19,99","7,18","49,65","7,01","16,71","20,58","19,49","35,44","10,44"
10/06/2024 00:00:00,"10,08","17,81","2,89","11,56",,"12,13","32,02","42,80","9,63","23,70","9,24","10,42","24,76","5,74","29,44","14,53","26,16","6,98","8,85","7,52","4,00","1,52","30,43","7,29","12,74","17,18","11,76","15,50","1,87","11,88","17,09","6,55","5,89","28,30","38,53","12,46","37,24","27,36","8,84","12,02","15,53","15,21","7,21","6,87","57,75","25,95","18,96","20,25","30,77","21,07","7,24","19,75","23,11","3,22","17,31","10,28","9,50","8,10","10,55","11,27","5,43","6,80","20,43",,"9,66","30,54","28,60","4,51","40,80","26,48","23,56","18,65","8,80","23,32","13,97","37,62","23,13","24,00","9,86","13,74","10,70","14,12","20,30","27,53","47,10","28,13","10,21","13,38","27,35","20,31","7,05","50,19","6,92","17,12","19,84","19,22","35,40","10,26"
11/06/2024 00:00:00,"10,02","17,90","2,93","11,63",,"12,17","32,23","43,83","9,68","23,96","9,28","10,48","24,88","6,04","30,03","14,55","27,07","6,88","9,26","7,58","4,05","1,55","30,59","7,39","12,83","16,96","11,70","15,42","1,93","11,99","17,25","6,61","6,03","28,37","38,31","12,79","37,16","27,43","8,82","12,10","15,90","15,25","7,27","6,97","58,65","26,15","19,16","20,29","31,76","21,09","7,35","19,95","23,37","3,24","17,64","10,44","9,71","8,26","11,39","11,31","5,51","6,85","20,59",,"9,74","30,52","28,72","4,57","42,55","26,74","23,53","19,03","8,79","23,86","14,20","37,34","23,21","24,43","9,93","13,84","11,16","14,39","20,70","28,47","46,37","28,35","10,36","13,52","27,88","20,51","7,13","50,11","6,89","17,36","19,96","19,66","35,39","10,54"
12/06/2024 00:00:00,"9,91","17,67","2,81","11,44",,"12,00","31,67","43,42","9,54","23,50","9,10","10,28","24,65","5,93","29,53","14,39","26,18","6,71","8,91","7,38","3,95","1,44","30,25","7,33","12,31","16,84","11,34","15,38","1,90","11,98","16,74","6,56","5,80","28,29","39,46","12,38","36,33","27,22","8,53","11,94","16,01","15,19","7,12","6,98","56,85","25,86","18,77","19,94","30,89","20,84","7,28","19,89","23,34","3,20","17,79","10,28","9,32","8,18","10,49","11,21","5,55","6,92","20,57",,"9,58","29,94","28,10","4,56","42,69","26,30","23,22","18,65","8,97","23,52","13,89","36,87","23,17","23,90","9,91","13,39","10,72","14,34","20,40","28,48","46,44","28,04","10,44","13,30","27,79","19,69","7,05","49,42","6,59","16,81","19,24","19,29","35,65","10,41"
13/06/2024 00:00:00,"9,75","17,46","2,77","11,21",,"12,03","31,66","43,42","9,25","23,66","9,07","10,29","24,68","5,92","29,71","14,45","25,72","6,51","8,63","7,51","4,08","1,41","30,14","7,37","12,46","17,07","11,33","15,36","1,93","12,04","16,77","6,52","5,70","28,38","38,93","12,43","36,19","27,24","8,62","11,90","15,98","15,14","6,97","6,96","56,10","25,78","18,55","19,94","30,95","21,06","7,20","19,75","23,09","3,20","17,74","10,14","9,15","7,98","10,28","11,08","5,28","6,61","20,34",,"9,50","29,55","27,81","4,46","41,86","26,36","23,43","18,45","8,87","23,50","13,69","36,11","23,13","23,71","9,93","13,63","10,21","14,39","20,17","28,43","46,22","27,98","10,33","13,11","28,35","19,59","7,16","49,99","6,30","16,59","18,92","19,07","35,97","10,37"
14/06/2024 00:00:00,"9,88","17,55","2,76","11,30",,"12,10","31,76","44,44","9,52","23,60","9,16","10,40","24,64","5,94","29,72","14,27","25,74","6,50","8,78","7,41","3,99","1,42","30,32","7,39","12,67","17,10","11,45","15,06","2,01","12,11","16,82","6,45","5,77","28,74","36,85","12,50","36,85","27,93","8,85","11,86","15,67","15,21","6,85","6,88","56,25","25,90","18,56","19,83","31,01","21,35","7,20","19,75","23,07","3,16","17,66","10,30","9,02","8,03","10,48","11,14","5,34","6,85","20,35",,"9,42","29,24","27,20","4,48","42,01","26,33","24,12","18,82","8,97","23,65","13,48","36,33","23,20","23,64","9,92","13,73","10,43","14,45","20,10","28,21","46,41","27,98","10,44","13,35","29,31","19,62","7,18","49,82","6,68","16,65","19,27","19,45","36,30","10,29"
17/06/2024 00:00:00,"9,88","17,41","2,65","10,91",,"12,05","31,27","44,52","9,69","23,60","9,19","10,51","24,59","5,89","29,51","14,13","25,38","6,23","8,80","7,46","3,97","1,38","29,96","7,29","12,48","17,29","11,34","15,18","2,02","11,90","16,52","6,38","5,71","28,53","37,20","12,32","36,02","27,43","8,64","11,68","15,57","14,90","6,78","6,82","54,90","25,86","18,32","19,91","30,46","21,36","7,26","20,18","23,63","3,15","17,64","10,00","8,78","7,84","10,07","11,00","5,17","6,77","20,07",,"9,41","29,26","27,30","4,27","41,72","26,11","23,53","18,34","8,67","22,43","13,51","35,41","23,53","23,40","9,72","13,60","9,98","14,42","19,94","28,59","45,98","27,88","10,21","13,07","29,15","19,46","7,10","49,62","6,45","16,22","18,89","19,19","36,30","9,89"
18/06/2024 00:00:00,"9,89","17,35","2,61","10,83",,"12,20","31,17","44,38","9,74","23,27","9,12","10,35","24,63","6,07","29,76","14,17","25,25","6,45","8,76","7,49","4,13","1,39","29,92","7,26","12,49","17,11","12,37","15,18","1,91","11,92","16,61","6,41","5,59","28,54","36,33","12,32","36,02","27,40","8,56","11,71","15,65","14,85","6,81","6,87","54,75","25,97","18,37","20,17","30,01","21,08","7,31","20,15","23,62","3,17","17,73","9,95","9,05","8,07","10,03","10,99","5,14","6,77","20,17",,"9,40","30,24","28,16","4,34","41,25","26,00","23,00","18,56","8,68","23,01","13,13","35,19","23,64","23,54","10,00","13,20","10,12","14,36","19,98","28,32","45,78","27,93","10,02","13,20","28,50","19,37","7,23","49,85","6,49","16,43","18,78","19,20","36,39","9,75"
19/06/2024 00:00:00,"9,85","17,37","2,63","10,71",,"12,11","31,19","44,13","9,68","23,44","9,17","10,40","24,72","6,24","30,05","14,26","25,63","6,38","8,60","7,55","4,14","1,39","30,05","7,26","12,77","17,20","12,14","15,17","1,89","11,93","16,65","6,48","5,64","28,64","36,73","12,38","35,96","27,15","8,64","11,81","15,88","14,78","6,89","6,98","55,50","26,50","18,59","20,19","30,09","21,46","7,39","20,23","23,80","3,20","17,79","10,17","9,32","8,18","10,15","11,18","5,22","6,86","20,41",,"9,38","30,05","28,18","4,38","41,31","26,05","23,25","18,60","9,01","22,97","13,38","35,88","23,66","23,56","9,99","13,20","10,25","14,48","19,86","29,15","46,19","27,99","9,94","13,19","28,20","19,55","7,34","50,01","6,65","16,46","19,21","19,19","37,28","10,17"
20/06/2024 00:00:00,"9,92","17,40","2,58","10,53",,"12,13","30,69","44,08","9,55","23,55","9,19","10,37","24,83","6,35","29,66","14,44","25,35","6,35","8,52","7,59","4,21","1,38","30,11","7,14","12,68","17,34","12,38","15,33","1,91","12,00","16,42","6,38","5,63","28,61","35,88","12,30","35,81","27,01","8,57","11,83","16,04","14,74","6,80","7,05","54,75","25,94","18,50","19,35","30,41","21,54","7,38","20,22","23,64","3,20","17,83","10,07","9,54","8,23","9,77","11,46","5,29","6,57","20,13",,"9,30","30,65","28,63","4,65","40,95","26,22","23,27","18,65","9,80","22,61","14,03","35,54","23,64","23,39","9,98","13,19","10,47","14,51","19,92","30,17","45,64","28,10","9,78","13,21","28,26","19,42","7,61","50,46","6,76","16,50","19,01","19,34","38,18","10,06"
21/06/2024 00:00:00,"9,92","17,56","2,63","10,46",,"12,19","30,87","43,85","9,61","23,75","9,25","10,36","24,97","6,22","30,26","14,24","25,45","6,44","8,85","7,78","4,24","1,48","30,22","7,28","12,89","18,01","12,04","15,38","1,90","11,88","16,77","6,45","5,77","28,71","37,38","12,43","36,54","27,45","8,58","11,87","16,35","14,89","6,81","7,12","55,05","26,18","18,71","19,76","30,72","22,38","7,36","20,63","23,80","3,24","17,86","10,09","9,64","8,23","9,92","11,56","5,26","6,63","20,12",,"9,38","30,58","28,78","4,57","41,33","26,44","24,22","19,08","9,76","23,14","13,62","37,40","23,59","24,05","10,24","13,70","10,62","14,31","20,26","30,11","46,30","28,19","9,78","13,28","28,58","19,48","7,54","49,99","6,85","16,82","19,37","19,27","38,46","9,94"
24/06/2024 00:00:00,"9,95","17,95","2,69","10,73",,"12,26","31,13","44,39","9,72","23,92","9,33","10,40","25,53","6,21","30,64","14,30","25,76","6,70","9,26","7,90","4,23","1,51","30,28","7,33","13,20","18,71","12,10","15,99","1,97","11,91","17,24","6,59","6,25","28,94","37,00","12,50","36,72","27,90","8,84","11,99","16,46","14,95","6,76","7,16","58,35","26,44","19,30","20,22","31,05","22,36","7,51","20,74","24,15","3,34","17,83","10,27","9,63","8,40","11,14","11,49","5,42","6,99","20,89",,"9,53","31,17","29,07","4,76","42,08","27,00","24,58","19,28","10,19","23,37","13,87","37,83","23,99","24,63","10,25","14,26","10,87","14,29","20,23","30,84","47,04","28,39","10,04","13,40","28,94","19,91","7,69","50,05","7,15","16,91","20,13","19,58","38,27","10,19"
25/06/2024 00:00:00,"10,01","17,94","2,67","10,55",,"12,18","30,99","45,04","9,55","24,00","9,28","10,31","25,37","6,19","30,50","14,20","25,59","6,66","9,11","7,90","4,16","1,50","30,22","7,26","13,18","18,81","11,97","16,56","1,92","11,86","17,28","6,70","6,33","28,72","37,26","12,61","36,24","27,39","8,90","12,05","16,45","15,11","6,75","7,16","57,45","26,57","19,22","20,48","30,82","22,19","7,53","20,69","24,22","3,36","17,89","10,20","9,64","8,58","10,81","11,45","5,37","6,98","20,69",,"9,47","31,05","29,04","4,60","42,02","27,06","24,75","19,36","10,46","22,94","13,80","37,87","23,87","24,53","10,24","14,20","10,74","14,25","20,34","30,65","47,10","28,41","9,91","13,42","29,01","19,59","7,54","49,84","6,91","16,42","19,84","19,64","38,92","9,90"
26/06/2024 00:00:00,"10,07","17,70","2,63","10,35",,"12,16","30,83","44,62","9,45","23,84","9,26","10,34","25,01","6,14","30,23","14,42","25,94","6,80","8,74","7,77","4,23","1,50","30,12","7,30","13,39","18,41","11,94","16,82","1,90","11,86","16,86","6,81","6,12","28,83","37,53","12,78","36,24","27,29","8,68","12,03","16,79","15,11","6,62","7,25","57,15","26,28","19,49","20,48","31,55","21,97","7,49","20,53","24,18","3,29","18,08","9,88","9,80","8,56","10,52","11,24","5,53","6,74","20,84",,"9,44","31,21","29,09","4,56","43,02","27,17","24,79","19,61","10,32","23,18","13,83","38,03","23,56","24,33","10,04","13,95","10,68","14,24","20,17","30,94","48,16","28,50","9,76","13,42","29,00","19,42","7,79","50,46","7,04","16,71","19,39","20,00","39,28","9,77"
27/06/2024 00:00:00,"10,08","17,90","2,80","10,50",,"12,19","31,73","45,81","9,62","23,83","9,28","10,38","24,88","6,48","29,99","14,47","27,30","6,76","9,00","7,54","4,21","1,60","30,69","7,46","13,77","18,44","12,28","16,79","2,01","11,96","17,23","6,85","6,35","28,90","37,73","13,16","37,08","29,00","8,77","12,46","16,83","15,29","6,81","7,32","58,65","26,51","19,92","20,63","31,40","22,27","7,48","20,62","24,22","3,35","18,52","10,27","10,43","8,81","11,18","11,45","5,59","6,96","21,08",,"9,74","31,84","29,58","4,80","43,18","27,49","24,91","20,07","10,70","24,06","13,96","38,88","23,86","24,60","10,11","13,56","10,80","14,38","20,62","30,63","54,02","28,66","10,14","13,55","29,60","19,90","8,00","50,59","7,07","17,15","20,08","19,91","39,04","10,13"
28/06/2024 00:00:00,"10,03","17,80","2,67","10,02",,"12,26","31,90","45,41","9,47","23,84","9,29","10,35","25,00","6,45","28,80","14,66","27,31","6,93","8,56","7,43","4,24","1,50","30,32","7,36","13,54","18,55","12,29","16,72","1,96","11,97","16,65","6,79","6,08","28,82","35,69","12,70","37,06","28,78","8,61","12,55","16,94","14,89","6,60","7,34","57,45","25,95","19,53","20,15","30,69","22,20","7,47","20,62","24,20","3,32","18,60","10,18","10,59","8,57","11,04","11,19","5,35","6,68","20,64",,"9,65","32,23","29,85","4,64","43,76","27,51","24,11","19,72","10,50","23,89","13,83","38,11","23,53","24,73","10,11","13,72","10,31","14,30","20,06","30,45","54,03","28,72","9,90","13,47","29,16","19,49","7,91","51,13","6,91","16,79","19,83","19,68","39,50","9,55"
01/07/2024 00:00:00,"10,07","17,77","2,67","9,69",,"12,26","32,49","45,18","9,69","23,52","9,23","10,25","24,91","6,46","29,07","14,93","27,63","6,84","8,58","7,66","4,45","1,52","30,38","7,38","13,59","17,68","12,29","16,70","1,95","11,91","16,44","6,88","6,12","28,93","36,23","12,71","37,04","30,04","8,65","12,84","16,89","14,59","6,51","7,36","56,40","26,16","19,74","19,81","30,50","22,40","7,41","20,47","24,09","3,35","18,91","10,16","10,77","8,88","11,12","11,02","5,30","6,57","20,67",,"9,71","32,63","30,30","4,46","45,10","27,17","24,03","19,61","10,94","23,59","14,41","37,90","23,44","24,24","10,31","14,30","10,41","15,33","20,25","31,69","54,64","28,84","9,83","13,61","28,64","19,61","7,87","51,89","6,96","16,40","19,90","19,92","39,36","9,71"
02/07/2024 00:00:00,"10,08","17,51","2,68","9,59",,"12,11","33,08","44,93","9,67","23,60","9,26","10,24","24,92","6,61","29,17","14,86","27,86","6,84","8,41","7,57","4,43","1,41","30,23","7,41","13,47","17,80","12,37","16,88","1,80","11,94","16,65","7,01","6,20","28,86","36,09","12,67","36,51","29,54","8,66","12,59","17,04","14,46","6,52","7,45","55,80","25,95","19,68","19,66","29,89","22,66","7,47","20,59","24,40","3,36","18,82","9,91","11,01","9,02","11,15","10,97","5,22","6,50","20,67",,"9,62","32,71","30,21","4,55","45,74","27,00","23,77","19,69","10,74","23,77","15,20","37,83","23,49","24,08","10,24","14,25","10,31","15,69","19,51","30,17","54,59","28,86","9,86","13,39","28,05","19,41","7,97","51,72","6,89","16,68","19,70","19,74","39,41","9,54"
03/07/2024 00:00:00,"10,01","17,90","2,90","10,18",,"12,13","33,23","45,42","9,65","23,84","9,33","10,27","25,03","6,47","30,09","15,17","27,87","6,93","8,80","7,78","4,53","1,50","30,65","7,49","13,90","17,98","12,52","17,37","1,87","12,00","16,88","7,10","6,65","29,36","37,02","12,81","37,07","30,03","8,65","12,55","16,91","14,68","6,64","7,38","58,35","26,11","19,86","19,90","30,41","22,57","7,58","20,81","24,55","3,43","18,61","10,13","10,30","9,38","11,52","11,50","5,41","6,69","21,22",,"9,92","32,04","29,68","4,58","46,09","26,72","24,07","20,13","11,16","24,25","15,18","38,24","23,63","24,68","10,54","14,76","11,34","15,47","20,49","30,44","54,35","29,00","10,16","13,27","28,41","19,73","7,99","52,74","7,37","17,28","20,49","19,75","39,49","10,23"
04/07/2024 00:00:00,"10,07","18,42","3,12","10,69",,"12,27","33,99","45,87","9,79","23,96","9,35","10,31","25,17","6,54","30,56","15,25","27,76","6,95","9,18","7,79","4,44","1,56","30,88","7,64","14,14","18,09","12,65","17,91","1,87","12,25","17,51","7,35","6,90","29,53","37,03","12,92","37,58","30,48","9,10","12,56","16,81","14,66","6,80","7,36","59,55","26,07","20,50","20,01","30,30","22,75","7,60","20,94","24,59","3,56","18,61","10,79","10,33","9,90","12,07","11,67","6,07","6,89","21,77",,"10,13","31,60","29,27","4,80","46,40","26,79","23,64","20,32","11,50","24,49","15,08","39,56","23,63","25,28","10,63","14,95","12,77","15,61","21,14","30,37","54,02","29,03","10,92","13,47","28,43","19,73","8,15","52,48","7,99","17,66","21,23","20,04","39,28","10,73"
05/07/2024 00:00:00,"9,95","18,71","3,06","11,10",,"12,27","33,76","46,67","9,73","23,85","9,42","10,43","25,18","6,62","30,74","15,15","28,43","7,04","9,16","7,79","4,44","1,59","30,64","7,68","14,10","18,37","12,39","17,63","2,06","12,01","17,66","7,24","6,67","29,45","35,36","13,14","37,80","30,55","9,08","12,59","16,59","14,85","6,97","7,29","59,25","26,17","20,75","19,82","29,72","22,81","7,56","20,78","24,60","3,61","18,13","10,88","10,57","10,11","12,54","11,67","5,92","6,98","22,13",,"10,12","32,16","29,43","4,76","46,55","26,57","23,78","20,46","11,30","24,47","15,55","39,68","23,23","25,17","10,69","15,02","13,31","15,41","21,41","30,36","51,89","29,14","11,15","13,33","28,27","19,94","7,99","52,27","8,22","18,17","21,57","20,15","39,56","10,74"
08/07/2024 00:00:00,"9,89","18,54","3,10","11,27",,"12,26","33,71","46,97","9,89","23,46","9,43","10,43","25,19","6,65","30,57","15,04","28,03","7,09","9,04","7,92","4,32","1,56","30,99","7,75","13,97","18,56","12,35","17,41","2,00","11,92","17,43","7,11","6,77","29,68","36,17","12,76","38,44","30,71","8,98","12,57","16,41","14,67","7,01","7,25","58,95","25,97","20,59","19,78","29,42","22,79","7,53","20,83","24,56","3,56","18,10","10,68","10,40","9,94","11,81","11,97","6,07","6,81","22,15",,"10,11","32,91","30,15","4,79","45,35","26,30","23,65","20,37","11,10","24,52","15,45","39,59","22,74","25,15","10,42","15,21","12,98","15,59","21,09","30,70","50,44","28,95","10,98","13,49","28,65","20,38","7,87","51,86","8,14","18,10","21,11","20,20","41,70","10,85"
09/07/2024 00:00:00,"9,89","18,65","3,24","11,13",,"12,32","34,30","47,71","9,82","23,38","9,44","10,43","25,24","6,52","30,18","15,13","27,98","7,29","9,11","7,90","4,31","1,60","30,91","7,90","14,08","18,37","12,39","17,49","2,15","11,97","17,70","7,23","6,87","29,79","38,30","13,23","38,91","31,38","9,19","12,92","16,51","14,81","6,97","7,27","60,90","26,28","20,85","19,90","29,73","23,11","7,58","20,97","24,73","3,60","18,09","10,80","10,21","10,03","12,37","12,14","6,16","6,90","22,27",,"10,44","32,64","30,14","4,76","45,41","26,13","23,69","20,72","11,17","25,26","15,42","40,30","22,91","25,00","10,47","15,42","13,29","15,64","21,26","30,36","50,07","29,10","10,97","13,43","28,65","20,73","8,02","51,79","8,28","18,25","21,55","20,30","41,78","11,05"
10/07/2024 00:00:00,"10,02","18,46","3,22","10,95",,"12,33","34,02","47,53","9,93","23,75","9,61","10,60","25,29","6,44","29,92","15,03","27,63","7,31","9,43","7,86","4,32","1,57","30,99","7,91","14,03","18,42","12,27","17,82","2,11","11,96","18,15","7,41","6,95","29,79","39,21","13,41","38,58","31,54","9,48","12,89","16,48","14,90","6,90","7,25","61,05","26,41","20,64","20,07","30,07","23,27","7,69","21,00","24,99","3,60","18,06","10,84","10,21","10,62","12,34","12,28","6,11","7,06","22,25",,"10,48","32,55","29,86","4,70","45,47","26,17","23,64","21,27","11,32","25,31","15,36","41,05","23,74","24,88","10,50","15,57","13,33","15,67","21,36","30,11","49,71","29,27","11,38","13,65","28,92","20,75","7,92","51,09","8,44","18,48","21,17","20,60","41,31","10,92"
11/07/2024 00:00:00,"10,14","18,46","3,24","10,90",,"12,37","34,36","48,15","10,22","23,63","9,64","10,60","25,47","6,59","30,01","15,18","27,68","7,51","10,08","8,04","4,37","1,62","31,22","8,05","14,30","18,29","12,47","17,63","2,15","11,93","18,70","7,59","7,00","29,91","39,98","13,31","38,98","31,82","9,72","13,05","16,70","14,79","6,91","7,34","61,35","26,03","20,78","20,09","30,09","22,91","7,72","21,17","25,14","3,64","18,12","11,18","10,31","10,71","12,56","12,45","6,14","7,26","22,48",,"10,52","32,82","30,06","4,79","45,36","26,28","23,89","21,99","11,69","25,31","15,61","42,28","24,51","24,63","10,51","15,43","13,54","15,70","21,47","29,91","50,24","29,53","12,27","14,21","28,59","20,89","8,00","50,96","8,58","18,90","21,69","21,27","42,16","10,82"
12/07/2024 00:00:00,"10,23","18,63","3,29","10,89",,"12,40","34,79","48,50","10,65","23,94","9,62","10,58","25,78","6,58","30,69","15,24","27,43","7,37","9,66","8,02","4,48","1,61","31,30","8,08","14,28","18,34","12,71","17,05","2,09","12,04","17,92","7,51","6,85","30,33","39,73","13,39","39,40","32,03","9,52","13,01","16,84","15,21","6,94","7,39","61,20","26,64","20,85","19,94","30,56","21,94","7,76","21,07","25,00","3,65","18,17","11,05","10,51","10,52","12,70","12,49","6,07","6,96","22,60",,"10,51","32,63","29,92","4,78","45,59","27,28","24,22","21,68","11,81","25,57","15,67","42,37","24,34","24,74","10,68","15,22","13,10","15,66","21,33","30,20","49,57","29,59","11,73","14,37","28,06","20,48","8,06","51,71","8,36","18,70","21,92","21,48","43,02","10,97"
15/07/2024 00:00:00,"10,23","18,86","3,35","10,79",,"12,40","34,48","48,10","10,60","24,05","9,57","10,55","25,84","6,58","30,36","15,42","27,83","7,25","9,67","8,05","4,53","1,64","30,74","8,00","14,31","18,08","12,81","17,21","2,10","12,07","18,17","7,52","6,86","30,16","40,40","13,25","38,69","31,64","9,89","13,03","17,15","15,00","6,95","7,60","62,25","26,13","20,83","19,81","30,90","21,85","7,77","21,11","25,09","3,58","18,45","11,20","10,57","10,31","13,13","12,34","5,89","7,14","22,59",,"10,44","33,10","30,20","4,84","46,52","27,33","24,34","22,04","11,83","26,03","15,75","42,13","24,28","24,69","10,59","14,95","13,06","15,54","21,38","30,99","51,37","29,47","11,98","14,20","28,37","20,21","8,17","51,77","8,48","18,63","22,32","21,25","43,61","11,33"
16/07/2024 00:00:00,"10,29","18,78","3,24","10,77",,"12,42","34,70","47,68","10,62","24,13","9,63","10,59","25,97","6,63","30,24","15,40","27,55","7,25","9,30","8,17","4,43","1,57","30,99","8,11","14,33","18,25","12,47","17,65","2,08","12,04","18,44","7,55","6,87","30,23","40,16","13,28","38,72","31,58","9,92","13,11","17,52","15,12","7,03","7,68","62,40","26,22","20,75","19,70","31,18","22,31","7,79","21,22","25,24","3,59","18,53","11,19","10,45","10,67","12,48","12,44","6,02","7,08","22,78",,"10,53","32,93","30,12","4,85","45,45","27,22","24,06","21,71","11,74","26,06","15,72","41,61","24,66","24,92","10,85","14,92","13,12","15,86","21,13","30,23","51,33","29,47","11,98","14,23","27,37","20,34","8,14","51,22","8,48","18,76","22,40","21,30","43,77","11,05"
17/07/2024 00:00:00,"10,39","18,87","3,17","10,42",,"12,36","34,33","48,15","10,63","24,37","9,75","10,71","26,16","6,66","30,65","15,44","27,44","6,91","9,04","8,40","4,41","1,54","31,22","8,11","14,30","18,30","12,55","17,67","1,96","12,34","18,28","7,66","6,85","30,28","39,93","13,08","38,62","31,29","9,77","13,03","17,53","14,97","7,02","7,69","60,90","26,02","20,57","19,61","31,41","22,03","7,88","21,53","25,52","3,59","18,69","11,13","10,57","10,65","12,33","12,44","5,96","6,99","22,95",,"10,69","33,17","30,28","5,02","46,17","27,42","24,08","21,64","11,87","25,78","15,87","40,95","24,91","24,89","10,66","15,23","13,12","15,88","21,18","30,03","51,34","29,45","11,91","14,45","27,72","20,94","8,55","50,75","8,48","19,16","22,24","21,65","44,12","10,92"
18/07/2024 00:00:00,"10,26","18,27","3,01","10,09",,"12,34","33,47","46,97","10,33","24,26","9,57","10,51","26,10","6,36","29,90","14,99","27,12","6,78","8,45","8,21","4,26","1,46","30,86","7,95","13,88","18,06","12,03","17,45","1,87","12,46","17,54","7,57","6,54","29,98","40,52","12,83","38,17","30,76","9,52","12,86","17,22","14,67","6,81","7,57","59,10","25,47","20,31","19,09","30,49","21,42","7,80","21,38","25,40","3,48","18,57","10,73","9,62","10,22","11,61","12,07","5,61","6,76","22,32",,"10,60","33,21","30,22","4,83","45,47","27,49","24,13","21,56","11,41","25,04","15,55","39,44","24,79","24,52","10,50","15,01","12,30","15,82","20,71","29,96","51,07","28,84","11,29","14,20","26,87","20,36","8,40","50,27","8,01","18,95","21,64","21,44","44,45","10,56"
19/07/2024 00:00:00,"10,31","18,28","2,95","10,22",,"12,27","33,00","46,71","10,33","24,19","9,53","10,45","25,88","6,32","29,96","15,00","26,98","6,64","8,52","7,93","4,19","1,42","30,46","7,94","14,03","18,04","12,03","17,58","1,87","12,15","17,66","7,68","6,54","29,68","40,99","12,56","37,61","30,47","9,47","13,04","17,32","14,64","6,78","7,62","58,35","25,65","20,34","19,05","29,12","20,75","7,88","21,57","25,60","3,41","18,66","10,64","9,60","10,14","11,51","11,93","5,38","6,74","22,55",,"10,65","33,30","30,35","4,81","45,29","26,94","24,23","21,47","11,28","24,82","15,67","39,38","24,95","24,16","10,63","15,54","12,32","15,86","20,77","29,60","50,80","28,44","11,40","14,22","26,89","20,95","8,53","50,23","8,20","18,98","21,35","21,29","44,35","10,37"
22/07/2024 00:00:00,"10,38","18,74","3,04","10,37",,"12,39","33,67","47,73","10,44","24,22","9,60","10,57","26,15","6,28","30,34","14,97","27,04","6,45","8,62","8,12","4,26","1,44","30,80","8,10","14,05","18,91","12,07","17,76","1,87","12,32","18,27","7,81","6,57","29,87","38,10","12,85","38,11","31,09","9,82","13,05","17,41","14,90","6,88","7,67","58,80","26,20","20,86","19,37","30,04","20,85","7,90","21,55","25,58","3,49","19,07","11,05","9,66","10,45","11,29","12,14","5,55","6,81","23,45",,"10,85","32,79","29,74","4,78","44,69","27,02","24,54","21,58","11,37","24,88","15,63","38,97","24,93","24,61","10,70","15,92","12,23","15,57","20,66","29,22","50,50","28,59","11,50","14,35","27,32","20,82","8,56","50,17","8,23","19,13","21,72","21,52","44,23","10,50"
23/07/2024 00:00:00,"10,36","18,47","2,92","10,16",,"12,22","33,15","47,00","10,34","24,08","9,47","10,50","25,93","6,10","30,39","14,77","26,52","5,65","8,18","8,02","4,05","1,39","30,38","8,02","13,69","19,60","11,46","17,61","1,84","12,05","17,80","7,69","6,42","29,62","41,33","12,65","37,06","30,70","9,50","12,92","16,63","14,75","6,78","7,28","58,80","25,94","20,33","19,33","28,81","20,79","7,81","21,48","25,54","3,44","18,84","10,75","9,46","10,30","11,16","11,82","5,42","6,66","23,13",,"10,74","32,32","29,36","4,71","43,80","26,84","24,53","21,29","11,21","24,56","15,27","39,36","24,59","24,33","10,44","16,22","11,84","15,32","20,43","28,63","50,34","28,40","11,63","14,08","26,95","20,60","8,29","49,50","8,13","18,83","21,61","21,09","44,12","10,11"
24/07/2024 00:00:00,"10,37","18,26","2,88","9,69",,"12,08","33,19","46,18","10,20","23,98","9,46","10,50","25,96","6,05","30,17","14,66","26,17","5,20","7,89","7,99","4,10","1,34","30,55","7,94","13,57","19,30","11,41","17,52","1,80","12,17","17,48","7,69","6,41","28,86","40,43","12,61","36,32","30,16","9,11","12,89","16,55","14,72","6,70","7,21","59,25","25,31","20,03","19,37","28,01","20,75","7,79","21,53","25,51","3,38","18,83","10,49","9,44","10,28","10,69","11,83","5,30","6,60","22,12",,"10,66","32,65","29,59","4,62","46,00","26,66","24,61","21,03","10,89","24,29","15,85","39,29","24,68","24,37","10,13","16,32","11,70","15,12","19,78","27,89","50,26","28,36","11,72","14,08","26,67","20,54","8,11","49,80","8,23","18,76","21,36","21,31","43,74","9,76"
25/07/2024 00:00:00,"10,42","18,07","2,90","9,59",,"11,96","33,47","45,02","10,08","24,00","9,34","10,34","25,88","5,96","30,25","14,60","25,76","5,52","7,70","7,99","4,10","1,33","29,93","7,90","13,55","19,37","11,39","17,34","1,82","12,05","17,29","7,66","6,29","28,75","40,12","12,74","35,82","30,29","8,96","12,68","16,89","14,71","6,58","7,34","60,45","25,31","19,75","19,59","27,62","20,63","7,72","21,40","25,39","3,35","18,57","10,75","9,43","10,39","10,63","11,85","5,22","6,62","21,74",,"10,80","32,51","29,55","4,50","45,82","26,75","24,50","21,18","10,54","23,91","15,40","39,07","24,08","24,44","10,07","15,87","11,55","14,95","19,73","28,26","49,73","28,28","11,65","13,90","26,43","20,05","8,28","49,78","7,94","18,69","21,40","21,18","43,09","9,67"
26/07/2024 00:00:00,"10,45","18,27","2,96","9,54",,"11,97","34,14","45,41","10,13","24,20","9,42","10,42","26,26","6,10","30,75","14,71","25,52","5,30","7,82","8,10","4,09","1,34","30,38","8,03","13,70","19,36","11,45","17,52","1,86","12,07","17,37","7,65","6,51","28,99","40,99","12,86","36,15","30,64","8,98","12,80","16,89","14,89","6,58","7,31","62,70","26,77","19,94","19,38","28,37","20,86","7,82","21,55","25,58","3,39","18,39","10,87","9,73","10,68","10,89","11,99","5,62","6,73","22,13",,"10,96","32,61","29,52","4,62","47,50","26,85","25,39","21,49","10,70","24,81","15,70","39,86","24,52","24,69","10,27","15,88","12,36","15,01","19,60","28,36","49,09","28,40","11,83","13,80","26,95","20,66","6,33","50,52","8,17","19,10","21,93","21,14","44,00","10,09"
29/07/2024 00:00:00,"10,39","18,21","2,92","9,26",,"11,86","33,98","44,45","10,04","24,24","9,42","10,46","26,32","5,98","30,48","14,62","26,24","5,23","7,70","8,22","4,10","1,33","30,46","8,02","13,44","19,61","11,35","17,31","1,83","12,23","17,27","7,58","6,46","29,12","40,57","12,80","36,12","30,35","8,94","12,79","16,70","14,61","6,35","7,28","62,40","26,72","19,93","19,15","28,23","20,97","7,85","21,70","25,77","3,40","18,98","11,02","9,60","10,63","10,26","11,93","5,49","6,55","21,90",,"10,81","31,79","28,93","4,52","47,18","26,90","25,67","21,36","10,48","24,96","15,30","38,65","24,79","24,50","10,23","15,84","11,92","14,91","19,92","28,07","50,02","28,39","11,67","13,66","26,52","20,45","6,05","50,61","7,81","18,99","21,89","21,12","43,59","10,01"
30/07/2024 00:00:00,"10,23","18,26","2,91","9,15",,"11,76","33,80","43,49","9,95","24,05","9,35","10,38","26,54","6,09","30,24","14,40","26,64","5,08","7,62","8,17","4,06","1,28","30,28","8,00","13,38","19,64","11,16","17,53","1,79","12,03","16,97","7,49","6,29","28,80","42,30","12,70","35,86","30,32","8,70","12,67","16,62","14,64","6,35","7,24","61,80","26,79","19,83","18,86","28,18","20,90","7,79","21,64","25,67","3,39","19,13","10,62","9,88","10,86","10,15","11,70","5,46","6,51","21,76",,"10,63","31,56","28,75","4,54","47,04","26,87","25,91","21,12","10,28","24,89","15,35","38,14","24,99","25,39","10,08","15,99","11,53","14,75","19,31","26,84","50,63","28,42","11,56","13,88","26,37","20,26","6,33","49,49","7,64","19,06","21,89","20,70","43,00","9,90"
31/07/2024 00:00:00,"10,18","18,41","3,05","9,52",,"11,80","35,21","43,46","10,04","23,69","9,34","10,40","26,70","6,07","30,77","14,67","26,90","5,29","7,74","8,16","4,19","1,29","30,09","7,97","13,37","19,51","11,29","18,02","1,82","12,06","17,22","7,52","6,53","28,79","43,25","12,63","35,68","30,61","8,78","12,66","16,83","15,03","6,37","7,32","61,05","26,13","20,00","18,37","28,46","20,76","7,73","21,39","25,31","3,46","19,16","10,81","9,69","10,89","10,14","11,90","5,78","6,73","21,94",,"10,68","32,41","29,34","4,43","48,05","27,20","25,95","21,08","10,40","24,37","15,42","39,77","24,89","25,20","10,08","16,15","12,25","14,72","19,69","27,44","51,05","28,35","12,03","14,83","26,59","20,04","6,22","50,65","7,88","19,04","22,78","21,23","47,51","10,04"
01/08/2024 00:00:00,"10,32","18,55","2,99","9,60",,"12,27","35,73","45,01","10,06","23,53","9,44","10,54","26,60","6,23","30,92","14,40","26,68","4,99","7,73","8,15","4,05","1,24","30,43","8,08","13,07","18,16","10,89","17,85","1,78","12,23","17,32","7,46","6,87","28,92","41,48","12,54","36,66","30,85","8,68","12,83","16,75","15,32","6,47","7,30","63,15","25,55","20,08","18,66","28,09","20,58","7,59","21,03","24,94","3,42","19,12","10,84","10,05","10,95","9,89","12,03","5,59","6,58","22,23",,"10,55","31,81","28,90","4,47","47,99","27,42","26,02","21,79","10,16","24,78","15,15","39,70","25,33","25,65","10,07","16,40","12,03","14,59","19,20","27,59","50,99","28,63","11,98","14,94","26,47","20,33","6,13","49,51","7,74","19,25","22,63","22,15","49,55","9,82"
02/08/2024 00:00:00,"10,44","18,57","3,00","9,89",,"11,71","34,12","44,98","10,05","23,34","9,44","10,60","26,49","6,24","30,90","14,25","26,48","4,87","8,21","8,02","3,97","1,28","30,73","8,02","13,00","18,65","10,80","17,80","1,85","11,95","17,63","7,36","7,07","28,71","38,75","12,56","37,11","31,00","9,25","12,85","15,98","15,57","6,65","7,02","64,50","25,63","20,34","19,01","27,82","20,76","7,48","20,87","24,63","3,43","18,83","11,22","9,87","10,77","10,60","12,21","5,86","6,72","22,70",,"10,55","30,85","28,03","4,95","46,01","27,34","26,71","22,28","10,39","24,72","14,83","40,90","24,54","26,29","10,23","16,34","12,65","14,54","19,21","26,86","50,23","29,10","12,17","14,99","26,47","20,61","5,94","48,82","8,23","19,16","23,07","21,92","46,72","9,86"
05/08/2024 00:00:00,"10,42","18,36","2,91","9,90",,"11,58","33,54","43,94","10,05","23,38","10,22","11,41","26,26","6,39","30,00","14,14","26,24","4,95","7,98","8,07","3,96","1,28","29,90","7,99","12,80","18,64","10,80","17,35","1,74","12,00","17,18","7,21","6,76","28,56","38,23","12,41","35,77","30,59","8,86","12,73","15,87","15,38","6,71","6,90","64,65","26,35","20,03","18,48","27,84","20,62","7,47","20,77","24,63","3,42","18,59","11,39","9,68","10,35","10,57","12,15","5,69","6,62","22,70",,"10,39","30,59","28,00","5,14","44,67","27,24","28,28","21,59","10,25","24,17","14,60","39,87","24,61","25,93","10,59","16,22","12,34","14,36","19,07","26,26","50,26","28,95","11,97","14,54","25,85","19,97","5,81","48,57","8,19","18,90","22,87","21,40","45,99","9,85"
06/08/2024 00:00:00,"10,56","18,75","2,93","9,64",,"11,53","33,40","44,11","10,07","23,78","10,57","11,78","26,49","6,39","30,46","14,24","26,87","4,82","7,96","8,08","3,96","1,24","30,42","8,16","13,00","19,06","10,73","17,51","1,71","11,97","17,09","7,33","7,09","28,70","37,91","12,74","36,10","30,52","8,66","12,65","15,86","15,39","6,74","6,90","64,35","26,67","20,30","17,91","27,83","20,47","7,62","21,24","25,18","3,44","18,30","11,62","9,65","10,21","10,35","12,40","5,58","6,37","23,39",,"10,41","31,23","28,49","5,41","43,25","27,33","27,62","22,12","10,23","24,74","14,81","40,41","24,66","26,36","9,90","16,41","11,65","14,51","19,12","26,02","49,18","29,10","11,83","14,53","26,11","19,96","5,77","48,82","7,37","19,32","22,59","21,42","46,09","9,42"
07/08/2024 00:00:00,"11,00","19,02","3,05","9,98",,"11,38","33,65","44,95","10,31","23,47","10,55","11,81","26,62","6,70","31,66","14,17","27,20","4,85","8,51","8,12","3,94","1,31","30,47","8,12","13,19","19,36","10,77","18,43","1,88","11,91","17,85","7,65","7,18","28,71","37,64","12,84","36,35","31,10","9,14","12,79","15,79","15,49","7,09","6,86","66,15","26,94","20,75","18,08","28,22","20,48","7,66","21,35","25,24","3,47","18,16","11,90","9,74","10,66","11,17","12,50","6,52","6,75","23,51",,"10,63","31,18","28,45","5,34","45,07","27,31","27,74","22,06","10,20","25,65","14,84","44,05","24,47","26,66","10,39","16,82","12,98","14,63","20,11","26,13","49,47","29,41","12,33","14,74","26,51","21,55","5,73","48,72","7,60","19,81","23,25","21,75","45,48","9,91"
08/08/2024 00:00:00,"10,87","19,07","3,00","10,13",,"11,37","34,36","45,84","10,50","23,37","10,65","11,94","27,43","7,03","32,46","14,28","27,71","4,68","7,93","8,04","3,94","1,30","30,48","8,12","13,30","19,24","10,85","18,23","1,85","11,85","18,24","7,63","7,13","29,22","41,40","13,05","37,24","31,36","9,11","13,00","16,02","15,72","7,33","6,94","67,50","26,90","21,08","19,01","28,17","20,44","7,66","21,38","25,15","3,49","18,28","11,82","10,12","10,74","11,49","12,58","6,41","6,87","23,47",,"11,01","31,69","28,90","5,30","46,36","27,39","27,18","22,67","10,96","25,85","15,35","43,98","24,57","26,35","10,44","16,96","12,44","14,74","20,98","27,22","50,80","29,51","11,82","14,68","27,59","20,27","5,83","48,43","7,60","19,82","23,35","22,10","46,77","9,82"
09/08/2024 00:00:00,"10,95","19,45","3,13","9,95",,"11,46","35,47","48,16","11,12","23,69","10,86","12,24","27,45","7,25","32,58","14,32","29,30","4,64","7,85","8,16","4,01","1,29","30,48","8,25","13,61","19,87","11,13","18,92","1,91","11,85","19,23","7,80","7,23","29,73","42,69","13,16","37,84","32,50","9,50","13,24","16,14","16,13","7,56","7,01","66,45","26,68","21,71","18,94","28,59","20,65","7,87","21,79","25,83","3,56","18,40","12,60","10,39","11,54","11,87","12,72","6,64","7,18","24,08",,"11,15","31,42","28,64","5,19","47,83","27,71","27,59","22,44","10,89","26,22","15,90","44,32","24,91","26,31","10,48","17,81","12,88","15,05","21,17","27,59","51,65","29,69","12,14","14,94","28,62","20,80","5,95","48,61","7,75","20,34","25,07","22,22","46,78","9,48"
12/08/2024 00:00:00,"10,89","19,43","3,35","9,93",,"11,48","35,08","47,77","11,29","24,20","10,96","12,32","27,82","7,26","33,09","14,40","29,82","4,75","8,52","8,27","4,03","1,26","30,61","8,27","13,48","19,85","11,12","18,94","1,89","12,09","19,13","7,79","7,15","29,77","42,94","13,08","37,92","29,35","9,48","13,03","16,34","15,81","7,59","7,05","64,50","27,29","21,67","19,04","29,25","20,66","7,91","21,92","25,87","3,56","18,25","12,82","10,43","11,20","11,86","12,73","6,71","7,18","24,28",,"11,25","32,30","29,29","5,34","48,60","28,00","27,18","21,85","10,81","25,93","16,22","44,66","25,16","26,43","10,49","17,78","13,27","14,82","21,08","27,43","51,55","29,68","11,84","14,99","28,51","20,83","6,06","48,36","7,63","20,12","24,79","22,16","47,61","9,70"
13/08/2024 00:00:00,"11,05","19,66","3,27","10,16",,"11,54","35,41","48,55","11,69","24,51","11,09","12,47","28,18","7,21","33,59","14,41","29,55","4,86","8,18","8,34","4,28","1,21","30,98","8,31","13,71","20,39","11,60","19,28","1,96","12,13","18,82","7,80","7,28","29,80","43,34","13,05","38,43","29,78","9,28","13,24","16,25","15,44","7,57","7,03","66,15","28,26","22,15","19,22","30,97","20,77","8,09","22,48","26,60","3,56","18,24","12,80","10,63","11,25","12,17","12,88","6,55","7,05","24,54",,"11,41","32,13","29,11","5,13","49,13","29,19","28,21","21,96","10,71","26,37","16,31","43,64","25,45","26,33","10,50","17,95","13,02","15,00","21,41","27,76","51,69","29,68","12,04","15,14","28,31","21,58","6,25","48,15","7,70","20,79","25,44","22,33","48,13","9,30"
14/08/2024 00:00:00,"11,04","19,93","3,15","10,34",,"11,56","35,73","49,27","11,75","24,92","11,16","12,58","28,43","7,32","33,03","14,31","29,40","4,60","8,10","8,99","4,09","1,18","31,28","8,46","13,51","20,60","11,14","19,18","1,91","12,29","19,11","7,84","7,20","30,15","43,37","13,47","40,11","33,05","9,36","13,26","16,15","15,42","7,67","7,00","66,15","28,71","22,33","19,16","31,58","20,89","8,26","23,02","27,26","3,61","18,40","13,20","10,99","11,32","11,67","12,99","6,53","7,28","25,00",,"11,54","32,71","29,62","5,07","49,60","29,20","28,21","22,25","10,77","27,15","16,27","36,29","26,10","26,49","10,38","18,20","12,65","14,91","21,69","28,21","51,84","29,73","12,14","15,35","28,66","21,29","6,09","47,70","7,60","20,74","25,67","22,59","48,51","9,19"
15/08/2024 00:00:00,"11,46","19,63","3,44","10,08",,"11,50","36,04","48,18","11,76","25,12","11,30","12,71","28,32","7,28","34,15","14,56","29,02","4,66","8,34","8,65","4,19","1,18","30,87","8,38","13,69","19,62","10,97","19,24","1,96","12,06","19,56","7,85","7,36","29,87","44,23","13,46","40,38","32,40","9,58","13,34","16,15","15,43","7,61","7,05","66,30","28,41","22,01","19,67","41,26","20,71","8,36","23,38","27,69","3,67","18,37","13,65","11,22","11,57","12,17","12,94","6,47","7,55","24,33",,"11,48","33,05","30,07","5,03","48,92","29,36","27,55","22,70","10,71","27,81","16,49","35,57","26,09","26,39","10,59","18,05","12,77","14,55","22,01","28,15","50,78","29,75","12,54","15,25","28,12","21,43","6,18","47,90","7,54","21,22","25,57","22,29","49,60","9,27"
16/08/2024 00:00:00,"11,44","19,61","3,38","9,93",,"11,45","35,90","45,65","11,55","25,32","11,11","12,55","28,30","7,19","34,04","14,47","28,00","4,68","8,51","8,73","4,10","1,13","30,96","8,39","13,43","20,39","10,77","18,92","1,91","12,15","18,89","7,87","7,18","30,06","43,87","13,50","40,51","32,49","9,37","13,42","15,98","15,17","7,52","6,98","64,05","28,11","22,04","19,27","43,56","20,86","8,32","23,27","27,46","3,65","18,51","13,15","11,05","11,36","11,52","12,93","6,47","7,29","24,15",,"11,35","33,18","30,20","4,94","49,20","29,10","27,60","22,08","10,63","27,92","16,14","38,65","26,27","26,31","10,52","18,06","12,48","14,51","21,32","27,57","51,57","29,68","12,22","15,51","28,53","21,88","6,08","47,77","7,54","21,39","24,91","22,85","50,12","8,99"
19/08/2024 00:00:00,"11,44","19,74","3,37","10,38",,"11,55","36,95","46,81","11,83","26,00","11,74","13,11","28,42","7,44","34,26","14,80","27,69","5,17","8,74","8,90","4,31","1,25","30,75","8,49","13,94","20,55","11,43","19,17","2,14","12,49","19,26","7,92","7,43","30,37","43,41","13,81","41,63","33,10","9,85","13,54","16,38","15,14","7,53","7,15","66,75","29,28","22,20","19,91","44,86","21,25","8,39","23,50","27,63","3,69","18,76","13,86","12,50","11,39","12,75","13,06","6,83","7,46","24,62",,"11,53","32,92","30,15","5,08","47,89","29,20","27,34","22,46","10,86","28,31","16,30","40,15","26,71","26,75","10,61","17,84","13,72","14,64","21,72","27,89","52,17","30,24","12,56","15,49","28,89","21,84","6,50","48,54","8,02","21,58","25,10","22,81","48,75","9,73"
20/08/2024 00:00:00,"11,38","19,70","3,45","9,90",,"11,46","36,84","46,68","11,93","26,11","11,71","13,16","28,42","7,57","34,40","14,91","27,88","5,20","8,84","8,94","4,30","1,21","30,80","8,49","13,87","20,55","11,32","19,33","2,04","12,58","19,59","7,92","7,22","30,28","43,99","13,71","40,90","33,61","9,95","13,52","16,48","15,28","7,47","7,14","68,40","28,85","22,32","20,34","44,56","21,34","8,42","23,74","27,83","3,81","19,34","13,83","12,45","11,44","12,64","13,00","6,77","7,52","24,76",,"11,90","32,80","30,03","5,11","47,83","29,36","26,59","22,51","11,10","29,12","16,21","38,99","26,99","26,47","10,45","18,22","13,60","14,73","21,79","27,87","52,95","30,42","12,78","15,53","29,01","21,53","6,45","48,72","7,75","21,48","25,33","22,95","49,99","9,45"
21/08/2024 00:00:00,"11,38","19,67","3,38","9,57",,"11,45","36,93","46,24","11,99","26,00","11,70","13,10","28,44","7,62","34,68","15,12","27,43","5,32","9,07","9,00","4,46","1,18","31,12","8,48","13,93","20,54","11,74","19,40","2,30","12,65","19,63","7,87","7,05","30,63","44,45","13,73","40,44","33,42","9,74","13,70","17,11","15,17","7,48","7,40","68,40","28,90","21,92","20,25","45,69","21,14","8,38","23,62","27,72","3,84","19,52","13,78","12,72","11,40","12,69","12,98","6,82","7,57","24,44",,"11,57","32,51","29,85","5,04","46,85","29,54","26,61","22,37","10,94","29,58","16,12","39,65","26,99","26,38","10,50","18,20","13,23","14,75","21,57","27,91","53,51","30,53","12,81","15,48","30,01","21,61","6,64","49,66","7,61","21,44","25,30","23,01","50,29","9,31"
22/08/2024 00:00:00,"11,43","19,45","3,14","9,45",,"11,46","36,39","44,89","11,60","25,41","11,69","13,01","28,34","7,48","34,08","15,12","26,88","5,19","8,65","9,02","4,41","1,13","31,18","8,46","13,69","20,66","11,55","18,83","2,15","12,57","19,08","7,59","6,79","30,68","45,41","13,49","39,43","32,73","9,28","13,61","16,97","15,02","7,49","7,30","65,55","27,99","21,63","20,29","45,48","21,15","8,33","23,36","27,46","3,72","19,47","13,49","12,55","11,23","12,07","12,49","6,46","7,17","23,97",,"11,38","32,60","29,94","4,90","46,86","29,66","26,24","22,25","10,54","28,54","15,71","38,05","26,90","26,46","10,39","17,84","12,54","14,58","21,07","27,47","53,46","30,65","12,19","15,17","29,54","21,51","6,41","49,73","7,28","20,70","25,29","22,74","51,02","8,88"
23/08/2024 00:00:00,"11,50","20,11","3,33","9,43",,"11,51","37,27","46,87","11,79","25,60","11,83","13,13","29,16","7,67","34,30","14,97","27,55","5,40","9,48","9,02","4,54","1,22","31,28","8,57","13,97","20,89","11,66","19,48","2,25","12,90","19,94","7,84","7,09","30,54","45,44","13,72","40,38","33,11","9,93","13,65","16,97","15,10","7,62","7,32","67,35","28,15","22,16","20,10","46,54","21,28","8,33","23,24","27,25","3,81","19,51","14,47","12,48","11,47","12,48","13,07","6,71","7,55","24,43",,"11,48","32,28","29,76","5,08","47,05","30,34","26,20","22,47","10,99","29,66","16,05","38,38","27,18","26,76","10,55","17,72","13,41","14,67","21,64","27,71","53,15","30,55","12,91","15,38","30,40","21,56","6,58","48,90","7,52","20,92","25,59","23,27","50,65","9,46"
26/08/2024 00:00:00,"11,50","20,17","3,28","9,36",,"11,47","37,27","46,98","11,84","25,70","11,77","13,08","28,89","7,51","34,25","15,08","28,10","5,46","9,26","9,01","4,55","1,23","31,34","8,47","14,04","20,79","11,63","19,18","2,07","13,10","19,90","7,75","7,12","30,08","45,67","13,70","39,96","32,57","9,94","13,67","17,10","15,19","7,62","7,37","67,20","27,90","22,16","20,07","47,20","20,97","8,32","23,22","27,31","3,79","19,43","14,43","12,40","11,26","12,23","13,10","6,57","7,50","24,48",,"11,64","35,17","31,92","5,09","47,25","30,22","26,08","21,81","11,06","29,62","16,14","38,36","27,17","26,29","10,48","17,64","13,21","14,73","21,47","28,71","52,30","30,26","12,75","15,24","30,54","21,65","6,60","49,45","7,58","21,02","25,46","22,93","50,90","9,40"
27/08/2024 00:00:00,"11,46","19,98","3,30","9,41",,"11,36","36,84","48,06","11,70","25,41","11,66","12,92","28,89","7,52","34,00","15,49","27,53","5,47","9,72","8,85","4,65","1,22","30,48","8,38","13,96","20,59","11,70","19,44","2,09","13,17","19,99","7,84","7,49","29,82","45,10","13,77","39,59","32,71","9,99","13,70","16,96","15,72","7,75","7,27","66,90","27,17","21,95","19,67","47,52","20,86","8,32","23,17","27,34","3,77","19,38","14,96","12,52","11,25","12,34","13,16","6,72","7,75","24,18",,"11,61","34,69","31,49","5,02","47,74","30,12","26,03","21,75","10,88","29,13","15,70","38,92","27,09","26,20","10,37","17,61","12,85","14,81","21,65","27,70","52,72","29,69","12,85","15,14","30,32","21,48","6,46","50,94","7,42","21,02","25,48","22,84","50,83","9,35"
28/08/2024 00:00:00,"11,39","19,98","3,26","9,32",,"11,38","37,41","47,31","11,75","25,56","11,81","13,13","28,71","7,37","34,31","15,29","27,32","5,21","9,51","9,05","4,54","1,19","30,60","8,42","13,66","20,80","11,34","19,39","2,05","13,38","20,05","8,07","7,18","29,62","45,97","13,62","39,75","32,56","9,95","13,75","16,76","15,69","7,64","7,17","66,90","27,42","21,68","19,76","47,58","20,95","8,48","23,71","27,93","3,79","19,35","14,40","12,85","11,18","12,07","13,07","6,51","7,75","23,93",,"11,73","35,48","31,94","5,14","47,36","30,10","26,33","21,46","10,93","29,02","15,51","38,56","27,38","26,50","10,23","17,63","12,32","14,65","21,41","26,58","53,15","30,10","12,70","15,36","29,73","21,43","6,24","50,57","7,25","21,21","25,33","22,87","50,83","9,25"
29/08/2024 00:00:00,"11,31","19,45","3,14","9,07",,"11,28","36,75","45,31","11,60","25,67","11,75","13,10","28,82","7,26","33,56","15,27","26,84","5,06","9,32","9,09","4,62","1,19","30,44","8,39","13,44","20,91","11,36","18,99","1,98","13,42","19,62","7,91","7,02","29,44","45,74","13,33","39,29","32,14","9,46","13,60","17,14","15,27","7,54","7,30","64,35","26,43","21,17","19,66","47,26","20,81","8,37","23,66","27,63","3,74","19,08","13,90","12,56","11,07","11,81","12,71","6,20","7,41","23,42",,"11,66","35,06","31,73","5,15","46,73","30,01","26,16","20,98","10,69","28,70","15,33","37,88","27,32","26,34","10,06","17,46","11,92","14,53","20,83","26,34","52,60","30,02","12,21","15,21","29,47","21,11","6,23","50,51","7,00","21,03","24,71","22,79","50,40","9,17"
30/08/2024 00:00:00,"11,31","19,23","3,16","9,27",,"11,31","37,15","43,77","11,73","25,51","11,78","13,11","28,96","7,23","33,56","15,42","26,21","4,96","9,32","9,12","4,64","1,16","31,58","8,33","13,36","21,06","11,29","19,33","1,97","13,94","19,28","7,82","7,21","30,12","46,23","13,13","39,27","32,07","9,44","13,61","16,99","15,59","7,50","7,28","63,60","25,89","20,96","19,40","46,98","20,89","8,33","23,38","27,43","3,76","19,03","14,11","12,48","11,02","11,14","12,73","6,32","7,47","23,47",,"11,57","35,19","31,76","5,46","46,84","30,27","25,92","20,80","10,72","28,21","15,22","37,53","27,28","26,44","10,16","17,34","11,94","14,47","20,48","26,17","52,13","30,30","12,33","15,14","28,96","21,30","6,23","50,75","6,94","21,14","25,02","22,79","50,97","9,04"
02/09/2024 00:00:00,"11,32","19,07","3,13","9,50",,"11,32","37,28","42,88","11,50","25,78","11,68","13,08","28,94","6,99","33,31","15,18","26,73","4,95","8,94","9,16","4,67","1,16","30,77","8,42","13,11","21,05","11,19","19,50","1,92","13,84","19,08","8,00","7,12","29,61","45,02","13,35","39,26","31,99","9,19","13,46","17,00","15,25","7,51","7,24","64,20","25,54","20,73","19,19","47,89","20,92","8,28","23,29","27,21","3,83","18,88","13,81","11,95","11,33","10,96","12,86","6,16","7,30","23,21",,"11,49","35,04","31,46","5,70","46,71","30,92","25,56","20,44","10,92","27,98","15,26","37,43","27,28","26,46","10,05","17,27","11,82","14,28","20,31","25,81","52,21","30,28","12,22","15,09","28,28","20,62","6,16","50,04","6,87","20,88","25,17","22,96","49,28","8,87"
03/09/2024 00:00:00,"11,25","19,22","3,14","9,69",,"11,32","37,11","42,35","11,24","26,02","11,85","13,22","29,08","6,89","33,41","14,59","25,32","4,73","9,13","9,11","4,57","1,15","31,07","8,50","13,12","21,34","10,79","19,54","1,91","13,97","18,73","8,15","7,10","29,78","45,82","13,50","39,60","32,09","9,20","13,77","16,43","15,33","7,44","7,06","65,55","25,45","21,01","19,19","50,46","20,93","8,41","23,68","27,66","3,82","18,97","14,05","11,71","11,33","10,70","12,87","6,10","7,23","23,43",,"11,68","34,67","31,08","5,83","44,30","30,88","25,46","20,40","10,98","28,61","14,94","36,93","27,33","27,07","10,26","17,33","11,61","14,32","19,87","25,38","51,74","30,52","11,97","15,30","28,36","20,69","5,96","48,17","6,91","21,14","25,07","23,40","49,70","9,04"
04/09/2024 00:00:00,"11,42","19,65","3,29","9,67",,"11,35","37,99","42,81","11,61","26,30","11,92","13,32","29,50","7,15","33,48","14,91","24,50","4,81","9,29","9,37","4,69","1,18","31,84","8,66","13,40","21,66","10,85","19,89","1,94","13,59","19,07","8,34","7,17","30,14","48,48","13,85","40,77","33,46","9,44","14,26","16,93","15,52","7,60","7,32","66,60","25,66","21,43","19,37","47,29","21,32","8,48","23,86","27,85","3,87","19,33","14,25","12,59","11,74","11,03","13,05","6,36","7,35","23,75",,"11,70","34,54","31,09","5,86","43,72","30,96","25,67","20,62","10,91","29,51","15,01","38,04","27,60","26,86","10,52","17,49","11,82","14,42","20,57","25,36","52,49","31,00","12,32","15,53","28,96","20,88","6,08","48,55","6,96","21,44","26,06","23,97","50,25","9,27"
05/09/2024 00:00:00,"11,40","19,61","3,28","9,29",,"11,26","37,71","42,43","11,65","26,53","11,99","13,44","29,13","6,95","33,58","14,93","24,07","4,83","9,44","9,33","4,85","1,20","32,18","8,70","13,42","22,07","10,98","19,97","1,91","13,51","19,18","8,34","7,34","29,93","49,15","13,99","40,09","32,86","9,44","14,34","17,08","15,74","7,61","7,34","68,25","25,95","21,21","19,19","50,20","21,22","8,56","24,01","28,03","3,88","19,28","14,70","12,49","11,78","11,27","13,08","6,37","7,79","23,75",,"11,50","34,34","30,90","5,89","43,52","31,12","26,25","20,74","10,89","29,30","15,01","38,55","27,44","27,50","10,52","17,46","11,90","14,38","20,81","25,34","52,39","30,63","12,44","15,80","28,78","21,26","6,08","48,90","7,01","21,78","26,37","24,24","50,82","9,18"
06/09/2024 00:00:00,"11,42","19,44","3,14","9,16",,"11,27","37,15","42,29","11,31","26,10","11,82","13,18","28,94","6,76","33,02","14,70","22,73","4,66","9,37","9,28","5,05","1,18","32,10","8,57","12,89","22,02","11,04","19,88","1,90","13,51","19,04","8,38","7,08","30,00","47,21","13,86","39,93","32,63","9,22","14,28","16,87","15,64","7,69","7,28","67,20","25,69","20,90","18,93","48,45","21,01","8,47","23,81","27,63","3,86","19,14","14,45","12,41","11,66","10,81","12,97","6,15","7,53","23,76",,"11,44","33,71","30,29","5,87","42,46","30,70","25,80","20,56","10,66","29,46","14,39","38,12","27,16","27,70","10,46","17,34","11,49","14,23","20,61","25,05","51,53","30,61","12,14","15,61","28,37","20,99","5,99","48,28","6,78","21,30","26,49","24,17","49,77","8,82"
09/09/2024 00:00:00,"11,53","19,34","3,06","8,96",,"11,10","37,14","41,54","11,38","26,43","11,85","13,22","28,89","6,76","33,59","14,64","22,73","4,60","9,11","9,29","4,83","1,16","31,93","8,57","12,76","22,15","10,92","19,94","1,81","13,43","18,99","8,45","7,04","29,70","47,42","13,65","39,83","32,48","9,19","14,19","17,17","15,59","7,44","7,43","67,50","25,61","20,69","18,85","46,61","21,01","8,56","23,86","27,90","3,81","19,07","14,33","12,30","11,70","10,55","12,72","6,15","7,73","23,71",,"11,74","34,16","30,62","5,78","41,96","30,50","25,81","20,27","10,67","29,55","14,21","37,70","27,18","27,96","10,54","17,35","11,32","14,03","20,80","24,48","51,29","30,48","11,97","15,37","28,23","21,69","5,84","48,28","6,79","21,41","26,04","23,83","49,37","8,82"
10/09/2024 00:00:00,"11,64","19,34","3,08","8,63",,"11,08","37,04","42,51","11,51","26,04","11,89","13,26","28,87","6,80","33,31","14,55","21,32","4,58","9,20","9,24","4,86","1,14","31,72","8,63","12,49","22,54","10,71","20,29","1,80","13,23","18,98","8,52","7,00","29,67","47,97","13,79","39,72","32,35","9,15","14,06","17,16","15,67","7,49","7,39","67,80","25,68","20,79","19,23","46,81","20,90","8,56","23,90","27,90","3,89","19,39","14,42","12,39","11,34","10,38","12,54","6,08","7,73","24,28",,"11,87","33,43","30,11","5,74","42,20","30,67","25,52","20,56","10,52","29,62","14,13","38,11","27,13","29,52","10,59","17,61","11,45","14,11","21,05","24,35","52,32","30,30","11,93","15,45","28,35","20,84","5,77","47,70","6,75","21,25","26,84","23,91","49,78","8,91"
11/09/2024 00:00:00,"11,47","19,37","3,16","8,88",,"10,99","37,19","43,07","11,22","26,04","11,70","13,11","28,70","6,79","32,66","14,83","22,39","4,60","9,18","9,22","4,99","1,22","31,56","8,57","12,97","22,09","11,03","20,28","1,87","12,89","19,02","8,61","7,00","29,50","49,16","13,90","39,52","32,16","9,18","14,16","17,24","15,68","7,60","7,45","67,50","26,54","20,83","19,36","44,65","20,92","8,56","23,85","27,95","3,91","19,34","14,80","12,29","11,52","10,32","12,38","6,15","7,83","24,59",,"11,85","33,57","30,08","5,78","42,53","30,56","25,37","20,56","10,60","29,70","14,05","38,43","26,89","29,29","10,62","17,34","11,51","14,10","21,18","24,35","52,24","30,17","11,92","15,59","28,39","20,93","5,91","49,06","6,69","21,18","26,73","24,03","50,36","9,62"
12/09/2024 00:00:00,"11,35","19,21","2,98","8,79",,"10,99","36,75","42,48","11,15","25,78","11,63","13,05","28,46","6,74","32,14","14,83","21,26","4,65","9,12","9,17","5,16","1,19","31,32","8,54","12,84","22,18","10,98","20,26","1,82","12,81","19,02","8,75","6,92","29,28","50,29","13,95","39,53","31,70","9,24","14,17","17,26","15,73","7,29","7,39","67,35","25,74","20,78","19,75","45,50","20,89","8,53","23,78","27,65","3,87","19,12","14,99","12,36","11,21","10,23","12,29","5,94","7,82","24,63",,"11,81","33,18","29,74","5,72","42,28","30,85","25,34","20,08","10,58","29,83","13,89","38,33","26,63","29,79","10,58","17,27","11,12","14,09","20,75","24,38","51,55","29,91","11,83","15,43","28,37","20,81","5,91","49,50","6,58","21,11","26,48","24,01","50,18","9,55"
13/09/2024 00:00:00,"11,19","19,25","3,06","8,53",,"11,04","36,95","43,18","11,22","25,95","11,64","13,05","28,53","6,67","32,93","14,92","21,94","4,82","9,66","9,23","5,43","1,25","31,49","8,69","13,04","22,59","11,33","20,69","2,08","12,80","19,68","9,05","7,36","29,42","51,26","14,07","40,10","31,88","9,88","14,23","17,45","16,03","7,11","7,48","69,00","26,38","21,19","20,17","45,97","20,88","8,53","23,79","27,68","3,91","19,22","15,44","12,36","11,45","10,63","12,62","6,38","8,03","25,19",,"12,22","33,08","29,61","5,95","43,31","31,03","25,11","20,14","10,85","30,71","14,21","40,10","26,73","29,95","10,64","17,30","11,53","14,10","21,47","24,74","51,45","30,05","12,50","15,60","29,17","20,79","6,17","49,83","6,69","20,78","27,06","24,12","50,47","10,01"
16/09/2024 00:00:00,"11,31","19,56","3,07","8,48",,"11,03","37,37","42,63","11,25","26,09","11,58","12,95","28,70","6,56","33,30","14,93","21,10","5,03","9,94","9,20","5,80","1,23","31,73","8,60","13,13","23,19","11,34","20,84","2,04","12,97","19,88","9,02","7,24","29,52","48,55","13,97","40,11","31,94","9,86","14,16","17,15","16,14","7,08","7,36","69,30","26,36","21,46","20,18","45,75","20,92","8,53","23,84","27,67","3,88","19,14","15,79","12,37","11,61","10,71","12,63","6,38","8,13","25,27",,"12,10","33,41","30,02","5,93","42,74","31,05","25,39","20,09","10,84","30,42","13,98","39,73","26,61","30,13","10,75","17,66","11,51","14,09","21,35","24,97","50,25","30,04","13,34","15,82","29,24","21,04","6,05","49,83","6,69","20,33","27,19","24,54","49,89","10,04"
17/09/2024 00:00:00,"11,40","19,37","3,07","8,55",,"11,00","37,53","42,11","11,34","25,92","11,49","12,87","28,35","6,71","33,27","14,90","21,42","4,97","9,80","9,19","5,64","1,27","31,51","8,60","13,40","23,03","11,44","20,70","2,09","12,83","19,82","9,00","7,26","29,44","47,77","14,13","40,14","31,65","9,97","14,13","17,19","16,45","7,06","7,44","69,15","26,56","21,13","20,09","45,24","20,84","8,49","23,61","27,60","3,89","19,00","15,55","12,60","11,52","10,88","12,64","6,50","8,11","24,87",,"12,00","33,21","29,88","5,89","43,36","30,86","25,42","19,94","10,84","30,11","14,06","40,18","26,64","29,82","10,69","17,60","11,61","14,19","21,28","24,63","50,51","29,61","13,42","15,81","28,97","21,06","6,09","49,59","6,73","20,50","26,94","24,48","50,19","10,20"
18/09/2024 00:00:00,"11,41","19,50","3,06","8,47",,"10,92","37,19","42,67","11,22","25,80","11,36","12,79","28,06","6,46","33,23","14,70","20,72","4,94","9,89","9,18","5,17","1,22","31,26","8,61","13,10","23,05","11,32","20,71","2,07","12,68","19,74","8,99","7,18","29,12","46,84","14,01","40,00","31,61","9,96","14,18","17,10","16,63","7,04","7,39","69,90","26,27","21,51","19,87","44,79","20,86","8,46","23,53","27,45","3,92","18,81","15,49","11,91","11,93","10,55","12,53","6,30","7,95","24,76",,"11,71","32,63","29,16","5,92","43,19","31,82","25,74","19,65","10,86","30,40","14,01","40,66","26,41","29,64","10,67","17,58","11,36","14,12","21,51","25,26","49,85","29,42","13,41","15,91","28,63","20,41","6,26","49,01","6,54","20,27","27,17","24,54","50,45","9,93"
19/09/2024 00:00:00,"11,39","19,30","2,87","7,99",,"10,79","36,66","41,36","11,10","25,48","11,24","12,61","27,88","6,46","32,76","14,81","18,78","4,82","9,85","9,10","5,24","1,20","31,00","8,49","12,99","22,61","11,47","20,49","2,01","12,57","19,29","8,89","6,88","28,98","46,88","14,03","39,23","31,29","9,68","14,12","17,13","16,58","6,85","7,41","67,05","25,66","20,83","19,68","44,48","20,76","8,49","23,36","27,37","3,73","18,76","15,38","12,43","11,64","10,22","12,36","6,08","7,68","24,30",,"11,60","32,53","29,26","5,86","44,01","31,64","25,77","19,49","11,07","29,57","13,82","40,20","26,22","29,24","10,31","17,38","10,97","14,00","21,31","25,52","49,82","29,39","13,07","15,68","28,79","20,17","6,23","49,60","6,29","20,14","27,15","24,27","50,13","9,67"
20/09/2024 00:00:00,"11,22","18,84","2,66","7,46",,"10,53","35,53","39,88","10,73","25,11","11,05","12,38","27,60","6,30","31,45","14,47","18,07","4,68","9,48","9,07","5,18","1,12","30,92","8,34","12,56","22,40","10,60","19,80","1,87","12,36","18,31","8,74","6,77","29,15","47,63","14,00","37,77","30,62","9,02","14,04","16,75","16,05","6,81","7,24","64,95","24,78","20,15","18,80","43,91","20,66","8,39","23,19","27,07","3,60","18,52","14,71","12,22","11,10","9,48","11,99","5,78","7,40","24,11",,"11,52","32,53","29,25","5,82","44,20","31,61","25,36","18,96","10,81","28,78","13,68","39,01","25,65","29,34","10,17","17,32","10,27","13,93","20,43","25,60","49,61","29,30","12,24","15,88","27,98","19,47","5,88","48,85","6,00","20,37","26,52","24,31","49,44","9,11"
23/09/2024 00:00:00,"11,21","18,69","2,55","7,62",,"10,53","35,19","40,38","10,36","25,02","10,79","12,06","27,70","6,32","30,94","14,48","17,79","4,67","9,31","9,04","5,17","1,10","30,88","8,21","12,25","22,10","10,55","19,12","1,87","12,27","17,84","8,56","6,56","28,98","48,68","13,85","37,63","30,48","8,85","13,74","16,47","16,11","6,79","7,19","63,45","24,59","20,05","18,74","44,16","20,61","8,34","23,15","26,91","3,54","18,35","14,44","12,06","10,97","9,18","11,88","5,80","7,30","23,91",,"12,38","32,94","29,55","5,85","44,58","31,84","25,25","18,84","11,02","28,08","13,69","38,75","25,10","28,80","10,23","17,13","10,14","13,96","19,84","25,39","48,95","29,31","11,75","15,88","27,64","19,25","5,60","49,01","6,03","19,55","25,83","24,15","51,13","8,62"
24/09/2024 00:00:00,"11,22","18,75","2,36","7,90",,"10,40","35,28","40,03","10,41","25,00","10,74","12,04","27,93","6,44","30,86","15,11","19,34","5,36","9,49","9,01","5,39","1,12","30,79","8,22","12,72","21,84","11,54","19,03","1,86","12,32","18,07","8,60","6,70","29,08","49,37","14,02","37,80","30,55","8,93","13,73","17,15","16,07","6,95","7,44","63,75","24,50","20,22","18,75","44,71","20,60","8,35","23,09","26,91","3,53","18,55","15,21","11,91","10,86","9,33","11,79","5,70","7,37","24,06",,"12,25","33,19","29,67","5,73","46,54","31,92","24,97","19,06","10,94","28,41","13,84","39,09","25,24","28,65","10,13","16,97","10,25","14,14","20,16","25,63","50,24","29,19","11,84","16,04","28,03","19,61","6,03","51,40","6,01","20,09","26,07","24,31","52,14","8,81"
25/09/2024 00:00:00,"11,15","18,48","2,26","7,54",,"10,25","34,85","38,36","10,07","24,93","10,75","12,12","27,87","6,32","31,00","15,23","18,09","5,25","9,41","9,02","5,52","1,06","30,76","8,10","12,50","21,61","11,59","18,79","1,84","12,41","18,07","8,65","6,67","28,68","49,51","13,91","37,64","30,41","9,00","13,54","16,96","15,98","6,76","7,34","61,80","23,80","19,99","18,27","44,66","20,59","8,42","23,32","27,25","3,49","18,29","14,87","12,16","10,93","9,16","11,89","5,58","7,26","23,53",,"12,24","33,21","29,89","5,84","44,81","31,90","24,64","18,87","10,81","28,01","13,54","38,00","25,26","27,64","10,22","16,76","10,02","14,13","19,70","25,66","49,44","29,13","11,53","16,00","27,67","19,05","6,04","51,63","5,92","19,93","26,05","24,41","52,41","8,31"
26/09/2024 00:00:00,"11,29","18,54","2,32","7,80",,"10,33","35,35","37,89","10,12","25,09","10,98","12,43","27,97","6,35","31,30","16,21","16,91","5,56","9,55","9,11","5,89","1,14","30,96","8,20","12,96","21,41","12,63","18,61","1,86","12,50","18,44","8,53","6,69","28,72","49,49","13,97","37,84","30,52","9,05","13,32","17,62","16,08","7,05","7,62","61,05","23,99","20,13","18,09","44,19","20,57","8,55","23,64","27,59","3,55","18,64","14,81","11,94","11,03","8,98","12,04","5,60","7,26","23,51",,"12,18","32,52","29,24","5,87","42,64","32,25","24,70","19,21","10,62","27,88","13,29","38,29","25,12","27,50","10,23","16,72","10,14","14,45","19,90","25,15","51,41","29,24","11,52","15,94","27,14","19,37","6,38","54,73","6,02","20,01","25,23","24,21","52,76","8,55"
27/09/2024 00:00:00,"11,36","18,43","2,32","7,87",,"10,37","35,14","38,29","10,01","24,88","11,04","12,54","27,89","6,26","32,18","16,08","17,67","5,48","9,59","9,00","5,65","1,13","31,27","8,07","13,15","20,41","12,61","18,42","1,90","12,57","18,29","8,40","6,57","28,62","47,65","14,01","37,59","30,42","9,03","13,30","17,64","16,03","7,19","7,55","60,00","24,40","20,05","17,96","44,23","20,48","8,53","23,67","27,70","3,53","18,57","14,67","11,86","10,98","9,16","11,91","5,53","7,34","23,38",,"12,01","32,39","29,13","5,98","43,58","32,40","24,17","19,10","10,62","27,97","13,32","37,90","24,92","27,12","10,18","16,49","10,18","15,29","20,00","25,02","51,54","29,18","11,41","15,97","27,33","19,46","6,24","54,48","5,94","19,61","25,68","24,45","52,74","8,50"
30/09/2024 00:00:00,"11,50","18,42","2,27","7,24",,"10,39","35,01","37,67","9,99","24,82","10,92","12,34","27,99","6,12","31,40","16,02","17,52","5,46","9,62","9,07","5,64","1,09","31,43","8,16","13,08","20,74","12,27","18,15","1,86","12,41","18,13","8,29","6,37","28,31","47,35","13,97","37,18","30,48","9,07","13,17","17,73","16,10","7,10","7,58","60,00","23,97","20,00","17,69","43,47","20,54","8,47","23,32","27,21","3,54","18,41","14,86","11,69","10,94","8,88","11,63","5,46","7,24","23,48",,"11,94","32,18","29,05","5,91","43,33","32,77","23,97","19,03","10,50","27,46","13,22","37,56","24,66","27,19","10,15","16,54","10,81","14,91","19,91","24,75","51,60","29,26","11,44","15,99","27,60","19,34","6,24","54,10","6,04","19,42","25,51","24,55","51,26","8,43"
01/10/2024 00:00:00,"11,96","18,43","2,28","6,90",,"10,41","34,95","37,30","9,99","24,73","10,98","12,50","28,19","6,21","31,06","16,03","17,85","5,49","9,44","9,08","5,82","1,09","31,36","8,18","13,31","20,84","12,42","18,45","1,85","12,34","18,21","8,35","6,31","28,45","46,52","13,93","36,98","30,51","9,29","12,92","17,76","15,88","7,01","7,55","60,60","24,31","19,97","17,94","43,52","20,51","8,33","22,93","26,76","3,74","18,42","14,70","11,78","11,16","8,90","11,61","5,37","7,57","23,42",,"11,69","33,04","29,82","5,95","44,26","32,66","24,73","18,90","10,63","27,02","13,21","37,65","24,81","26,80","9,99","16,48","11,07","15,08","19,87","24,81","52,02","29,24","11,90","15,88","27,70","19,51","6,24","54,36","5,90","19,33","26,12","24,44","52,66","8,29"
02/10/2024 00:00:00,"12,06","18,72","2,29","6,93",,"10,36","34,98","37,81","10,21","24,79","11,33","12,95","27,96","6,23","30,62","16,07","17,44","5,76","9,54","9,07","6,00","1,08","31,45","8,21","13,53","21,10","12,66","18,91","1,87","12,34","19,03","8,45","6,52","28,40","45,73","14,26","37,15","30,49","9,66","12,98","17,98","15,89","7,20","7,71","62,10","24,42","20,00","18,18","43,83","20,65","8,36","23,08","26,93","3,78","18,75","15,10","11,83","11,75","9,02","11,89","5,38","7,89","23,47",,"11,68","33,43","30,23","6,10","44,12","33,43","24,73","19,08","10,58","27,02","13,47","38,28","25,28","27,01","9,98","16,49","10,51","15,19","20,20","25,93","52,22","29,46","12,67","16,01","28,46","19,59","6,31","54,66","5,51","19,42","26,78","24,67","52,16","8,46"
03/10/2024 00:00:00,"11,78","18,69","2,24","6,53",,"10,29","34,15","36,21","10,00","24,56","11,22","12,81","27,69","6,17","30,47","15,71","17,64","5,66","9,20","8,94","5,89","1,05","31,32","8,05","13,09","20,89","12,30","18,63","1,86","12,28","18,72","8,25","6,38","27,96","44,60","14,11","36,63","30,31","9,31","12,93","17,50","15,66","7,08","7,46","60,15","24,20","20,10","17,72","42,45","20,36","8,11","22,57","26,26","3,67","18,65","14,78","11,68","11,90","8,91","11,62","5,19","7,70","23,24",,"11,55","33,88","30,61","5,87","44,61","33,25","24,13","18,82","10,36","26,96","13,71","37,10","24,70","26,72","10,01","16,24","10,14","14,72","20,09","26,06","51,99","29,21","12,38","15,42","27,17","19,25","6,11","53,61","5,27","19,05","25,90","24,05","51,46","8,60"
04/10/2024 00:00:00,"11,68","18,96","2,32","6,76",,"10,27","33,96","37,10","10,03","24,53","11,25","12,83","27,66","6,16","30,67","15,62","17,85","6,14","9,12","8,87","5,61","1,07","31,50","8,13","13,25","20,55","12,03","18,38","1,84","12,29","18,76","8,24","6,27","27,97","45,35","14,10","36,73","30,48","9,33","12,93","17,80","15,82","7,04","7,54","60,30","24,49","20,50","17,86","43,30","20,40","8,13","22,61","26,32","3,74","18,79","14,90","11,53","12,20","8,86","11,73","5,22","7,68","23,61",,"11,45","33,89","30,52","5,97","44,81","33,71","23,99","18,99","10,33","27,13","13,71","38,38","24,89","25,71","9,89","16,13","10,14","14,69","20,48","26,29","52,84","29,28","12,28","15,15","27,05","19,31","6,21","53,22","5,15","19,17","26,23","24,02","51,36","9,33"
07/10/2024 00:00:00,"11,58","19,24","2,29","6,56",,"10,17","33,95","36,53","9,84","24,64","11,26","12,95","27,15","6,02","30,56","15,72","18,28","6,09","8,82","8,90","5,56","1,07","31,49","8,17","13,05","20,56","12,15","18,47","1,82","12,16","18,85","8,22","6,34","28,04","45,27","13,97","36,37","30,20","9,31","12,85","18,03","15,89","6,96","7,57","59,55","24,99","20,63","17,84","42,53","20,44","8,16","22,65","26,49","3,86","18,84","14,56","11,53","12,33","8,71","11,84","5,27","7,73","23,66",,"11,49","34,47","30,95","5,98","45,53","33,44","23,73","18,97","10,33","26,95","13,84","37,94","24,94","25,91","10,38","16,38","10,02","14,42","20,25","26,36","52,88","29,53","12,60","14,93","27,07","19,18","6,28","53,69","5,17","19,25","26,23","23,68","50,33","9,31"
08/10/2024 00:00:00,"11,50","19,20","2,34","6,61",,"10,15","34,44","37,37","9,98","24,64","11,32","12,96","27,04","5,93","30,77","15,34","17,80","5,73","8,93","8,87","5,36","1,21","31,53","8,29","12,80","20,54","11,58","18,53","1,84","12,21","19,28","8,33","6,35","27,85","45,34","14,06","36,52","30,76","9,57","12,93","17,71","15,89","7,08","7,46","59,10","25,17","20,49","18,27","42,73","20,33","8,16","22,82","26,65","3,91","18,77","14,81","11,53","12,22","8,77","11,66","5,37","7,89","23,57",,"11,54","33,72","30,33","6,06","44,11","33,56","23,57","18,70","10,33","27,18","13,56","39,26","24,92","26,16","9,88","16,53","10,00","14,48","20,71","26,70","52,79","29,44","12,75","14,96","27,35","19,13","6,02","52,06","5,19","19,33","26,60","23,80","51,18","9,81"
09/10/2024 00:00:00,"11,50","18,71","2,23","6,30",,"10,02","33,98","36,94","9,97","24,13","11,06","12,71","26,69","5,72","30,59","15,16","17,64","5,56","9,03","8,78","5,22","1,13","30,46","8,22","12,44","20,07","11,56","18,27","1,81","11,94","19,18","8,21","6,20","27,34","45,39","13,88","36,09","30,43","9,36","12,76","17,74","15,62","6,93","7,50","58,35","24,56","20,02","18,07","41,70","20,10","8,01","22,45","26,16","3,82","18,49","14,51","11,14","12,25","8,46","11,50","5,21","7,80","23,29",,"11,39","33,46","30,02","5,96","43,70","33,17","23,59","18,31","10,21","26,69","13,18","38,00","24,68","25,55","9,72","16,28","9,67","14,37","20,62","25,65","51,54","29,22","12,57","14,77","27,25","18,87","6,29","51,93","5,07","18,97","25,67","23,70","50,89","9,17"
10/10/2024 00:00:00,"11,53","18,85","2,16","6,44",,"10,05","33,94","36,94","10,03","23,92","11,15","12,78","26,68","5,60","30,19","15,23","17,51","5,49","9,42","8,84","5,21","1,12","30,24","8,24","12,48","20,03","11,27","18,38","1,81","11,99","19,24","8,16","6,52","27,30","46,15","13,95","36,12","30,05","9,45","12,60","17,78","15,44","6,91","7,55","57,15","24,38","20,34","17,80","41,97","21,18","8,05","22,47","26,30","3,73","18,02","14,89","11,26","12,04","8,44","11,60","4,85","7,78","23,75",,"11,39","34,02","30,37","6,13","44,88","33,11","23,24","18,34","10,38","26,85","13,51","37,67","24,85","25,13","9,46","16,23","9,60","14,11","20,29","25,05","51,30","29,42","12,39","14,68","27,10","19,07","6,23","52,17","5,03","18,89","25,51","23,66","51,06","9,24"
11/10/2024 00:00:00,"11,33","18,80","2,23","6,51",,"9,99","33,93","37,34","9,97","24,04","11,00","12,61","26,70","5,35","30,34","15,41","17,33","5,73","10,10","8,76","5,26","1,13","30,12","8,13","12,10","19,72","11,30","18,30","1,82","12,12","18,91","7,96","6,56","27,07","44,79","13,93","36,02","29,86","9,46","12,64","17,11","15,44","6,97","7,27","58,05","24,32","20,12","17,93","42,21","20,89","8,01","22,40","26,11","3,67","17,76","15,39","10,88","11,88","8,66","11,64","4,89","7,36","23,44",,"11,33","33,96","30,35","6,03","44,26","32,59","23,04","18,21","10,45","26,60","13,57","38,09","24,83","25,24","9,27","16,12","9,65","14,01","20,34","24,95","51,37","29,21","12,34","14,49","27,06","19,00","6,25","52,92","5,11","18,98","25,50","23,16","51,05","9,47"
14/10/2024 00:00:00,"11,36","18,97","2,36","6,92",,"10,08","34,63","37,55","10,15","24,22","11,15","12,79","26,78","5,36","30,78","15,41","17,18","5,65","10,68","8,83","5,29","1,15","30,26","8,20","12,24","19,75","11,27","18,43","1,85","12,28","19,14","8,15","6,60","27,18","45,64","14,03","36,53","30,65","9,53","12,63","17,13","15,76","6,94","7,32","57,75","24,79","20,23","18,02","42,73","21,00","8,08","22,51","26,27","3,78","17,78","15,56","11,29","11,95","8,98","11,84","5,06","7,46","23,68",,"11,38","33,90","30,42","6,24","43,43","32,91","23,33","18,18","10,65","26,61","13,36","38,89","25,12","25,69","9,26","16,47","10,06","14,06","20,65","24,98","51,83","29,44","12,50","14,43","27,32","19,12","6,27","52,75","5,17","19,01","25,38","23,39","51,87","9,62"
15/10/2024 00:00:00,"11,33","19,12","2,34","6,79",,"10,10","34,44","37,54","10,11","24,17","11,18","12,90","26,75","5,32","31,24","15,21","17,10","5,85","10,68","8,82","5,27","1,15","30,35","8,14","12,12","19,88","11,12","18,58","1,84","12,23","19,44","8,20","6,61","27,45","45,10","14,28","36,51","30,64","9,60","12,85","17,02","15,99","7,01","7,25","57,75","24,80","20,26","18,02","42,73","20,81","8,12","22,64","26,57","3,82","17,94","15,59","11,47","11,85","8,88","11,86","5,02","7,48","23,91",,"11,46","33,52","30,17","6,33","43,30","33,21","23,49","18,18","11,01","26,75","13,08","39,04","25,14","25,46","9,27","16,67","9,96","14,20","21,14","25,32","51,86","29,65","12,57","14,75","27,21","18,82","6,12","52,11","5,18","19,32","25,33","23,37","53,28","9,40"
16/10/2024 00:00:00,"11,38","19,15","2,45","6,90",,"10,21","33,92","36,95","10,24","24,43","11,20","12,86","26,84","5,30","31,35","15,42","17,09","5,81","11,33","8,87","5,23","1,18","30,45","8,15","12,06","19,80","11,37","19,05","1,86","12,18","19,79","8,34","6,70","27,68","48,14","14,31","36,78","30,78","9,60","13,01","16,95","16,16","7,14","7,16","57,75","24,45","20,29","18,21","42,02","20,92","8,10","22,54","26,41","4,00","17,90","15,46","11,47","11,81","8,98","11,93","5,21","7,50","23,84",,"11,60","33,42","30,02","6,51","42,77","33,46","24,18","18,32","11,37","27,11","13,17","39,53","25,23","25,43","9,37","16,84","9,92","14,29","21,63","24,99","51,62","29,92","12,80","15,07","27,64","19,28","6,17","53,10","5,38","19,18","25,45","23,88","53,90","9,71"
17/10/2024 00:00:00,"11,31","19,10","2,39","6,84",,"10,25","33,93","36,62","10,00","24,40","11,25","12,95","26,80","5,26","31,32","15,11","17,46","5,67","11,23","8,83","5,26","1,16","30,30","8,03","11,89","19,88","11,11","19,03","1,84","12,28","19,35","8,27","6,47","27,53","47,48","14,13","36,29","30,65","9,42","12,72","16,88","16,08","7,16","7,15","55,80","23,70","20,13","18,02","40,83","20,66","8,10","22,57","26,47","3,86","18,09","15,39","11,77","11,64","8,77","11,75","5,18","7,36","23,84",,"11,48","33,26","29,79","6,56","42,70","33,26","23,95","18,51","11,27","26,71","13,06","39,07","25,10","25,79","9,55","16,94","9,83","14,07","21,65","24,40","52,14","29,64","12,79","14,98","27,42","19,01","6,07","51,76","5,28","18,79","25,58","23,97","52,98","9,36"
18/10/2024 00:00:00,"11,33","19,02","2,36","6,87",,"10,33","33,61","36,08","9,94","24,37","11,30","13,05","26,67","5,42","31,26","15,04","16,85","5,67","11,13","8,78","5,25","1,15","30,20","8,03","11,81","19,92","11,11","19,29","1,86","12,30","19,14","8,21","6,43","27,60","47,36","14,42","36,15","30,46","9,34","12,73","17,08","15,86","7,01","7,16","56,40","23,46","20,17","17,87","40,45","20,68","8,12","22,63","26,60","3,82","18,25","15,14","12,47","11,61","8,61","11,73","5,01","7,22","23,74",,"11,43","33,08","29,71","6,60","42,18","33,18","23,78","18,26","11,02","26,58","12,76","38,70","25,23","25,51","9,71","16,67","9,89","13,97","20,80","24,34","52,86","29,83","13,02","15,06","27,58","18,97","6,12","51,58","5,31","18,77","24,78","24,10","52,04","9,39"
21/10/2024 00:00:00,"11,28","19,15","2,40","7,01",,"10,19","33,97","36,53","10,12","24,31","11,27","13,01","26,77","5,42","30,91","15,05","17,07","5,76","10,95","8,84","5,31","1,17","30,29","8,10","11,73","20,15","11,12","19,31","1,90","12,18","19,01","8,23","6,59","27,64","49,34","14,25","36,33","30,56","9,38","12,77","17,02","15,81","7,01","7,17","54,75","23,90","20,39","18,04","41,23","20,75","8,13","22,49","26,46","3,88","18,27","15,18","12,61","11,68","8,86","11,83","5,19","7,16","23,83",,"11,59","32,48","29,24","6,57","41,92","33,06","23,95","18,23","10,61","26,28","12,83","38,95","25,10","25,23","9,60","16,86","9,96","14,16","19,97","24,64","53,33","29,66","13,30","14,86","27,86","19,04","6,27","51,39","5,53","18,84","24,49","23,94","51,87","9,63"
22/10/2024 00:00:00,"11,27","18,85","2,37","7,07",,"10,13","34,26","35,94","9,90","24,01","11,21","12,93","27,08","5,35","30,51","15,12","17,17","5,93","10,65","8,79","5,28","1,16","30,32","8,01","11,69","20,08","10,94","19,27","1,88","12,19","18,91","8,23","6,35","27,36","48,99","13,97","36,04","30,31","8,99","12,90","16,87","15,46","7,09","7,09","55,35","25,69","19,99","17,73","41,26","20,71","8,13","22,57","26,50","3,78","18,30","14,94","12,35","11,57","8,52","11,63","5,09","6,88","23,24",,"11,95","32,32","29,13","6,58","41,61","33,53","23,87","17,99","10,62","26,48","12,69","38,98","24,84","25,37","9,67","16,67","9,96","14,22","19,83","24,49","54,57","29,36","13,13","14,69","27,88","18,53","6,15","51,46","5,69","18,45","24,18","23,57","52,73","9,51"
23/10/2024 00:00:00,"11,21","18,85","2,39","7,05",,"10,09","33,85","36,09","9,91","24,04","11,18","12,88","27,06","5,37","30,45","14,81","16,94","5,86","10,43","8,79","5,18","1,21","30,39","7,95","11,73","20,05","10,91","19,53","1,89","12,26","18,82","8,28","6,54","27,29","48,52","13,83","35,57","29,97","9,05","12,89","16,67","15,44","7,13","6,99","57,15","24,96","20,06","17,78","46,33","20,63","8,16","22,73","26,67","3,82","18,18","14,78","12,43","11,58","8,38","11,58","5,10","6,95","23,29",,"11,86","31,86","28,77","6,39","41,20","34,00","23,30","18,08","10,61","26,07","12,60","38,81","25,14","25,16","9,55","16,50","10,16","14,10","19,84","24,27","54,54","29,31","13,19","14,71","27,71","18,46","6,27","50,56","5,74","18,42","23,56","23,60","52,97","9,90"
24/10/2024 00:00:00,"11,28","18,95","2,50","7,24",,"10,19","34,08","37,06","10,06","24,07","11,23","12,90","27,09","5,36","30,77","14,90","16,92","5,78","10,97","8,92","5,17","1,26","30,60","7,89","11,82","20,27","11,13","20,12","1,98","12,23","19,13","8,42","6,67","27,52","48,88","13,66","36,00","30,23","9,13","12,92","16,63","15,40","7,12","7,00","56,70","25,35","20,13","17,78","42,94","20,80","8,23","22,86","26,91","3,89","18,00","15,49","12,36","11,76","8,68","11,68","5,34","7,07","22,99",,"11,69","31,97","28,96","6,27","41,96","34,52","23,63","18,18","10,65","26,60","12,74","39,85","25,22","25,30","9,54","16,60","10,47","14,24","20,25","24,31","54,40","29,44","13,35","14,73","27,67","18,63","6,37","50,85","5,84","18,40","24,15","23,64","53,03","10,12"
25/10/2024 00:00:00,"11,21","18,78","2,46","7,05",,"10,31","33,77","36,20","9,99","24,08","11,10","12,72","27,04","5,30","30,74","15,35","16,93","5,91","11,83","8,87","5,27","1,22","30,30","7,85","11,75","20,30","11,23","20,23","2,08","12,35","18,68","8,42","6,34","27,21","48,92","13,38","35,73","29,81","8,99","12,83","16,70","15,06","6,97","7,00","54,60","23,94","19,98","17,78","40,16","20,65","8,15","22,65","26,61","3,82","18,37","15,20","12,38","11,98","8,36","11,59","5,22","6,98","22,98",,"11,68","32,29","29,16","6,36","41,65","34,46","23,10","18,29","10,65","25,85","12,66","38,59","25,16","24,99","9,37","16,71","10,25","14,11","19,87","24,12","55,92","29,36","13,36","14,47","27,90","18,33","6,64","52,58","5,77","18,19","23,40","23,50","52,28","9,80"
28/10/2024 00:00:00,"11,33","18,98","2,56","7,19",,"10,27","34,14","36,47","10,16","24,03","11,29","12,95","27,11","5,42","31,41","15,62","16,70","5,86","11,48","8,98","5,37","1,23","30,50","7,87","12,07","20,41","11,48","20,38","2,14","12,37","18,74","8,37","6,58","27,29","48,31","13,43","35,60","29,71","9,05","12,93","16,97","14,89","7,07","7,08","55,65","21,86","20,21","18,03","42,88","20,69","8,24","22,86","26,93","3,89","18,24","15,23","12,65","12,22","8,67","11,77","5,40","7,08","22,94",,"11,81","32,22","29,11","6,36","40,95","34,71","23,08","18,84","10,72","26,60","12,57","38,82","25,43","25,06","9,44","16,79","10,52","14,10","20,04","23,96","56,24","29,50","13,32","14,67","28,29","19,08","6,63","53,56","5,74","18,54","23,89","23,68","53,02","9,94"
29/10/2024 00:00:00,"11,41","18,89","2,43","7,32",,"10,29","33,86","35,87","10,10","23,90","11,14","12,76","27,20","5,59","31,10","15,61","16,94","5,91","11,42","9,04","5,32","1,21","30,15","7,92","12,09","20,60","11,20","20,69","2,07","12,35","18,76","8,54","6,48","27,31","49,48","13,20","35,34","30,04","9,09","12,62","17,15","14,93","6,90","7,11","54,00","22,01","19,97","17,43","42,63","20,54","8,19","22,65","26,65","3,75","18,12","15,22","13,03","12,02","8,45","11,73","5,31","6,96","22,92",,"11,63","32,14","29,05","6,36","40,50","34,60","22,66","18,94","10,52","26,75","12,45","38,61","24,13","24,93","9,33","16,85","10,39","14,09","19,94","23,97","56,45","29,49","13,57","13,95","28,22","19,23","6,43","53,38","5,71","18,43","23,69","22,83","53,66","9,72"
30/10/2024 00:00:00,"11,37","18,97","2,52","7,44",,"10,37","34,01","36,36","10,06","24,08","11,17","12,80","27,20","5,75","30,81","15,62","16,93","5,78","12,10","9,05","5,37","1,24","30,33","7,91","12,03","20,61","11,21","20,74","2,16","12,32","19,32","8,59","6,44","27,51","48,45","13,21","35,68","30,30","9,26","12,72","17,10","14,81","7,15","7,14","54,00","22,02","20,12","17,09","41,89","20,65","8,16","22,55","26,57","3,82","18,32","15,32","13,21","12,23","8,79","11,70","5,48","7,17","23,31",,"11,54","31,86","28,92","6,32","41,21","34,83","23,25","18,83","10,58","26,30","12,68","39,05","24,62","24,97","9,47","16,96","10,60","14,22","20,50","24,43","57,24","29,72","13,86","14,20","28,51","18,98","6,57","53,21","5,83","18,52","24,29","23,17","50,89","9,95"
31/10/2024 00:00:00,"11,11","18,97","2,46","7,26",,"10,18","33,79","36,84","9,91","24,04","10,79","12,24","27,02","5,60","30,69","15,56","16,88","5,80","11,94","9,04","5,50","1,20","30,35","7,86","11,82","20,75","11,20","20,14","2,05","12,28","19,21","8,57","6,56","27,66","47,86","13,08","35,82","30,12","9,36","12,65","16,99","14,74","7,26","7,13","52,80","20,19","20,06","16,85","42,09","20,54","8,12","22,41","26,40","3,85","18,38","15,28","13,45","12,40","8,66","11,77","5,31","6,92","23,43",,"11,59","32,01","28,97","6,29","40,98","34,29","23,00","18,94","10,42","26,07","12,67","38,49","23,96","24,91","9,95","16,85","10,35","13,94","20,29","23,91","56,65","29,93","13,82","14,15","28,84","19,05","6,61","52,86","5,75","18,52","24,22","23,15","51,00","9,73"
01/11/2024 00:00:00,"11,03","18,49","2,24","7,10",,"10,15","32,67","35,73","9,72","23,82","10,60","12,02","27,03","5,56","29,91","15,66","16,50","5,69","11,66","9,03","5,47","1,16","30,03","7,69","11,50","20,96","11,09","19,75","1,94","12,40","18,82","8,40","6,18","27,42","47,85","12,66","34,78","29,45","9,97","12,15","16,89","14,46","7,14","7,06","49,95","20,76","19,36","16,35","40,49","20,37","8,04","22,30","26,25","3,76","18,52","14,90","13,17","11,85","8,12","11,39","5,02","6,75","22,92",,"11,44","31,39","28,57","6,18","39,85","34,16","22,97","18,51","10,13","25,54","12,31","37,34","23,61","24,16","9,92","16,36","9,63","14,18","19,56","25,15","56,86","29,59","13,69","14,10","29,91","18,69","6,32","52,84","5,27","18,36","23,43","23,04","51,55","9,30"
04/11/2024 00:00:00,"11,14","19,09","2,48","7,48",,"10,33","33,65","37,01","10,13","23,96","10,58","12,03","27,31","5,72","31,24","15,93","16,89","6,00","12,31","9,24","5,58","1,28","30,47","7,81","12,08","20,86","11,37","19,86","2,12","12,86","19,39","8,50","6,63","27,84","48,17","12,89","35,83","30,15","10,35","12,42","16,92","14,68","7,32","7,12","51,90","20,35","19,98","16,42","41,17","20,80","8,16","22,59","26,61","4,00","19,42","15,48","13,63","12,49","8,96","11,83","5,66","7,21","23,49",,"11,77","31,42","28,64","6,57","40,88","33,80","23,80","19,47","10,44","26,19","12,84","38,84","23,64","24,23","10,34","16,74","10,52","14,19","20,10","25,21","56,84","29,87","14,37","14,33","32,06","19,30","6,56","53,38","5,64","18,78","24,69","23,48","52,96","9,92"
05/11/2024 00:00:00,"11,15","19,19","2,50","7,44",,"10,33","33,20","36,92","10,24","23,97","10,56","11,88","27,68","5,60","31,30","15,77","17,21","6,14","12,37","9,22","5,50","1,28","30,45","7,72","12,07","20,86","11,70","19,42","2,14","12,63","19,59","8,45","6,63","27,86","48,44","12,70","35,72","30,15","10,38","12,40","16,90","14,66","7,33","7,21","51,15","20,38","19,97","16,46","41,71","20,86","8,46","23,33","27,41","4,03","19,48","15,39","13,59","12,59","9,14","11,74","5,81","7,25","23,36",,"11,82","31,26","28,55","6,48","40,33","34,25","24,52","19,48","10,32","26,21","12,85","38,77","23,67","24,33","10,46","16,71","10,78","14,21","19,97","25,45","57,34","29,64","14,36","13,77","33,26","19,31","6,66","52,92","5,62","18,93","24,76","23,32","52,79","9,83"
06/11/2024 00:00:00,"10,99","18,98","2,58","7,33",,"10,18","32,74","36,62","9,94","24,01","10,41","11,78","27,29","5,69","31,41","15,58","17,20","6,15","12,66","9,09","5,46","1,30","30,16","7,66","12,13","20,97","11,35","19,37","2,22","12,52","19,34","8,34","6,76","27,05","49,90","12,66","35,26","29,88","10,44","12,31","18,53","14,87","7,34","7,87","50,85","20,18","19,65","16,07","41,26","20,73","8,45","23,39","27,28","4,02","19,38","15,39","13,77","12,87","8,91","11,76","5,76","7,19","23,15",,"12,01","31,23","28,56","6,36","40,89","34,57","24,11","19,70","10,64","26,07","12,89","39,07","23,88","24,20","11,05","16,73","10,83","14,67","20,31","25,57","56,39","29,58","14,58","13,76","32,86","19,70","6,62","52,32","5,58","19,33","24,55","23,27","52,86","10,00"
07/11/2024 00:00:00,"11,04","18,88","2,35","7,00",,"10,08","32,05","36,06","9,99","23,91","10,32","11,65","27,44","5,38","31,21","16,02","16,89","6,02","11,55","9,04","5,48","1,21","29,96","7,63","12,05","20,80","11,70","18,82","2,07","12,29","19,21","8,25","6,42","26,95","49,41","12,49","34,92","29,72","10,16","12,31","19,03","14,52","7,10","8,05","49,50","19,66","19,46","15,57","39,71","20,54","8,33","22,91","26,88","3,96","18,70","14,88","13,39","12,71","8,59","11,75","5,81","7,07","22,79",,"11,79","31,45","28,65","6,42","39,91","34,48","24,21","19,13","10,43","25,80","12,82","38,52","23,80","23,98","10,26","16,50","10,25","14,32","19,32","24,11","55,81","29,77","15,18","13,73","30,08","18,98","6,65","54,14","5,32","18,60","23,63","23,46","52,56","9,51"
08/11/2024 00:00:00,"10,84","18,63","2,26","6,79",,"10,10","31,71","35,95","9,62","23,73","10,21","11,52","27,04","5,20","30,67","15,34","16,16","5,36","11,70","8,98","5,18","1,16","29,98","7,57","11,67","20,94","11,19","18,71","2,04","12,22","18,99","8,36","6,21","26,86","53,10","12,30","34,24","29,46","10,08","11,61","18,99","14,43","7,06","7,98","47,85","19,14","19,07","15,22","39,61","20,60","8,18","22,60","26,46","3,96","18,24","13,96","12,94","12,56","8,79","11,38","5,65","6,93","22,59",,"11,62","32,03","29,19","6,60","38,97","34,68","24,05","18,51","10,20","25,46","13,16","37,47","23,51","23,96","10,26","16,36","9,96","14,22","18,99","23,96","55,35","29,86","15,01","13,58","29,82","18,72","6,25","51,65","5,22","18,64","24,23","22,87","51,92","9,38"
11/11/2024 00:00:00,"11,00","18,65","2,33","6,86",,"9,96","31,89","36,12","9,48","23,75","10,17","11,48","26,96","5,23","31,71","15,05","15,98","5,46","12,34","9,15","5,11","1,26","29,93","7,59","11,63","21,82","10,75","18,72","2,08","12,36","19,27","8,41","6,22","26,28","54,93","12,32","34,22","29,41","10,13","11,91","18,98","14,45","7,15","7,97","47,55","19,16","19,17","15,18","41,08","20,74","8,15","22,64","26,49","3,88","18,32","13,77","13,20","12,37","8,61","11,48","5,69","7,10","22,45",,"11,76","32,07","29,24","6,72","39,31","34,67","24,06","18,77","10,46","25,42","13,77","38,99","23,23","24,50","10,01","16,85","10,31","14,32","18,73","23,90","55,13","30,19","16,21","14,18","28,99","18,69","6,09","49,96","5,21","18,71","23,84","23,31","52,30","9,94"
12/11/2024 00:00:00,"11,06","18,52","2,32","6,99",,"9,89","31,38","35,82","9,62","23,70","10,10","11,42","26,60","5,35","31,99","14,70","15,65","5,24","11,86","9,03","4,91","1,19","30,11","7,52","11,36","21,52","10,55","18,79","2,12","12,22","19,16","8,43","6,29","26,23","53,43","12,28","33,34","29,46","10,04","11,85","18,27","15,19","7,14","7,57","49,65","18,92","19,05","14,64","42,22","20,37","8,10","22,53","26,17","3,88","18,33","13,76","13,46","12,03","8,45","11,55","5,78","6,97","22,47",,"11,79","32,39","29,79","7,02","39,20","35,24","23,83","19,00","10,43","25,57","13,58","41,64","23,03","24,49","9,82","17,49","10,16","14,28","18,75","22,89","56,28","29,71","15,98","14,12","28,97","18,63","6,00","48,83","5,18","18,62","23,44","22,98","52,23","9,60"
13/11/2024 00:00:00,"11,19","18,73","2,28","6,86",,"9,90","31,60","36,78","9,55","23,70","10,14","11,50","26,44","5,36","32,05","14,67","15,53","5,11","12,03","9,14","4,63","1,20","30,04","7,54","11,43","21,23","10,13","19,05","2,17","12,30","19,32","8,40","6,18","26,16","55,96","12,01","34,15","29,44","10,13","11,88","18,37","15,11","7,10","7,65","46,50","18,89","19,08","14,70","39,33","20,42","8,04","22,35","26,04","3,89","18,46","13,64","13,38","11,69","8,48","11,56","5,78","6,93","22,75",,"11,79","32,72","29,75","6,93","39,35","34,85","24,30","19,11","10,43","26,07","13,46","41,39","22,91","23,80","9,94","17,29","9,96","14,10","18,81","23,17","56,63","29,70","15,63","13,97","28,68","18,76","6,09","48,69","5,11","18,53","23,02","22,89","51,55","9,57"
14/11/2024 00:00:00,"11,11","18,82","2,24","6,84",,"9,91","31,75","37,62","9,58","23,17","10,19","11,54","26,34","5,51","32,23","14,67","16,55","4,90","10,59","9,61","4,67","1,15","29,97","7,71","11,30","22,18","10,13","18,68","2,30","12,19","18,73","8,22","6,19","26,29","54,71","12,00","34,71","30,64","10,18","11,75","18,59","15,30","6,97","7,68","47,55","18,82","19,12","14,44","38,84","20,46","7,97","22,19","25,96","3,89","18,38","13,57","14,48","11,83","8,24","11,59","5,43","6,44","23,48",,"11,34","33,20","30,07","7,00","39,70","34,68","24,03","19,14","10,26","26,19","13,38","40,97","22,62","23,98","9,53","17,63","9,77","13,92","18,38","23,41","57,39","29,37","14,98","14,07","28,99","17,59","6,10","48,42","5,05","18,44","22,73","22,69","51,22","9,39"
18/11/2024 00:00:00,"10,92","18,57","2,29","6,97",,"9,73","31,59","37,34","9,33","23,48","10,29","11,70","26,44","5,38","32,24","14,80","17,86","5,34","10,99","9,22","4,67","1,16","29,88","7,64","11,05","22,17","11,06","18,41","2,31","12,21","18,30","8,01","6,09","26,08","54,94","11,62","33,99","30,12","9,97","11,56","18,51","15,37","6,90","7,66","44,25","18,92","18,71","14,69","38,89","20,35","7,88","21,94","25,87","3,85","18,42","13,41","14,36","11,81","8,45","11,54","5,42","6,14","23,30",,"11,27","34,05","30,82","7,11","40,20","34,85","24,28","19,20","10,26","26,15","13,45","39,71","22,35","23,99","9,65","17,56","9,69","13,94","18,14","23,30","57,55","29,69","15,03","14,07","28,83","16,83","6,20","49,02","5,10","18,10","22,68","22,69","50,89","9,27"
19/11/2024 00:00:00,"10,93","18,76","2,30","6,76",,"9,82","31,70","36,78","9,35","23,60","10,32","11,79","26,96","5,40","32,21","14,86","18,24","5,63","11,36","9,50","4,63","1,16","30,10","7,80","11,00","22,54","11,09","18,38","2,37","12,35","18,45","8,19","6,21","26,16","53,74","11,76","34,83","31,06","10,06","11,82","18,50","15,43","6,80","7,68","45,30","18,73","19,15","14,76","38,51","20,31","7,96","22,18","26,10","3,85","18,46","13,63","14,62","12,14","8,59","11,67","5,92","6,25","23,69",,"11,35","33,61","30,49","7,13","39,77","34,98","24,36","19,42","10,41","25,59","13,57","40,20","22,34","24,08","9,74","17,95","10,12","13,96","18,42","23,87","57,25","29,95","15,23","13,97","29,42","16,74","6,21","49,13","5,33","18,10","22,67","22,92","51,01","9,31"
21/11/2024 00:00:00,"10,89","18,24","2,19","6,73",,"9,67","31,25","35,56","9,16","23,06","10,24","11,74","26,40","5,39","31,32","14,80","17,89","5,84","11,24","9,22","4,52","1,12","30,08","7,54","10,49","22,40","10,91","18,41","2,40","12,35","18,03","8,32","6,04","25,47","55,53","11,78","34,03","30,48","9,82","11,50","18,57","15,06","6,76","7,61","43,20","18,32","18,75","14,52","37,48","20,31","7,81","21,84","25,65","3,81","18,69","12,90","15,03","11,86","8,37","11,52","5,90","6,23","23,25",,"11,09","33,67","30,58","7,11","39,13","34,56","23,98","18,95","10,10","25,06","13,34","39,88","22,31","23,91","9,70","17,72","10,12","13,72","18,20","22,98","57,62","29,49","14,92","13,55","28,91","16,43","6,05","49,08","5,61","17,85","21,97","22,23","50,64","9,18"
22/11/2024 00:00:00,"11,15","18,56","2,34","6,98",,"9,87","31,37","36,48","9,35","23,38","10,29","11,77","26,77","5,44","31,42","15,03","19,22","6,20","11,41","9,30","4,59","1,18","30,55","7,55","11,13","22,70","11,11","18,75","2,53","12,70","18,63","8,65","6,36","25,73","56,17","11,97","34,84","30,70","9,98","11,59","18,65","15,06","6,98","7,72","44,70","18,44","19,28","14,55","38,29","20,31","7,86","21,91","25,73","3,92","19,26","13,29","15,60","11,86","8,63","11,73","6,18","6,38","23,55",,"11,06","35,43","31,80","7,11","40,40","34,65","24,59","19,19","10,34","25,84","13,58","40,49","23,12","24,12","9,89","17,94","10,54","13,80","18,53","23,97","57,53","29,87","15,11","13,84","28,82","16,70","6,18","49,56","5,57","18,12","22,51","22,43","50,90","9,31"
25/11/2024 00:00:00,"11,03","18,57","2,45","7,29",,"10,31","31,85","37,23","9,46","23,51","10,14","11,60","26,86","5,54","31,25","15,04","18,96","6,13","11,52","9,36","4,62","1,22","30,71","7,72","11,24","22,85","11,25","18,71","2,75","12,88","18,63","8,54","6,41","26,30","56,38","11,95","34,68","30,85","9,94","11,86","19,14","15,00","6,94","7,85","45,30","18,52","19,51","14,60","38,60","20,56","7,80","21,96","25,72","3,92","19,07","13,34","15,73","11,86","9,17","11,76","6,07","6,54","23,60",,"10,95","35,09","31,61","7,13","39,85","34,70","23,89","19,36","10,59","26,21","13,60","39,87","23,29","24,14","9,87","17,87","10,87","13,81","18,70","23,68","56,77","29,84","15,05","13,92","28,77","16,97","6,25","49,55","5,58","18,10","22,92","22,44","49,15","9,60"
26/11/2024 00:00:00,"11,09","18,80","2,51","7,65",,"10,50","32,43","37,93","9,50","23,89","10,22","11,68","26,91","5,51","31,92","14,98","20,73","6,41","11,58","9,57","4,58","1,25","31,22","8,13","11,01","22,88","11,10","19,14","2,84","12,96","19,06","8,80","6,54","25,84","57,74","12,06","35,34","31,15","10,21","11,98","18,80","15,19","7,05","7,83","45,75","18,58","20,01","14,96","39,57","20,94","7,99","22,27","26,21","4,04","19,07","14,00","15,68","12,12","9,75","11,92","6,04","6,62","23,91",,"11,35","34,91","31,57","7,12","39,85","34,99","24,31","19,78","10,85","26,13","13,82","40,38","23,41","24,78","10,09","18,10","10,72","13,87","19,21","23,95","56,20","30,00","15,19","13,93","29,32","16,94","6,24","48,92","5,80","18,30","23,51","22,81","49,74","9,70"
27/11/2024 00:00:00,"11,04","18,20","2,32","7,18",,"10,07","31,50","35,19","9,11","23,47","9,89","11,36","26,50","5,45","30,24","15,19","20,19","6,36","10,94","9,44","4,60","1,18","30,47","7,90","10,75","23,08","11,19","17,89","2,69","12,63","17,77","8,25","6,14","25,37","55,96","11,77","34,63","30,28","9,84","11,60","18,97","14,55","6,94","7,88","43,20","18,27","19,16","14,10","39,62","20,43","7,71","21,71","25,57","3,98","19,08","13,28","16,07","11,53","8,83","11,31","5,62","6,17","22,75",,"10,83","34,80","31,45","7,02","39,57","34,29","23,54","19,26","10,61","24,90","13,38","38,06","22,62","25,68","9,73","17,76","9,94","13,99","17,87","23,61","56,62","29,63","14,35","13,82","27,79","16,45","6,36","49,52","5,57","17,77","22,37","22,37","49,11","9,20"
28/11/2024 00:00:00,"10,90","17,19","2,05","6,56",,"9,73","30,30","31,85","8,54","22,78","9,52","10,88","26,36","5,25","29,16","15,02","19,07","6,11","9,51","9,12","4,54","1,10","30,82","7,77","9,67","22,59","10,90","16,67","2,33","12,35","16,33","7,66","4,93","25,04","55,93","11,49","33,69","29,09","9,10","11,33","19,08","13,94","6,71","7,95","40,65","17,96","18,33","13,20","38,30","20,10","7,48","21,14","24,65","3,82","19,46","11,93","15,74","9,80","8,23","10,67","4,83","5,30","21,77",,"10,50","34,21","31,13","6,53","39,47","33,73","23,18","18,48","10,22","24,33","13,01","35,72","21,94","26,50","9,82","17,19","8,96","14,36","17,06","23,55","58,32","29,26","12,83","13,27","26,60","15,58","6,06","49,01","5,27","16,90","21,03","21,70","49,86","8,61"
29/11/2024 00:00:00,"11,19","17,03","2,06","6,40",,"9,79","30,58","32,77","8,64","23,05","9,44","10,77","26,44","5,65","28,57","15,36","19,76","6,32","9,69","9,46","4,67","1,10","30,21","7,88","10,19","22,85","11,16","16,94","2,40","12,58","16,26","7,94","5,06","25,34","57,38","11,55","33,38","28,70","8,97","11,25","19,13","13,99","6,72","8,05","40,50","17,84","18,17","13,38","39,81","20,43","7,46","21,18","24,59","3,80","19,91","12,39","16,09","9,93","8,27","10,73","4,65","5,28","21,78",,"10,43","34,93","31,38","6,48","40,14","34,01","22,72","18,51","10,15","24,02","13,29","34,42","21,96","27,90","9,97","17,02","8,94","14,27","16,92","23,98","59,14","29,70","12,90","13,52","26,54","16,36","6,14","50,07","5,29","17,13","21,72","21,78","50,84","8,49"
02/12/2024 00:00:00,"11,65","16,83","2,02","6,30",,"9,47","30,72","32,93","8,74","22,86","9,31","10,54","26,52","5,80","28,32","15,30","19,21","6,39","9,47","9,26","4,65","1,06","29,84","7,78","9,99","22,67","11,18","16,74","2,42","12,38","16,15","7,77","4,87","24,91","56,87","11,48","32,74","28,24","8,67","11,30","19,30","13,84","6,76","8,09","40,05","17,98","17,78","13,16","38,90","20,25","7,36","20,92","24,24","3,76","20,05","12,33","16,21","9,76","8,43","10,48","4,52","5,19","21,49",,"10,30","35,02","31,58","6,51","40,00","34,06","22,74","17,95","10,13","23,97","13,18","33,54","21,76","28,83","10,10","16,76","8,63","14,73","16,90","23,80","58,86","29,86","12,45","13,34","25,97","16,19","6,17","50,19","5,17","16,98","21,31","21,79","50,75","8,25"
03/12/2024 00:00:00,"12,18","16,70","2,06","6,23",,"9,56","31,09","32,82","8,83","23,14","9,33","10,51","27,63","5,85","28,38","15,11","20,95","6,17","9,54","9,20","4,59","1,10","29,98","7,83","9,94","22,86","11,42","16,90","2,51","12,95","16,22","7,74","4,94","25,22","55,36","11,46","33,03","28,01","8,45","11,54","19,67","13,86","6,91","8,20","40,65","18,18","17,72","13,03","38,26","20,26","7,41","21,04","24,51","3,59","20,30","12,67","16,45","9,75","8,53","10,50","4,38","5,25","21,22",,"10,27","35,06","31,86","6,50","40,81","35,09","22,74","17,85","10,10","23,44","13,34","34,00","22,28","29,10","10,13","17,05","8,53","15,33","17,14","23,66","60,09","29,64","12,27","13,57","26,08","16,11","6,08","49,81","5,14","16,93","21,49","22,55","51,46","8,24"
04/12/2024 00:00:00,"12,25","16,66","2,05","6,36",,"9,44","31,19","31,34","8,93","23,42","9,44","10,63","27,60","5,84","28,99","14,69","20,79","6,38","9,37","9,09","4,61","1,07","29,72","7,76","9,72","22,10","11,19","17,08","2,56","12,86","16,26","7,86","4,82","25,27","55,45","11,39","32,71","27,96","8,44","11,29","19,62","13,67","6,83","8,11","39,30","17,93","17,44","12,75","38,72","20,52","7,46","21,26","24,66","3,58","20,84","12,88","16,70","10,01","8,46","10,40","4,35","5,03","20,94",,"10,26","34,72","31,66","6,79","39,71","35,86","23,20","18,35","10,07","23,86","12,99","33,21","22,29","28,73","10,10","16,75","8,26","15,38","16,85","24,06","61,65","29,66","12,35","13,65","26,41","16,23","6,07","48,84","5,07","16,90","21,56","22,45","51,83","8,26"
05/12/2024 00:00:00,"12,68","16,96","2,05","6,39",,"9,53","32,44","31,62","9,13","23,71","9,59","10,77","27,91","5,86","29,25","14,82","21,14","6,50","9,40","9,29","4,69","1,09","29,90","7,76","9,82","22,58","11,35","17,35","2,33","13,11","16,63","8,09","4,99","25,53","55,64","11,53","33,07","28,49","8,70","11,26","19,65","14,04","6,90","8,23","38,85","18,09","18,06","12,85","39,02","20,80","7,63","21,66","25,19","3,65","20,82","13,13","17,03","10,27","8,42","10,57","4,54","5,03","21,70",,"10,44","35,24","31,98","6,77","40,66","35,68","23,41","18,77","10,25","24,17","13,03","33,89","22,69","29,65","9,98","17,12","8,13","15,54","17,36","24,17","61,70","29,98","12,36","13,77","27,34","16,65","6,16","49,24","5,23","17,16","22,05","22,83","51,77","8,17"
06/12/2024 00:00:00,"12,50","16,75","1,90","5,97",,"9,40","32,45","30,36","9,27","23,01","9,44","10,52","27,93","5,70","28,89","14,55","21,12","6,08","9,22","9,14","4,64","1,02","29,67","7,76","9,40","22,28","11,16","17,07","2,06","13,23","16,38","8,17","4,68","25,34","56,58","11,54","32,42","27,90","8,57","11,17","19,29","13,82","6,86","8,13","37,05","17,35","17,88","12,85","37,83","20,74","7,47","21,49","24,68","3,55","20,70","12,86","16,70","9,89","7,82","10,41","4,45","5,02","21,26",,"10,36","34,51","31,48","6,31","39,70","35,24","22,88","18,27","9,95","24,33","12,76","31,90","22,45","28,37","9,90","16,66","7,78","15,22","17,12","23,82","62,01","29,73","12,18","13,75","26,65","16,11","5,98","48,39","5,07","16,76","21,52","22,72","52,40","7,61"
09/12/2024 00:00:00,"12,49","16,74","1,86","5,87",,"9,36","31,99","29,68","9,33","22,96","9,44","10,46","28,12","5,90","28,66","15,28","21,31","6,28","9,34","9,25","4,95","0,98","29,59","7,73","9,36","22,15","11,65","16,90","2,08","13,65","16,25","8,11","4,61","25,31","55,71","11,47","31,92","27,74","8,46","11,20","19,93","13,67","6,86","8,37","36,15","17,32","17,85","12,54","37,85","21,02","7,49","21,35","24,80","3,61","20,96","12,66","17,46","9,69","7,75","10,37","4,25","4,90","21,31",,"10,33","35,42","32,30","6,44","39,90","35,06","22,94","18,21","9,98","24,08","12,55","30,64","22,25","27,30","9,88","16,67","7,55","15,31","16,95","23,91","63,17","29,83","12,00","13,32","27,00","16,01","6,12","50,97","5,07","16,84","21,12","22,46","52,54","7,81"
10/12/2024 00:00:00,"12,55","16,94","1,95","6,14",,"9,53","32,42","30,80","9,48","23,11","9,59","10,66","28,44","5,97","29,10","15,30","21,67","6,17","9,86","9,27","5,06","1,02","29,87","7,82","9,61","21,89","11,71","16,96","2,19","13,85","16,46","8,46","4,57","25,33","55,13","11,55","32,12","28,19","8,65","11,38","19,83","13,92","7,06","8,36","37,80","17,36","18,09","12,85","39,10","21,10","7,61","21,62","25,13","3,64","20,75","12,74","17,10","9,88","7,99","10,55","4,29","5,14","21,19",,"10,38","35,72","32,42","6,59","40,05","35,05","23,21","18,63","10,24","24,55","12,70","31,54","22,47","27,29","10,02","16,81","8,13","15,53","17,46","24,04","61,24","29,75","12,37","13,50","28,17","16,66","6,12","50,91","5,69","17,14","21,50","22,62","53,61","8,14"
11/12/2024 00:00:00,"12,13","17,29","2,00","6,27",,"9,51","32,71","30,88","9,69","23,60","9,81","10,85","29,14","6,02","29,66","15,24","21,36","6,20","9,99","9,40","5,06","1,08","30,24","7,93","9,74","21,95","11,58","17,16","2,20","14,25","17,04","8,56","4,71","25,50","56,21","11,87","33,16","28,96","8,86","11,72","19,79","13,98","7,16","8,29","40,05","17,53","18,41","13,12","39,80","21,29","7,70","21,98","25,38","3,76","20,95","13,09","17,91","10,04","8,44","10,79","4,37","5,34","21,62",,"10,55","35,98","32,74","6,66","41,99","36,15","23,89","18,90","10,29","24,88","13,25","32,45","22,53","26,66","9,88","16,93","8,38","15,69","18,02","24,79","60,75","29,89","12,81","13,62","30,24","16,87","6,13","50,12","5,87","17,43","21,75","22,98","55,18","8,58"
12/12/2024 00:00:00,"11,52","16,73","1,78","5,87",,"9,09","31,76","29,10","9,59","23,29","9,50","10,47","28,83","5,44","29,02","14,89","20,86","5,96","9,40","9,14","4,96","0,99","29,76","7,69","9,26","20,85","11,18","16,48","2,06","13,64","16,12","7,97","4,19","24,84","54,53","11,52","32,45","27,82","8,24","11,36","19,41","13,33","6,78","8,16","40,50","17,06","17,83","12,48","39,09","20,93","7,45","21,46","24,74","3,51","20,89","12,38","16,98","9,36","7,68","10,45","3,98","5,22","20,79",,"10,34","35,06","32,16","6,41","41,05","35,76","23,37","18,44","9,98","24,42","12,84","30,92","21,73","26,19","9,79","16,42","7,82","15,58","17,37","23,52","59,71","29,63","11,98","13,08","29,52","15,95","5,96","48,74","5,65","16,89","20,71","21,88","54,47","7,93"
13/12/2024 00:00:00,"11,50","16,49","1,84","5,57",,"9,05","31,59","28,14","9,54","22,97","9,39","10,34","28,89","5,53","28,48","14,58","20,02","5,88","9,08","9,08","4,88","0,95","29,64","7,62","8,91","20,43","10,69","16,09","1,96","13,56","15,95","7,73","4,16","24,72","54,73","11,49","31,79","27,60","8,03","11,21","18,85","13,02","6,57","7,94","39,15","16,83","17,45","12,50","38,36","20,45","7,43","21,19","24,42","3,44","20,69","12,36","16,64","9,30","7,51","10,34","3,73","5,03","20,60",,"10,31","34,89","31,96","6,34","41,50","34,74","22,37","18,09","9,96","23,81","12,90","29,52","21,36","26,15","9,95","16,36","7,18","15,71","17,23","23,74","59,16","29,37","11,64","13,03","28,42","15,37","5,86","48,01","5,36","16,68","20,28","21,73","54,34","7,66"
16/12/2024 00:00:00,"11,29","16,25","1,75","5,23",,"8,97","31,16","27,71","9,44","22,64","9,22","10,16","28,54","5,84","27,25","14,45","21,06","5,80","9,05","9,06","4,97","0,91","29,28","7,50","8,69","20,38","10,61","15,68","1,88","13,36","15,74","7,52","4,02","24,41","54,93","11,32","31,13","27,29","7,97","11,10","18,97","12,61","6,49","7,99","38,55","16,44","17,24","12,15","38,02","20,46","7,32","20,67","24,16","3,40","20,95","12,00","17,46","9,02","7,11","10,19","3,55","5,18","20,18",,"10,16","34,55","31,82","6,24","41,15","34,38","22,09","17,61","9,90","23,90","12,74","28,13","21,10","25,83","9,65","16,29","6,75","15,65","17,03","23,88","60,53","29,30","11,69","12,97","27,17","14,95","5,83","47,98","4,74","15,90","19,90","21,64","53,82","7,48"
17/12/2024 00:00:00,"11,52","16,26","1,77","5,34",,"9,05","31,29","28,09","9,44","22,88","9,28","10,24","29,20","5,61","27,57","14,55","21,24","5,51","9,18","9,13","5,10","0,93","29,80","7,67","8,82","20,05","10,56","15,58","1,87","13,77","16,10","7,54","3,99","24,95","56,02","11,48","31,97","28,09","8,11","10,98","19,21","12,74","6,61","8,11","34,20","16,24","17,34","12,13","38,41","20,55","7,33","20,93","24,29","3,42","21,43","12,10","16,00","9,12","6,84","10,42","3,60","5,18","20,31",,"10,22","35,08","32,12","6,19","41,32","34,37","22,62","18,00","9,89","23,69","13,18","28,56","21,68","25,91","9,69","16,58","6,75","15,73","16,98","24,26","60,84","29,57","12,54","12,88","27,38","15,29","5,78","48,22","4,65","15,98","20,17","21,66","54,57","7,78"
18/12/2024 00:00:00,"11,22","15,71","1,56","4,98",,"8,72","30,67","26,35","9,20","22,25","8,90","9,81","29,07","5,12","26,06","14,32","19,83","5,15","8,66","8,87","4,74","0,84","29,35","7,50","8,35","19,08","9,49","14,83","1,55","13,41","15,11","7,25","3,71","24,31","54,47","10,90","30,80","26,73","7,95","10,53","18,49","12,36","6,43","7,79","31,80","15,35","16,78","11,58","36,74","19,99","7,05","20,38","23,59","3,29","21,13","11,40","16,29","8,60","6,16","9,87","3,27","5,26","19,82",,"9,75","34,30","31,29","5,90","39,92","34,15","21,16","17,27","9,62","23,23","12,49","27,78","20,76","25,39","9,49","16,09","6,38","15,29","16,14","23,77","60,30","28,44","11,63","12,72","25,89","14,63","5,55","47,11","4,20","15,03","19,60","21,40","53,77","7,27"
19/12/2024 00:00:00,"11,24","15,80","1,63","5,27",,"8,89","30,99","26,94","9,31","22,39","8,95","9,82","29,43","5,34","26,92","14,21","20,18","4,95","8,84","8,99","4,65","0,89","29,64","7,72","8,29","19,42","9,25","15,19","1,63","13,62","15,54","7,35","3,95","24,43","55,25","11,11","31,54","27,07","8,14","10,77","18,25","12,47","6,51","7,73","34,35","15,76","16,74","11,97","36,41","19,70","7,11","20,56","23,72","3,29","21,04","11,77","16,37","8,68","6,53","9,98","3,39","5,51","19,88",,"9,81","33,99","31,17","5,85","39,68","34,13","21,51","17,61","9,80","23,61","12,61","30,21","20,92","25,42","9,65","15,96","6,36","15,10","16,81","23,58","59,41","28,78","12,18","12,69","26,75","14,77","5,52","46,21","4,49","15,23","20,12","21,62","53,21","7,61"
20/12/2024 00:00:00,"11,35","16,31","1,69","5,59",,"8,93","31,35","28,17","9,58","22,57","9,16","10,05","28,80","5,35","27,40","14,21","20,59","4,93","8,94","9,18","4,58","0,93","30,11","7,76","8,52","19,87","9,30","15,34","1,65","13,10","15,88","7,66","3,97","24,76","54,25","11,24","32,22","27,31","8,25","10,98","18,14","12,72","6,72","7,77","35,70","16,49","17,34","12,21","36,50","20,01","7,23","20,69","24,00","3,40","21,14","12,16","16,80","9,07","6,69","10,15","3,49","5,54","20,51",,"9,94","33,74","30,91","5,71","40,27","33,73","21,56","17,75","9,96","24,08","12,75","31,26","21,40","25,51","9,83","15,85","6,98","15,09","17,27","24,18","58,35","29,30","12,39","12,80","26,80","15,01","5,43","46,94","4,79","15,57","20,16","21,83","52,34","7,97"
23/12/2024 00:00:00,"11,34","16,04","1,56","5,61",,"8,71","30,92","26,66","9,57","22,42","9,01","9,87","28,77","5,25","26,63","14,11","19,01","4,73","8,41","8,83","4,58","0,91","28,99","7,51","8,54","18,97","8,86","15,08","1,55","12,95","15,30","7,47","3,94","23,95","54,84","10,76","30,91","26,19","7,92","10,73","17,68","12,22","6,69","7,46","33,75","17,04","16,60","11,59","37,39","19,55","7,13","20,33","23,53","3,32","21,07","11,43","16,66","8,82","6,39","9,89","3,36","5,26","19,77",,"9,70","34,00","30,92","5,51","39,25","33,38","21,44","17,31","9,72","23,41","12,27","30,51","20,74","25,15","9,92","16,18","6,95","14,69","16,35","23,19","59,94","28,39","11,74","12,72","26,94","14,82","5,24","47,14","4,81","15,37","18,90","21,13","51,19","7,72"
26/12/2024 00:00:00,"11,26","15,87","1,55","5,73",,"8,62","31,11","26,20","9,64","22,68","9,11","9,94","28,75","5,04","26,54","14,09","20,28","4,69","8,07","8,94","4,59","0,89","29,17","7,60","8,36","18,73","8,90","15,05","1,43","12,52","15,10","7,41","3,89","23,93","55,52","10,73","30,87","26,09","7,78","10,55","17,63","12,21","6,69","7,43","33,45","16,60","16,53","11,34","41,61","19,57","7,21","20,44","23,69","3,31","21,13","11,39","16,83","8,86","5,98","9,93","3,29","5,34","19,46",,"9,51","34,54","31,15","5,50","39,90","32,99","21,36","17,09","9,81","22,97","12,32","30,19","20,94","24,81","9,90","16,21","6,79","14,52","16,23","22,90","60,62","28,61","11,47","12,48","26,61","14,49","5,29","47,28","4,81","15,27","18,21","21,29","51,59","7,56"
27/12/2024 00:00:00,"11,20","15,82","1,52","5,55",,"8,64","31,14","26,48","9,67","22,59","9,05","9,87","28,60","5,00","26,31","14,00","22,43","4,67","7,76","8,94","4,44","0,90","29,22","7,62","8,16","18,54","8,68","14,83","1,40","12,60","15,12","7,37","3,95","23,50","55,61","10,54","30,58","25,92","7,73","10,62","17,28","12,25","6,26","7,25","33,15","16,47","16,55","11,24","42,10","19,49","7,15","20,25","23,45","3,29","21,00","11,21","16,60","8,77","5,96","9,96","3,22","5,35","19,61",,"9,52","34,15","31,05","5,57","39,91","32,87","20,85","16,99","9,84","22,62","12,68","30,16","20,82","25,41","9,96","16,16","6,81","14,49","16,15","22,69","60,28","28,63","11,47","12,52","26,34","14,45","5,29","47,05","4,46","15,07","18,25","21,06","50,66","7,63"
30/12/2024 00:00:00,"10,89","15,77","1,52","5,46",,"8,71","31,14","26,88","9,63","22,65","9,04","9,87","28,53","4,91","25,94","13,98","23,38","4,67","7,38","8,99","4,56","0,93","29,26","7,60","8,16","19,08","8,86","14,39","1,38","12,34","14,97","7,29","3,90","23,87","55,47","10,53","30,28","25,69","7,67","10,47","17,10","12,08","6,16","7,20","33,45","16,80","16,39","11,25","41,22","19,45","7,15","20,21","23,41","3,25","20,99","11,12","17,03","8,71","5,95","9,90","3,27","5,31","19,50",,"9,46","34,65","31,51","5,57","40,15","32,85","20,85","16,98","9,85","22,74","13,02","29,88","20,99","25,63","10,06","16,20","6,79","14,34","16,13","22,37","60,46","28,62","11,60","12,59","26,06","14,48","5,32","46,88","4,55","15,02","18,23","20,88","49,80","7,84"
02/01/2025 00:00:00,"10,76","15,78","1,51","5,28",,"8,54","31,02","26,48","9,58","22,42","9,13","9,99","28,72","4,63","25,85","13,90","23,27","4,50","7,15","8,97","4,46","0,92","29,10","7,60","8,02","18,81","8,42","14,41","1,50","12,49","14,64","7,30","3,87","23,78","57,06","9,55","29,92","25,06","7,64","10,44","16,88","12,14","5,83","7,10","32,55","16,56","16,35","10,94","43,23","19,36","7,03","20,19","23,30","3,23","20,83","11,01","17,16","8,54","5,89","9,88","3,30","5,22","19,37",,"9,44","35,63","32,02","5,78","40,77","32,94","20,63","16,93","9,90","22,60","13,25","29,88","20,92","25,44","9,87","16,19","6,60","14,19","15,82","22,13","61,07","28,68","11,57","12,62","25,70","14,46","5,16","46,62","4,40","14,92","17,57","21,01","49,76","7,77"
03/01/2025 00:00:00,"10,51","15,57","1,48","5,25",,"8,36","30,61","26,24","9,48","22,25","9,01","9,83","28,38","4,59","25,49","13,50","23,06","4,64","7,12","8,77","4,32","0,92","28,71","7,47","8,05","19,06","8,21","14,26","1,50","12,39","14,51","7,28","3,75","23,74","56,30","10,07","29,55","24,61","7,50","10,37","16,32","12,12","5,74","6,85","31,50","16,64","16,20","10,81","40,83","19,06","6,91","19,84","22,73","3,25","20,51","11,15","16,85","8,49","5,73","9,83","3,33","5,12","19,14",,"9,35","35,51","31,68","5,54","40,62","31,62","19,72","16,74","9,65","22,50","13,20","29,96","20,63","25,11","9,56","15,91","6,60","13,95","15,88","23,27","61,34","28,06","11,59","12,53","25,47","14,18","4,85","45,76","4,39","14,82","17,14","20,93","49,51","7,38"
06/01/2025 00:00:00,"10,47","15,78","1,55","5,51",,"8,37","31,00","27,76","9,75","22,45","9,15","10,03","28,71","4,79","26,42","13,55","23,01","4,51","7,46","8,78","4,44","0,97","29,25","7,54","8,29","19,06","8,53","14,73","1,56","12,54","14,79","7,37","3,90","23,72","56,14","10,66","30,66","25,47","7,75","10,65","16,99","12,48","5,89","7,07","32,70","16,74","16,47","11,00","42,22","19,53","7,14","20,79","23,75","3,33","20,33","11,50","16,41","8,63","6,09","10,07","3,46","5,34","19,75",,"9,44","35,17","31,53","5,63","40,98","32,89","20,77","17,10","9,78","23,28","12,93","29,98","21,14","24,80","9,83","16,12","6,87","14,11","16,49","23,22","61,12","28,47","11,81","12,68","26,67","14,44","5,09","45,17","4,60","14,86","17,82","21,32","49,52","8,14"
07/01/2025 00:00:00,"10,71","15,79","1,54","5,71",,"8,30","31,17","28,46","9,68","22,72","9,25","10,17","28,80","4,77","26,89","13,41","23,79","4,66","7,72","8,99","4,27","0,99","29,47","7,64","8,38","19,09","8,36","14,79","1,62","12,55","14,89","7,36","3,96","23,93","57,30","10,67","31,24","25,94","7,81","10,62","16,91","12,85","5,99","7,02","35,70","16,72","16,46","11,00","43,35","19,77","7,20","20,86","24,01","3,33","20,41","11,99","16,80","8,70","6,05","10,19","3,43","5,60","19,67",,"9,55","36,16","32,20","5,80","41,63","33,65","20,24","17,42","9,50","23,84","13,14","29,70","21,47","25,02","9,76","16,33","6,87","14,20","17,02","23,90","60,70","29,15","11,80","12,87","26,32","14,97","5,08","44,73","4,55","15,17","17,96","21,76","50,51","8,36"
08/01/2025 00:00:00,"10,59","15,38","1,49","5,56",,"8,09","31,12","27,85","9,67","22,64","9,08","10,01","28,63","4,67","26,78","13,18","23,83","4,77","7,37","8,77","4,14","0,99","29,35","7,50","8,20","19,76","7,76","14,66","1,60","12,47","14,37","7,00","3,96","23,64","56,50","10,59","30,55","25,32","7,51","10,51","16,59","12,37","5,82","6,88","35,25","16,74","16,16","10,92","42,92","19,66","7,06","20,61","23,62","3,26","20,17","11,81","16,95","8,41","5,65","9,95","3,28","5,30","19,30",,"9,44","35,81","31,94","5,62","41,40","33,20","20,03","17,13","9,36","23,59","13,01","28,53","21,19","25,31","9,69","15,94","6,79","14,04","16,47","24,12","60,48","28,75","11,17","12,67","25,45","14,73","4,88","44,30","4,42","14,87","17,91","21,10","50,22","8,24"
09/01/2025 00:00:00,"10,58","15,45","1,47","5,58",,"7,95","31,47","27,90","9,58","22,74","9,09","9,94","28,60","4,94","27,43","13,15","24,34","4,64","7,37","8,71","4,20","0,99","29,59","7,45","8,21","19,93","7,45","15,00","1,62","12,62","14,62","7,00","4,07","23,74","56,61","10,52","30,63","25,53","7,68","10,47","16,11","12,53","5,81","6,73","33,90","16,65","16,17","10,87","43,17","19,83","7,11","20,58","23,68","3,28","19,96","11,93","16,99","8,42","5,50","10,11","3,24","5,20","19,34",,"9,43","35,81","32,08","5,65","41,96","33,26","20,00","16,99","9,26","23,69","13,17","28,10","21,19","24,93","9,78","16,09","6,66","14,25","16,64","23,70","60,16","28,72","11,26","12,65","25,97","14,42","4,79","44,03","4,39","14,83","17,97","21,40","51,24","8,36"
10/01/2025 00:00:00,"10,35","15,18","1,50","5,54",,"7,83","31,16","27,36","9,20","22,69","9,00","9,81","28,49","4,90","26,60","13,26","24,77","4,62","7,39","8,48","4,33","1,00","29,31","7,32","8,11","19,71","7,73","14,92","1,66","12,54","14,59","6,95","4,19","23,51","56,56","10,69","30,33","25,46","7,57","10,27","15,83","12,24","5,75","6,61","33,00","16,55","15,94","10,61","44,75","19,78","7,02","20,39","23,36","3,24","19,99","11,78","16,86","8,24","5,52","10,02","3,14","5,09","19,10",,"9,21","35,98","32,17","5,51","42,63","33,12","19,88","16,38","8,85","23,50","13,14","26,79","20,98","24,36","9,59","16,03","6,50","14,09","16,65","23,34","60,13","28,52","11,25","12,01","26,02","14,20","4,76","44,28","4,25","14,65","17,52","20,93","50,35","8,23"
13/01/2025 00:00:00,"10,43","14,95","1,50","5,44",,"7,72","30,99","26,99","9,19","22,69","9,01","9,85","28,53","4,64","27,16","13,09","25,25","4,57","7,45","8,49","4,42","0,97","29,66","7,31","8,21","19,93","7,68","15,29","1,64","12,49","14,48","6,98","4,27","23,31","55,82","11,06","30,25","25,45","7,51","10,02","16,01","11,92","5,67","6,66","32,40","16,70","15,80","10,52","46,81","19,84","7,07","20,52","23,52","3,22","19,99","11,79","16,90","8,33","5,32","9,88","3,08","5,19","18,87",,"9,15","36,01","32,28","5,50","42,53","33,22","19,86","16,28","8,51","23,32","13,23","26,69","21,04","23,98","9,79","16,13","6,31","14,23","16,50","23,33","60,76","28,05","11,30","12,03","26,04","14,14","4,75","44,27","4,19","14,74","17,41","20,92","50,26","7,88"
14/01/2025 00:00:00,"10,40","15,30","1,50","5,32",,"7,75","31,11","27,53","9,24","23,10","9,21","10,03","29,09","4,64","27,35","13,24","24,94","4,60","7,65","8,44","4,32","0,98","29,98","7,38","8,23","19,48","7,49","15,84","1,65","12,55","14,78","7,06","4,20","23,33","56,17","10,75","30,21","25,56","7,70","10,09","16,09","12,04","5,73","6,66","33,00","16,78","16,37","10,65","45,76","19,70","7,05","20,57","23,54","3,26","19,62","11,57","16,51","8,39","5,41","9,80","3,27","5,20","19,32",,"9,06","36,16","32,06","5,73","42,20","33,27","19,94","16,43","8,33","23,42","13,30","27,12","21,23","24,03","9,99","16,16","6,42","14,50","16,84","23,29","59,63","28,24","11,34","12,20","26,86","14,28","4,68","44,56","4,26","14,64","17,62","21,07","49,96","7,78"
15/01/2025 00:00:00,"10,57","15,97","1,66","5,66",,"7,88","32,09","28,55","9,86","23,68","9,53","10,39","29,45","4,80","28,93","13,50","25,43","5,04","8,01","8,57","4,52","1,05","30,30","7,61","8,58","19,67","7,97","16,40","1,78","12,73","15,85","7,49","4,53","23,84","57,31","11,04","30,79","26,13","8,05","10,20","16,63","12,27","5,94","6,89","36,45","17,09","16,76","11,04","49,57","20,08","7,35","21,34","24,56","3,30","19,52","12,11","16,22","8,99","5,83","10,16","3,51","5,52","19,73",,"9,42","36,63","32,47","6,16","43,00","34,26","20,43","16,51","8,63","24,19","13,74","28,74","21,98","24,40","10,12","16,96","6,71","14,57","17,50","24,06","59,79","28,40","11,47","12,65","28,04","15,07","4,95","45,21","4,66","15,05","18,67","21,81","51,12","8,43"
16/01/2025 00:00:00,"10,28","15,63","1,63","5,57",,"7,71","31,46","27,75","9,64","23,78","9,42","10,30","29,49","4,67","28,90","13,69","25,17","5,03","7,47","8,32","4,35","1,05","30,23","7,48","8,63","19,80","7,81","16,09","1,68","12,59","15,68","7,36","4,26","23,72","59,36","10,80","29,88","25,93","7,94","9,85","16,27","11,88","5,93","6,71","35,55","16,80","16,28","10,83","48,65","19,81","7,29","21,18","24,48","3,21","19,42","11,39","15,19","8,57","5,44","10,11","3,36","5,35","19,24",,"9,07","36,61","32,26","5,88","41,97","33,94","19,72","16,09","8,23","23,88","13,33","28,06","22,05","23,91","10,24","16,66","6,46","14,51","17,08","22,12","59,07","28,14","11,33","12,65","27,78","14,50","4,84","45,27","4,50","14,42","18,06","21,66","50,65","8,35"
17/01/2025 00:00:00,"10,29","15,68","1,57","5,73",,"7,73","31,79","27,55","9,72","23,76","9,29","10,17","29,83","4,84","28,82","14,06","25,19","5,10","7,65","8,47","4,57","1,06","30,79","7,68","8,20","19,90","8,13","16,09","1,71","12,82","15,79","7,29","4,28","23,67","59,11","10,83","30,47","26,21","7,99","10,01","16,37","11,95","6,03","6,81","33,60","16,98","16,24","11,14","50,70","20,08","7,33","21,29","24,66","3,25","19,53","11,31","15,48","8,71","5,55","10,35","3,36","5,27","19,37",,"9,19","36,58","32,39","5,97","42,71","33,44","20,12","16,25","8,08","23,90","13,41","28,25","21,90","24,53","10,14","17,02","6,38","14,76","17,04","22,11","60,95","28,43","11,13","12,87","27,48","14,50","5,01","46,83","4,44","14,33","18,18","21,93","51,13","7,87"
20/01/2025 00:00:00,"10,25","15,72","1,69","6,01",,"7,72","31,95","28,50","9,69","23,83","9,36","10,21","29,88","4,81","28,99","14,08","23,57","5,08","7,80","8,56","4,61","1,08","30,85","7,67","7,64","19,91","7,99","16,39","1,71","12,78","15,86","7,29","4,27","23,75","59,94","10,65","30,89","26,44","8,09","10,21","16,52","11,72","5,92","6,90","34,05","17,07","16,31","11,97","50,40","20,33","7,39","21,49","24,90","3,31","19,98","11,38","15,58","8,79","5,60","10,32","3,51","5,36","19,53",,"9,21","36,84","32,47","6,00","42,69","33,37","20,33","16,15","8,12","24,16","13,26","28,38","22,00","25,14","9,96","17,12","6,46","14,74","17,13","22,30","60,48","28,67","11,35","12,91","27,72","14,68","5,04","46,66","4,47","14,51","18,42","21,90","52,03","8,16"
21/01/2025 00:00:00,"10,44","15,77","1,62","6,03",,"7,74","32,14","28,58","9,74","24,05","9,38","10,22","29,91","4,80","29,16","14,04","24,57","5,12","7,91","8,59","4,69","1,09","30,62","7,71","7,75","20,16","8,10","16,57","1,73","12,87","16,17","7,34","4,45","23,85","61,66","10,83","30,64","26,61","7,98","10,06","16,88","12,09","6,07","7,01","34,20","17,12","16,40","11,93","49,23","20,18","7,45","21,49","24,95","3,33","20,08","11,49","14,95","8,78","5,64","10,36","3,43","5,34","19,80",,"9,39","36,54","32,48","6,11","42,72","34,46","20,76","16,06","8,64","24,42","13,41","28,36","22,06","25,05","10,04","17,30","6,42","14,78","17,55","22,04","61,07","28,86","11,34","13,13","28,30","14,88","5,31","46,43","4,38","14,85","18,63","22,25","52,50","8,19"
22/01/2025 00:00:00,"10,22","15,97","1,67","6,24",,"7,82","32,04","29,27","9,79","24,49","9,28","10,08","30,13","4,63","29,63","13,76","23,56","4,99","8,27","8,52","4,63","1,10","30,63","7,83","7,73","20,03","7,85","16,62","1,84","12,79","16,48","7,60","4,45","23,76","60,36","11,14","31,00","27,00","8,20","10,19","16,59","12,27","6,13","6,86","34,65","17,02","16,73","11,89","50,88","20,15","7,45","21,38","24,86","3,36","19,72","12,05","15,03","8,85","5,83","10,66","3,51","5,44","19,82",,"9,57","36,17","32,30","6,35","42,45","34,46","19,82","16,17","8,69","24,77","13,37","28,33","22,34","24,40","9,73","17,20","6,56","14,75","17,99","22,08","60,09","28,66","11,69","13,36","28,56","14,99","5,22","45,26","4,50","15,13","19,17","22,60","53,27","8,30"
23/01/2025 00:00:00,"10,25","15,83","1,62","6,11",,"7,63","31,82","29,21","9,72","25,04","9,15","10,00","29,98","4,32","29,66","13,68","22,74","5,06","8,25","8,56","4,66","1,12","30,71","7,64","7,57","19,84","7,86","16,48","1,83","12,79","16,38","7,49","4,45","23,64","60,94","10,80","30,87","26,68","8,00","9,92","16,45","12,20","6,05","6,87","34,35","17,03","16,36","11,62","49,30","20,22","7,43","21,35","24,80","3,26","19,91","11,93","15,64","8,92","5,76","10,51","3,48","5,13","19,74",,"9,60","35,83","32,07","6,35","41,48","34,66","19,80","15,97","8,53","24,78","12,70","27,87","22,00","24,21","9,70","17,02","6,46","14,85","17,68","21,82","61,41","28,01","11,38","13,39","28,49","14,73","5,15","44,97","4,46","14,89","18,97","22,71","54,03","8,53"
24/01/2025 00:00:00,"10,08","15,72","1,78","6,06",,"7,55","31,90","28,90","9,74","24,95","9,09","9,92","29,83","4,28","29,72","13,74","22,52","5,04","8,42","8,50","4,60","1,16","30,53","7,68","7,56","19,68","8,26","16,81","1,78","13,07","16,52","7,70","4,47","23,65","60,19","10,81","31,19","26,69","8,09","10,05","16,55","12,32","6,07","6,89","34,35","17,09","16,16","11,91","48,17","20,07","7,41","21,41","24,74","3,27","19,95","12,08","15,65","9,18","5,83","10,51","3,44","5,18","19,64",,"9,67","35,73","31,91","6,28","41,15","34,55","19,70","15,89","8,78","25,06","12,59","28,14","22,24","24,26","9,92","16,98","6,29","14,61","17,77","21,82","61,42","27,70","11,64","13,11","29,14","14,66","5,23","45,58","4,37","14,81","19,17","22,58","54,62","8,49"
27/01/2025 00:00:00,"10,32","16,31","1,92","6,52",,"7,92","32,99","30,12","9,91","25,97","9,34","10,17","30,41","4,71","30,37","13,89","22,60","4,97","8,92","8,70","4,78","1,19","31,33","7,86","7,83","20,12","8,80","17,27","1,86","13,19","17,26","7,92","4,71","24,30","58,40","11,27","32,07","27,53","8,56","10,38","16,73","12,65","6,29","6,98","35,70","17,46","16,91","12,12","49,14","20,63","7,60","21,95","25,34","3,44","20,18","12,52","15,84","9,72","6,42","10,78","3,56","5,47","20,32",,"9,83","36,12","32,38","6,29","42,10","34,87","19,62","16,54","8,92","25,56","12,98","29,43","22,47","24,48","10,25","17,49","6,60","14,81","18,30","22,46","61,75","28,34","12,33","13,78","30,41","15,35","5,41","46,38","4,68","15,48","20,08","23,55","50,31","8,76"
28/01/2025 00:00:00,"10,31","16,35","1,92","6,42",,"7,75","32,82","30,67","9,91","25,80","9,28","10,21","30,77","4,65","30,13","13,66","22,30","4,78","9,10","8,73","4,69","1,13","31,46","7,95","7,62","20,19","8,73","17,07","1,77","13,16","17,10","7,89","4,55","24,72","58,61","11,18","32,24","27,61","8,50","10,10","16,65","12,65","6,25","6,98","34,80","16,87","16,91","11,79","50,99","20,64","7,60","21,95","25,38","3,41","20,13","12,32","15,93","9,70","6,19","10,71","3,52","5,42","20,34",,"9,90","36,03","32,33","6,28","41,38","35,01","19,91","16,73","8,89","24,85","12,70","29,11","22,35","24,35","10,31","17,31","6,48","14,47","18,22","21,98","61,42","28,23","12,31","13,44","30,00","14,92","5,33","45,25","4,57","14,85","19,42","22,95","51,05","8,53"
29/01/2025 00:00:00,"10,18","16,27","1,85","6,40",,"7,73","32,29","30,53","9,91","25,71","9,23","10,10","30,56","4,64","29,95","13,74","21,76","4,97","8,86","8,65","4,66","1,14","31,22","7,92","7,48","20,25","8,80","17,27","1,80","12,88","17,27","8,00","4,59","24,69","58,43","11,22","31,75","27,40","8,50","9,98","16,46","12,53","6,20","6,88","34,35","16,81","16,78","12,02","51,03","20,48","7,59","21,99","25,32","3,42","20,02","12,29","15,74","9,74","6,04","10,73","3,57","5,45","20,33",,"9,98","35,67","32,13","6,13","40,42","35,34","20,33","17,05","8,85","24,33","12,49","28,01","22,18","24,35","10,21","17,00","6,48","14,36","18,03","21,62","60,87","28,18","12,57","13,45","30,35","15,04","5,40","45,38","4,52","14,58","19,62","22,79","51,37","8,65"
30/01/2025 00:00:00,"10,31","16,88","2,03","6,74",,"8,07","33,30","31,51","10,41","25,90","9,64","10,66","30,43","4,77","30,74","14,27","22,13","5,42","9,43","8,84","4,96","1,18","31,88","8,17","8,03","20,57","9,25","17,64","1,95","12,97","18,00","8,26","4,85","24,78","59,27","11,73","33,53","28,71","9,00","10,35","16,75","13,03","6,43","7,05","36,75","17,09","17,53","12,75","52,88","20,97","7,77","22,40","25,94","3,56","20,43","12,75","15,92","9,87","6,66","11,16","3,79","5,72","21,05",,"10,30","36,38","32,56","6,24","41,46","36,27","20,90","17,44","9,15","25,29","12,84","29,38","23,03","24,71","10,46","17,50","7,04","14,66","18,65","22,50","61,03","28,91","13,40","13,60","31,77","15,57","5,64","47,29","4,66","14,95","20,85","23,02","53,05","9,50"
31/01/2025 00:00:00,"10,30","16,63","1,99","6,64",,"8,06","32,93","31,03","10,51","25,94","9,62","10,61","30,39","4,67","31,24","14,03","22,29","5,42","9,38","8,87","4,87","1,20","31,85","8,00","7,74","20,50","9,09","17,82","1,97","13,00","18,05","8,29","4,79","24,75","58,93","11,80","32,92","28,37","8,99","10,27","16,23","12,95","6,43","6,76","36,30","16,97","17,49","12,62","51,37","20,82","7,72","22,41","25,77","3,54","20,30","12,52","15,89","10,20","6,83","10,93","3,65","5,64","21,14",,"10,36","36,62","32,82","6,28","40,99","36,36","19,99","17,51","9,06","25,01","12,75","28,65","23,24","24,36","10,47","17,31","6,98","14,23","18,53","21,82","61,04","29,19","13,40","13,57","33,19","15,08","5,51","46,56","4,63","14,20","20,30","23,16","51,95","9,40"
03/02/2025 00:00:00,"10,23","16,72","1,88","6,76",,"8,06","33,34","31,05","10,48","25,87","9,61","10,60","30,77","4,65","30,69","14,03","21,82","5,27","9,34","9,06","4,76","1,19","32,08","8,05","7,80","20,77","9,03","18,09","1,98","13,22","18,28","8,43","4,73","24,42","58,66","11,95","33,48","28,36","9,00","10,31","16,47","12,86","6,46","6,91","36,60","17,41","17,69","12,63","51,04","20,98","7,64","22,28","25,53","3,48","20,39","12,44","15,10","10,10","6,61","10,92","3,46","5,59","21,33",,"10,46","36,18","32,66","6,29","41,23","37,02","19,46","17,75","9,20","25,01","12,78","29,22","23,12","25,02","10,47","17,60","6,81","14,32","18,67","21,35","61,12","29,14","13,45","13,73","33,37","15,27","5,53","46,59","4,56","14,02","20,43","23,02","50,87","9,44"
04/02/2025 00:00:00,"10,11","16,75","1,89","6,66",,"8,07","32,94","30,58","10,39","26,02","9,57","10,58","30,74","4,52","30,33","13,94","21,56","5,24","9,17","8,98","4,70","1,17","32,15","8,18","7,68","20,80","9,02","18,05","1,92","12,93","18,26","8,57","4,75","24,28","56,72","11,81","33,68","28,55","9,09","10,28","16,11","13,10","6,45","6,74","35,85","17,62","17,88","12,73","50,59","20,81","7,66","22,34","25,63","3,48","19,64","12,09","14,73","10,20","6,63","10,91","3,44","5,52","21,34",,"10,51","35,72","32,33","6,09","41,23","37,02","19,02","17,83","9,05","25,17","12,72","29,38","22,83","25,42","10,41","17,86","6,77","14,45","18,50","20,66","58,64","29,09","13,56","13,75","32,61","15,16","5,48","46,43","4,44","13,91","20,22","23,14","51,02","9,27"
05/02/2025 00:00:00,"10,04","16,73","1,77","6,74",,"8,30","32,77","30,48","10,32","26,08","9,71","10,82","30,96","4,43","30,40","13,95","20,87","5,18","9,07","8,96","4,68","1,19","31,77","8,18","7,51","21,07","8,73","17,92","1,82","13,13","18,38","8,42","4,70","23,96","65,52","11,86","33,91","28,60","8,90","10,01","15,93","12,83","6,44","6,65","34,80","17,61","17,87","12,63","50,49","20,79","7,75","22,60","26,01","3,46","19,55","11,95","14,99","10,01","6,30","10,82","3,27","5,49","21,25",,"10,44","35,36","32,10","6,09","40,34","37,91","18,72","17,58","8,87","25,14","12,59","29,32","24,24","25,71","10,19","17,91","6,58","14,84","18,24","21,21","58,42","28,80","13,42","13,52","31,35","14,62","5,50","46,68","4,18","13,66","19,65","23,16","51,41","9,16"
06/02/2025 00:00:00,"10,08","16,77","1,91","6,88",,"8,25","32,39","31,28","10,53","26,38","9,81","10,97","31,32","4,50","30,79","14,19","20,84","5,48","9,29","8,87","4,87","1,28","31,58","8,21","7,65","21,10","9,06","18,70","1,89","12,90","18,55","8,65","4,80","24,13","63,67","11,91","33,92","28,88","9,07","9,96","16,11","12,58","6,54","6,72","34,05","17,64","17,88","12,94","51,32","20,83","7,79","22,69","26,06","3,52","19,53","12,22","15,23","9,99","6,77","10,92","3,21","5,62","21,00",,"10,60","35,15","32,04","6,12","40,57","37,56","18,96","17,96","8,68","25,34","12,63","29,60","24,17","25,76","10,63","17,89","6,50","14,76","18,35","22,02","58,81","28,90","13,68","13,47","31,82","14,95","5,60","47,38","4,09","13,78","19,70","22,78","51,47","9,53"
07/02/2025 00:00:00,"10,07","16,71","1,86","6,96",,"8,09","31,70","30,78","10,29","26,03","9,51","10,54","30,99","4,28","30,81","14,12","20,63","5,48","9,24","8,88","4,76","1,29","31,53","8,09","7,18","21,31","8,94","18,42","1,83","12,70","18,09","8,56","4,45","24,17","61,50","11,65","33,61","28,51","8,95","10,14","15,74","12,40","6,37","6,57","34,95","17,22","18,01","12,83","50,47","20,91","7,71","22,57","25,87","3,46","19,23","11,77","14,84","9,77","6,48","10,63","3,08","5,45","20,82",,"10,66","34,91","31,85","6,07","39,62","37,06","19,07","17,56","8,54","25,19","12,35","27,79","23,64","25,74","10,82","17,66","6,31","14,88","17,48","21,55","58,25","28,73","13,67","13,60","32,68","14,67","5,60","47,12","3,89","13,88","18,93","22,73","50,91","9,63"
10/02/2025 00:00:00,"10,18","16,85","2,01","6,90",,"8,02","32,28","30,27","10,42","26,07","9,59","10,55","31,26","4,32","30,26","14,15","20,62","5,42","9,37","8,93","4,82","1,37","31,38","8,14","7,45","21,86","9,07","18,77","1,86","12,85","18,23","8,59","4,48","24,01","60,19","11,81","33,19","28,30","9,07","10,32","16,56","12,53","6,28","6,88","35,10","17,42","17,71","12,82","50,73","21,11","7,75","22,86","26,15","3,50","19,34","12,03","15,13","10,01","6,65","10,82","3,20","5,61","21,04",,"10,63","35,20","32,07","6,10","40,00","37,87","18,74","17,54","8,86","25,55","12,71","28,06","23,41","25,74","10,86","17,78","6,50","14,70","16,90","21,27","58,09","28,65","14,21","13,76","33,02","15,21","5,72","47,61","4,10","14,30","19,23","22,48","51,16","9,98"
11/02/2025 00:00:00,"10,17","16,91","2,04","7,02",,"8,30","32,90","29,71","10,50","26,29","9,66","10,80","30,79","4,40","31,00","14,20","21,20","5,72","9,45","9,01","4,75","1,40","31,60","8,31","7,55","22,20","8,87","19,29","1,94","12,77","18,68","8,71","4,67","24,50","59,35","12,09","34,10","28,97","9,26","10,84","16,72","12,63","6,43","6,92","37,65","17,81","17,91","12,99","51,89","21,35","7,86","23,17","26,43","3,57","19,14","12,17","15,24","10,05","6,66","11,20","3,43","5,70","21,16",,"10,73","35,39","32,07","6,17","40,30","37,69","18,94","17,86","9,45","25,88","12,91","28,80","23,50","25,95","11,04","17,94","6,95","14,96","17,72","21,50","57,67","28,95","14,43","14,72","33,13","15,35","5,92","47,41","4,36","14,63","18,81","23,36","50,13","10,39"
12/02/2025 00:00:00,"10,13","16,80","1,98","7,02",,"8,15","32,72","28,60","10,37","25,86","9,30","10,30","30,84","4,22","30,41","14,01","20,75","5,56","8,97","8,94","4,47","1,38","30,83","8,27","7,31","21,76","8,38","19,32","1,83","12,74","18,48","8,74","4,57","24,08","58,73","11,83","33,50","28,52","9,13","10,39","16,37","12,58","6,34","6,73","34,95","18,00","17,64","12,83","50,89","21,05","7,66","22,65","25,69","3,50","19,02","11,67","14,62","9,80","6,49","11,14","3,44","5,52","21,04",,"10,70","34,57","31,59","6,00","39,51","36,25","18,61","17,67","9,20","25,72","12,53","28,47","23,36","25,79","10,69","17,76","6,95","14,89","17,65","20,48","56,73","28,49","14,31","15,04","32,20","14,88","5,68","47,09","4,46","14,55","17,77","23,41","49,74","10,11"
13/02/2025 00:00:00,"10,19","16,70","1,96","7,19",,"8,24","33,16","28,35","10,49","25,72","9,47","10,45","30,35","4,14","30,32","14,08","20,14","5,70","9,03","8,98","4,61","1,37","31,31","8,31","7,22","21,93","8,36","19,20","1,85","13,05","18,68","8,83","4,60","24,22","59,70","11,92","33,73","28,77","9,23","10,21","16,44","12,80","6,51","6,72","34,80","17,97","17,99","12,71","52,13","21,13","7,72","22,80","25,83","3,54","19,15","12,02","14,15","9,83","6,42","11,27","3,26","5,52","21,03",,"10,84","34,67","31,63","6,03","38,89","35,91","18,49","17,88","9,19","25,66","12,53","27,60","22,97","25,78","10,42","18,08","6,83","15,12","17,69","21,02","57,97","28,55","14,41","15,10","33,09","15,10","5,87","47,15","4,39","14,76","17,48","23,91","49,52","10,14"
14/02/2025 00:00:00,"10,33","17,06","2,14","7,37",,"8,41","34,25","29,09","10,88","26,94","9,71","10,72","30,65","4,36","31,69","14,27","20,28","5,82","9,86","9,21","4,89","1,45","31,86","8,57","7,58","22,47","8,74","19,67","1,98","12,99","19,29","8,97","4,89","24,60","59,57","12,24","34,97","29,57","9,45","10,80","16,57","13,17","6,86","6,84","37,65","18,31","18,55","13,52","55,43","21,49","7,95","23,33","26,52","3,58","19,43","12,52","14,44","10,24","6,76","11,64","3,80","5,80","21,56",,"11,26","35,92","32,60","6,38","39,43","35,73","18,96","18,78","9,40","26,37","12,51","29,34","23,85","26,05","10,62","18,59","7,66","15,43","18,42","21,96","57,60","29,21","15,00","15,24","33,52","15,82","5,98","47,84","4,79","15,30","17,99","24,05","50,78","10,60"
17/02/2025 00:00:00,"10,30","17,36","2,24","7,67",,"8,76","35,30","29,07","10,87","27,33","9,74","10,74","29,96","4,50","32,05","14,20","20,25","5,87","10,19","9,23","4,93","1,49","31,80","8,53","7,78","22,42","8,79","19,88","2,07","13,19","19,94","9,05","5,06","24,52","59,69","12,26","35,28","29,92","9,66","10,79","16,37","13,41","7,08","6,76","38,10","18,68","18,88","14,04","55,21","21,49","8,01","23,50","26,57","3,66","19,21","12,95","14,15","10,73","7,29","11,87","3,93","5,96","21,87",,"11,15","36,32","32,80","6,25","39,12","35,42","18,67","18,44","9,50","26,99","12,79","30,13","23,89","26,64","10,86","18,43","8,16","15,60","18,93","21,78","56,58","28,82","15,24","15,26","33,62","15,97","5,95","47,59","5,07","15,60","18,53","23,85","49,50","11,05"
18/02/2025 00:00:00,"10,29","17,09","2,22","7,22",,"8,67","34,86","29,81","10,82","27,60","9,71","10,73","31,30","4,62","32,15","14,23","20,13","5,77","9,90","9,23","4,82","1,49","31,77","8,46","7,77","21,93","8,89","20,09","2,04","13,39","19,79","9,11","4,94","24,58","59,70","12,05","34,89","29,47","9,60","10,52","16,44","13,00","6,86","6,76","37,05","19,04","18,73","13,69","54,83","21,30","7,98","23,38","26,53","3,61","19,22","12,89","14,05","10,53","7,03","11,63","3,88","5,90","21,67",,"10,98","37,00","33,40","6,29","39,00","35,82","18,21","18,10","9,46","26,84","12,83","29,70","24,01","26,57","10,89","18,31","8,09","14,98","18,86","22,30","56,47","28,62","15,28","15,22","33,42","15,70","6,04","47,91","5,08","15,42","18,24","23,94","49,92","10,86"
19/02/2025 00:00:00,"10,18","16,84","2,11","7,00",,"8,60","34,59","28,73","10,68","27,04","9,53","10,53","31,33","4,44","31,54","14,20","19,71","5,85","9,62","9,14","4,79","1,44","32,32","8,46","7,41","20,80","8,76","19,26","1,85","13,53","19,62","8,97","4,71","24,32","60,10","11,97","34,27","29,33","9,40","10,32","16,36","12,97","6,71","6,72","36,45","18,55","18,15","13,34","53,14","21,24","7,91","23,16","26,28","3,50","19,17","12,42","13,87","10,28","6,82","11,44","3,60","5,64","21,29",,"10,96","37,15","33,47","6,11","39,01","35,78","17,88","17,75","9,20","26,31","12,68","28,26","23,54","26,25","10,99","18,12","7,66","15,13","18,60","22,05","56,83","28,59","15,12","15,01","33,17","15,29","6,07","47,86","4,82","15,00","17,87","23,55","49,28","10,49"
20/02/2025 00:00:00,"10,24","16,78","2,10","6,88",,"8,79","34,36","28,90","10,60","26,24","9,54","10,51","31,43","4,38","31,94","14,57","19,36","6,07","9,58","9,07","4,78","1,45","32,60","8,47","7,47","21,11","8,84","19,27","1,81","13,66","19,67","8,97","4,81","24,56","60,44","12,26","34,07","29,26","9,61","10,31","15,48","13,05","6,73","6,39","36,60","18,58","18,41","13,29","52,78","21,20","7,88","23,04","26,21","3,47","18,93","12,58","13,57","10,28","6,75","11,45","3,63","5,69","21,21",,"10,95","37,37","33,53","6,10","38,53","35,59","18,35","17,60","9,23","26,91","13,62","28,17","23,57","26,19","11,03","18,05","7,24","14,87","18,73","21,79","56,44","28,45","15,37","14,93","34,19","14,95","6,13","49,62","4,55","14,87","18,21","23,33","49,17","10,75"
21/02/2025 00:00:00,"10,32","16,84","2,06","6,84",,"8,76","34,29","28,17","10,53","26,22","9,51","10,41","31,00","4,39","31,95","14,72","19,05","5,93","9,38","9,11","4,80","1,45","32,45","8,47","7,29","21,26","8,70","20,10","1,84","13,85","19,84","9,33","4,83","24,60","58,22","12,16","34,61","29,34","9,75","10,19","15,29","12,99","6,69","6,29","35,40","18,13","18,44","13,25","52,60","21,39","7,87","23,06","26,13","3,43","18,93","10,82","13,79","10,12","6,67","11,47","3,59","5,74","20,94",,"10,90","37,16","33,43","6,07","37,70","35,32","18,07","17,20","9,21","26,56","12,96","27,14","23,41","26,10","10,81","18,04","6,96","15,03","18,49","21,80","56,27","28,65","15,83","15,01","34,16","14,95","5,98","49,98","4,42","14,80","18,15","23,55","49,97","10,65"
24/02/2025 00:00:00,"10,23","16,23","1,90","6,70",,"8,62","33,83","26,07","10,18","26,06","9,34","10,23","31,39","4,22","31,31","14,61","18,85","5,87","8,80","9,06","4,71","1,41","32,52","8,39","6,96","20,62","8,46","19,25","1,76","13,75","19,14","8,89","4,59","24,61","59,12","11,92","33,63","28,54","9,35","10,13","15,33","12,52","6,53","6,27","33,45","17,83","17,52","12,75","52,57","21,17","7,78","22,78","25,98","3,37","18,94","10,28","13,46","9,49","6,29","11,41","3,34","5,35","20,52",,"10,60","36,91","33,20","6,06","36,73","34,85","17,91","17,13","9,02","25,30","12,68","25,87","23,54","26,05","10,73","17,76","6,66","14,81","17,75","20,64","55,81","28,55","14,99","14,92","33,45","14,84","5,82","49,53","4,12","14,50","17,34","23,62","48,65","10,38"
25/02/2025 00:00:00,"10,29","16,37","1,81","7,01",,"8,38","34,33","25,19","10,14","26,45","9,42","10,35","31,34","4,20","31,11","14,47","18,54","5,85","8,78","9,22","4,77","1,35","32,81","8,52","7,12","20,85","8,54","18,88","1,83","13,69","19,26","8,79","4,82","24,84","59,84","12,21","34,68","29,17","9,30","9,92","15,38","12,78","6,57","6,27","31,95","17,83","17,52","12,68","53,34","21,57","7,83","22,96","26,25","3,38","18,84","10,38","13,72","9,74","6,76","11,82","3,38","5,10","20,63",,"10,51","36,60","33,05","5,81","36,66","35,22","17,45","17,11","9,09","25,64","12,59","26,30","23,71","25,70","10,48","17,92","6,58","14,74","17,61","21,21","55,63","28,93","15,07","14,93","34,57","15,14","5,91","49,05","4,10","15,32","17,15","23,94","49,46","9,93"
26/02/2025 00:00:00,"10,85","16,19","1,70","6,94",,"8,02","34,17","24,34","9,99","26,30","9,31","10,15","31,42","4,14","31,07","14,43","18,17","5,55","8,57","9,14","4,78","1,33","33,03","8,43","7,00","20,85","8,70","18,45","1,75","13,42","18,87","8,48","4,63","25,02","60,66","11,90","33,98","28,62","8,93","9,70","15,69","12,35","6,44","6,41","31,50","17,87","17,14","12,19","43,60","21,13","7,79","22,80","26,18","3,34","18,55","9,92","13,93","9,45","6,74","11,66","3,29","4,70","20,24",,"10,43","36,54","33,05","5,76","36,17","34,85","17,34","16,56","8,94","25,32","12,43","25,65","23,76","26,20","10,03","17,62","6,40","14,85","17,26","21,02","55,82","28,76","14,30","14,32","34,89","14,80","5,97","48,75","3,96","14,52","16,72","22,25","45,16","9,66"
27/02/2025 00:00:00,"11,43","16,07","1,70","6,77",,"7,91","33,98","24,60","10,05","26,20","9,25","10,09","32,19","4,34","30,73","14,29","18,59","5,21","9,44","9,11","4,75","1,32","32,45","8,43","7,24","20,82","8,67","18,58","1,76","13,50","18,83","8,62","4,76","24,91","68,01","12,01","33,71","28,53","9,04","9,65","15,88","12,46","6,36","6,47","31,80","17,88","17,46","12,18","47,00","21,19","7,82","23,04","26,16","3,36","18,60","10,35","15,17","9,54","6,70","11,73","3,30","4,71","20,32",,"10,49","34,50","31,88","5,56","38,20","35,17","17,49","16,61","8,95","25,05","13,13","25,61","23,52","26,01","10,06","17,54","6,27","14,89","17,28","21,16","55,95","28,72","14,39","14,55","34,89","15,59","5,96","48,39","3,91","14,81","16,78","22,48","46,15","10,06"
28/02/2025 00:00:00,"11,34","15,90","1,63","6,57",,"7,74","34,87","23,62","9,76","25,59","9,05","9,88","31,68","4,27","30,29","13,99","17,90","5,17","9,45","9,01","4,55","1,29","32,49","8,22","7,09","21,32","8,52","17,95","1,73","13,46","18,33","8,45","4,54","25,00","68,82","11,78","33,10","28,28","8,68","9,62","15,70","11,62","6,15","6,44","31,65","17,69","16,90","11,36","45,78","20,97","7,62","22,63","25,52","3,21","17,88","10,40","13,63","9,80","6,55","11,39","3,29","4,51","19,77",,"10,40","34,34","31,29","5,72","38,17","34,57","16,47","16,11","8,92","24,33","12,76","26,08","22,55","25,89","9,83","17,38","6,04","14,78","16,97","20,36","55,11","28,56","13,74","14,12","34,06","15,16","5,71","47,40","3,65","14,33","16,16","22,18","45,70","9,54"
05/03/2025 00:00:00,"11,86","15,65","1,64","6,47",,"7,82","34,89","23,40","9,89","26,02","9,22","10,09","32,40","4,46","30,64","14,13","16,42","4,98","9,25","9,03","4,72","1,33","32,79","8,16","7,11","21,15","8,50","18,04","1,73","14,01","18,45","8,52","4,74","24,90","74,87","11,70","32,90","27,93","8,65","9,88","15,76","11,48","6,02","6,46","31,95","18,20","16,70","10,92","45,49","21,16","7,70","22,99","25,90","3,24","17,78","10,28","14,59","9,74","6,67","11,39","3,22","4,48","19,58",,"10,24","32,75","30,15","5,79","37,37","34,94","16,90","16,63","8,99","24,14","12,36","26,08","22,87","26,37","9,80","17,22","5,86","15,16","17,09","20,35","54,19","28,82","13,45","14,25","33,81","14,59","5,85","47,78","3,54","13,81","15,77","22,35","45,26","9,72"
06/03/2025 00:00:00,"11,92","15,94","1,72","6,34",,"7,84","35,28","23,47","9,99","25,99","9,30","10,17","32,69","4,59","30,17","14,20","15,98","5,19","9,23","9,16","4,89","1,33","34,44","8,07","7,06","21,05","8,67","18,48","1,78","14,12","18,64","8,66","4,90","25,12","73,76","11,94","33,23","28,43","8,96","10,06","15,95","11,55","5,94","6,49","31,20","18,26","16,80","11,23","45,56","21,16","7,73","22,94","25,95","3,44","18,07","10,48","14,19","9,93","6,51","11,37","3,21","4,53","20,00",,"10,36","32,51","29,83","5,29","37,48","34,18","16,88","17,09","8,99","24,18","12,40","26,28","22,67","26,91","9,96","17,23","5,90","15,30","17,49","20,30","53,98","28,72","13,66","14,33","33,90","14,59","5,92","48,30","3,50","13,74","15,95","22,48","44,90","9,79"
07/03/2025 00:00:00,"12,15","16,13","1,78","6,70",,"8,00","35,56","24,17","10,05","26,29","9,40","10,30","32,67","4,62","30,77","14,45","17,71","5,23","10,07","9,20","4,90","1,40","34,92","8,21","7,27","21,36","8,80","18,76","1,87","14,16","19,21","8,76","4,98","25,40","72,73","12,13","34,11","28,98","9,22","10,00","16,08","11,76","6,08","6,51","32,55","18,14","17,25","11,57","45,55","21,29","7,81","23,15","26,06","3,41","18,05","10,94","14,85","10,33","7,20","11,49","3,38","4,77","20,37",,"10,51","32,90","30,16","5,62","38,32","34,25","16,88","17,01","9,15","25,18","12,72","27,67","23,22","26,74","10,09","17,60","6,35","15,72","18,00","20,59","54,16","28,96","13,78","14,67","33,24","14,99","6,02","49,01","3,66","14,04","16,85","22,69","45,48","10,16"
10/03/2025 00:00:00,"12,17","16,10","1,77","6,97",,"7,71","35,83","23,88","9,83","26,21","9,30","10,15","32,60","4,62","30,58","14,21","16,70","5,20","9,98","9,02","4,85","1,40","35,20","8,21","7,09","21,28","8,66","18,63","1,82","13,58","19,12","8,67","4,94","25,42","73,30","12,08","33,98","29,35","9,38","9,95","15,98","11,77","6,02","6,50","30,75","17,67","17,15","11,21","44,28","21,53","7,81","23,17","26,29","3,35","17,97","10,88","15,04","10,24","7,56","11,30","3,49","4,71","20,26",,"10,58","32,84","30,15","5,41","37,53","34,01","16,90","16,50","9,17","24,72","12,64","27,61","22,89","26,21","9,82","17,72","6,36","15,60","17,88","20,15","54,41","29,20","13,59","14,84","33,36","14,82","5,96","48,21","3,59","13,89","16,78","22,89","45,28","9,90"
11/03/2025 00:00:00,"11,93","15,91","1,74","7,00",,"7,45","35,57","24,02","9,76","25,98","9,20","10,08","32,30","4,54","30,63","14,30","16,56","5,03","9,92","9,04","4,70","1,40","36,26","8,27","6,98","21,15","8,44","18,19","1,85","13,45","19,05","8,37","4,82","24,99","72,28","12,16","33,90","29,31","9,33","9,68","15,93","11,79","5,98","6,47","30,90","17,83","16,69","11,04","43,62","21,14","7,73","23,02","26,06","3,30","17,60","10,73","14,57","10,19","7,60","11,22","3,49","4,62","20,19",,"10,54","32,17","29,69","5,16","37,16","33,91","16,77","16,55","9,00","23,98","12,67","27,86","22,41","25,82","9,64","17,56","6,52","15,41","18,05","20,34","53,96","29,01","13,06","14,47","32,64","14,44","5,88","48,61","3,61","13,83","17,31","22,45","44,26","9,70"
12/03/2025 00:00:00,"12,09","16,03","1,79","7,03",,"7,39","35,70","20,80","9,86","25,95","9,24","10,08","32,29","4,73","31,01","14,09","16,72","4,98","9,99","9,07","4,71","1,46","35,45","8,31","6,91","21,35","8,47","19,20","1,86","13,39","19,65","8,65","4,75","24,87","72,02","11,99","34,44","29,84","9,50","9,69","15,67","11,39","6,13","6,40","31,20","18,33","16,97","10,77","44,24","20,97","7,70","23,10","26,14","3,34","17,36","11,10","15,03","10,33","7,86","11,26","3,57","4,66","20,28",,"10,62","32,28","29,69","5,14","36,88","34,46","17,61","16,66","9,06","24,97","12,51","28,17","22,43","26,00","9,58","17,53","6,54","15,41","18,19","20,41","53,58","28,94","13,48","14,74","32,35","14,72","5,86","48,01","3,55","13,80","17,08","22,61","44,83","9,73"
13/03/2025 00:00:00,"12,37","16,27","1,78","7,05",,"7,47","36,46","21,81","10,89","26,37","9,35","10,26","32,78","4,90","32,02","14,36","16,83","5,14","9,73","9,11","5,14","1,37","34,97","8,44","7,14","21,70","9,14","18,98","1,87","13,53","19,97","8,46","4,87","25,10","72,90","12,39","34,96","29,93","9,41","10,17","15,62","11,89","6,09","6,44","31,20","18,69","17,29","10,93","44,53","21,18","7,83","23,32","26,57","3,37","17,62","10,64","14,94","10,28","7,75","11,23","3,49","4,66","20,58",,"10,76","32,51","29,99","5,36","36,50","34,95","17,66","16,94","9,06","24,61","12,50","29,01","22,68","26,20","9,86","17,90","6,42","15,24","18,36","20,71","53,15","29,22","12,50","14,80","32,35","15,18","5,65","48,67","3,43","14,20","16,89","22,81","44,39","9,87"
14/03/2025 00:00:00,"12,65","16,77","2,02","7,44",,"7,54","36,84","19,54","12,08","26,74","9,71","10,68","33,33","5,18","32,55","14,75","17,60","4,97","10,33","8,89","5,49","1,49","34,68","8,69","7,47","22,45","10,22","19,75","2,02","14,03","20,34","8,64","5,11","25,40","73,92","12,59","35,59","30,31","11,08","10,44","16,03","12,43","6,21","6,61","32,70","18,89","17,97","10,92","47,14","21,37","8,07","24,15","27,43","3,51","17,76","11,04","15,26","10,60","8,79","11,38","3,81","5,02","21,62",,"10,91","33,77","30,91","5,54","39,35","35,42","18,18","17,13","9,29","25,35","13,13","30,49","23,49","26,39","10,13","18,17","7,06","15,26","18,74","21,35","52,99","29,68","12,67","15,12","32,61","16,06","5,88","50,27","3,78","14,76","16,91","23,47","44,39","10,46"
17/03/2025 00:00:00,"12,71","17,10","2,02","7,62",,"7,76","36,88","19,77","11,66","27,30","9,88","10,84","33,49","5,16","33,47","14,96","18,08","5,15","10,39","9,06","5,61","1,50","34,74","8,71","7,80","22,21","10,08","19,88","2,02","14,18","20,60","8,69","5,15","25,92","76,41","12,57","36,14","30,83","11,13","10,56","16,30","12,27","6,17","6,67","34,35","19,06","18,24","10,91","47,27","21,61","8,29","24,67","28,25","3,52","17,99","11,47","14,81","11,05","9,29","11,77","4,00","5,06","22,07",,"10,80","34,56","31,49","5,37","39,70","36,36","19,18","17,28","9,36","25,88","13,20","30,97","24,02","26,61","10,19","18,41","7,89","14,66","19,01","21,28","53,44","30,01","12,86","15,14","32,83","16,37","5,87","50,99","4,01","14,91","16,55","23,63","45,26","10,49"
18/03/2025 00:00:00,"12,69","17,21","2,04","7,44",,"7,77","37,09","20,90","11,30","27,34","9,82","10,83","33,81","5,30","34,12","15,00","18,29","5,20","10,35","9,17","5,58","1,56","35,19","8,71","7,69","22,40","9,85","20,53","1,95","13,88","20,69","9,08","5,07","26,02","77,03","12,58","36,12","30,69","10,78","10,51","16,32","12,22","6,26","6,67","35,40","18,77","18,09","10,77","46,82","21,50","8,35","24,81","28,40","3,54","18,03","11,32","15,80","11,12","9,19","11,66","3,81","5,15","21,97",,"10,80","34,58","31,51","5,32","39,65","36,70","18,62","17,18","9,27","25,63","13,39","30,52","23,90","26,61","10,25","18,35","7,80","15,85","18,96","21,73","53,84","29,93","12,90","15,07","33,78","16,17","5,84","51,36","3,91","14,71","16,89","23,54","45,26","11,06"
19/03/2025 00:00:00,"12,81","17,32","2,14","7,63",,"7,68","38,26","21,30","11,60","27,23","9,94","10,93","33,68","5,39","34,36","14,95","18,19","5,19","10,63","9,30","5,71","1,62","35,24","8,84","7,91","22,34","10,05","21,13","2,05","13,83","21,22","9,31","5,07","26,15","78,27","12,83","36,98","31,33","10,91","10,76","16,35","12,15","6,64","6,74","33,90","18,65","18,33","11,10","49,00","21,72","8,41","24,99","28,47","3,60","18,04","11,38","15,98","11,09","9,55","11,77","3,92","5,13","22,05",,"11,01","34,75","31,49","5,50","39,27","37,77","18,79","17,32","9,51","25,90","13,21","31,18","24,14","26,79","10,42","18,79","7,97","15,29","19,64","21,75","53,68","30,00","13,47","15,04","34,09","16,30","5,94","51,27","4,12","14,91","18,17","23,21","45,72","10,98"
20/03/2025 00:00:00,"12,74","17,08","2,16","7,54",,"7,75","38,51","21,62","11,64","27,10","9,79","10,88","33,91","5,85","34,12","14,97","18,20","5,02","9,89","9,19","5,72","1,61","34,97","8,73","7,80","22,70","10,03","20,50","2,03","13,48","21,07","9,12","5,00","26,36","73,01","12,68","36,55","31,14","10,96","10,72","16,31","12,07","6,49","6,70","33,75","18,21","18,16","11,04","50,12","21,63","8,34","24,83","28,21","3,56","18,01","11,00","17,05","11,11","9,50","11,59","4,07","5,25","21,81",,"10,90","34,91","31,56","5,52","39,28","37,74","18,60","17,31","9,12","25,76","12,88","30,76","23,76","27,22","10,42","18,65","7,99","15,16","19,58","21,66","54,65","30,18","13,30","14,91","33,81","16,62","5,89","51,11","4,06","15,06","17,95","22,53","45,49","11,07"
21/03/2025 00:00:00,"12,86","17,28","2,12","7,47",,"7,87","38,25","21,81","11,79","27,21","9,95","11,03","33,75","5,72","34,34","15,11","19,21","5,00","9,93","8,74","5,69","1,60","35,32","8,68","7,76","22,35","10,07","20,26","1,98","13,37","21,11","9,10","4,95","26,28","73,80","12,22","36,22","31,05","10,97","10,67","16,25","12,13","6,51","6,66","32,55","18,92","18,15","11,04","50,49","21,59","8,33","24,80","28,27","3,51","17,74","11,40","18,21","11,33","9,25","11,47","4,63","5,04","21,84",,"10,81","35,47","32,05","5,56","39,06","37,80","18,77","16,92","9,20","25,68","13,13","31,05","24,05","26,89","10,31","18,55","8,05","15,37","19,53","21,55","53,19","30,13","13,10","15,16","33,52","16,56","5,79","51,30","4,18","14,95","18,07","22,90","45,45","10,73"
24/03/2025 00:00:00,"12,68","17,01","2,13","7,40",,"7,67","38,02","21,73","11,64","27,20","10,07","11,14","33,50","5,61","33,78","15,22","21,17","4,99","9,89","8,69","5,69","1,56","35,57","8,67","7,59","21,91","9,96","20,12","2,12","13,27","20,75","8,97","4,81","25,90","70,33","11,88","35,67","30,59","10,84","10,43","16,35","11,83","6,40","6,72","31,20","18,63","17,94","11,06","50,63","21,38","8,35","24,82","28,30","3,48","17,54","11,33","17,85","11,09","9,35","11,38","4,31","5,00","21,72",,"10,78","35,38","32,00","5,43","39,50","37,59","18,65","16,26","9,17","25,27","13,30","30,20","23,93","26,40","10,07","18,08","7,89","15,21","19,50","20,75","52,98","29,92","12,92","15,13","32,72","16,36","5,87","51,03","4,11","14,73","17,85","22,81","45,06","10,50"
25/03/2025 00:00:00,"12,74","17,25","2,36","7,49",,"7,72","38,17","21,62","11,63","27,31","10,15","11,33","33,38","5,77","34,01","15,28","21,75","4,86","10,29","8,62","5,65","1,64","35,70","8,72","7,65","20,10","9,95","20,49","2,26","13,09","20,96","9,17","4,98","26,04","68,84","12,07","35,83","30,91","10,92","10,63","16,42","11,95","6,54","6,77","33,45","18,77","18,17","11,39","50,15","21,36","8,46","24,91","28,53","3,54","17,33","11,62","17,57","11,38","9,58","11,47","4,43","5,04","21,73",,"10,95","35,73","32,25","5,55","39,09","38,08","18,18","16,23","9,31","25,33","13,18","30,85","24,23","26,47","10,17","18,69","8,57","15,10","19,85","20,41","52,27","29,55","13,23","15,13","33,01","16,60","5,90","51,20","4,75","15,10","18,15","22,57","44,71","10,77"
26/03/2025 00:00:00,"12,53","17,26","2,42","7,88",,"7,76","37,96","22,02","11,68","27,64","10,32","11,51","33,60","5,59","33,88","15,38","23,19","4,92","10,65","8,62","5,71","1,65","35,59","8,75","7,71","18,99","9,98","20,76","2,33","13,39","21,19","9,30","4,98","26,03","68,44","12,00","35,58","30,87","11,08","10,67","16,56","11,79","6,66","6,82","33,45","18,48","18,10","11,24","51,10","21,33","8,40","24,69","28,22","3,53","17,35","11,76","17,31","11,53","9,61","11,57","4,87","5,25","21,81",,"10,70","36,10","32,56","5,47","40,62","38,05","18,17","16,26","9,13","25,96","13,55","32,32","24,39","26,17","9,79","18,59","8,94","14,96","19,81","20,29","52,38","29,62","13,42","15,42","32,40","16,62","5,93","51,52","5,05","15,19","18,60","23,04","44,48","10,61"
27/03/2025 00:00:00,"12,61","17,21","2,48","7,91",,"7,74","38,02","22,72","11,69","27,52","10,23","11,47","33,81","5,86","33,49","15,49","23,00","4,64","10,79","8,59","5,63","1,73","35,01","8,75","7,76","19,08","9,96","21,11","2,27","13,44","21,35","9,26","5,02","26,26","67,44","11,85","35,60","30,73","11,10","10,82","16,48","12,02","6,87","6,82","35,25","18,32","18,06","11,87","50,08","21,15","8,47","24,70","28,25","3,54","17,40","11,90","17,83","11,69","9,96","11,70","4,76","5,28","21,64",,"10,88","36,47","32,80","5,20","40,66","37,78","18,20","16,48","9,12","25,79","13,43","32,68","24,55","26,01","9,94","19,03","9,07","15,23","20,39","20,41","52,75","29,54","13,43","15,64","32,40","16,54","5,95","51,93","4,93","15,53","19,11","23,17","44,13","11,14"
28/03/2025 00:00:00,"12,58","17,00","2,41","7,76",,"7,73","37,45","22,42","11,55","27,47","10,17","11,31","33,70","5,99","33,47","15,37","22,96","4,83","10,57","8,54","5,62","1,80","35,03","8,71","7,63","19,11","9,74","20,99","2,26","13,46","21,47","9,16","4,91","26,27","65,51","11,90","35,09","30,36","11,00","10,62","16,02","11,93","6,79","6,60","34,50","18,62","17,87","11,58","50,70","20,99","8,38","24,50","27,87","3,72","17,23","11,68","18,06","11,72","9,67","11,58","4,71","5,20","21,48",,"10,67","36,11","32,59","5,02","40,14","37,17","18,33","16,16","8,63","25,95","13,46","32,42","24,29","26,01","9,82","18,85","8,45","15,10","20,37","19,92","52,07","29,57","13,39","15,52","32,68","16,48","5,72","51,40","4,47","15,59","19,03","23,06","43,62","11,16"
31/03/2025 00:00:00,"12,64","16,91","2,22","7,43",,"7,39","37,21","22,26","11,46","27,04","9,94","11,16","33,74","6,10","32,32","15,10","22,96","4,79","10,17","8,46","5,52","1,78","34,92","8,65","7,39","18,51","9,47","20,78","2,12","13,20","21,11","9,05","4,99","25,96","64,90","11,83","34,78","30,11","10,87","10,58","15,34","11,27","6,59","6,32","33,15","18,25","17,71","11,51","49,78","20,90","8,24","24,20","27,62","3,77","16,92","11,39","18,06","11,64","9,30","11,33","4,53","5,11","21,32",,"10,57","35,89","32,36","4,76","39,80","37,32","18,06","15,44","8,38","25,39","13,25","31,59","23,92","25,63","9,71","18,67","7,85","15,24","19,49","19,91","51,81","29,32","12,87","15,72","32,65","16,05","5,68","50,63","4,20","15,24","18,84","22,92","43,08","10,59"
01/04/2025 00:00:00,"12,75","16,85","2,28","7,84",,"7,37","37,21","22,44","11,57","27,18","10,01","11,17","34,49","6,28","32,74","15,22","23,20","5,17","10,61","8,32","5,45","1,84","35,66","8,78","7,37","18,25","9,48","21,43","2,14","13,31","21,35","9,18","5,33","25,82","64,89","12,00","34,84","30,32","11,03","10,58","15,75","11,57","6,83","6,53","33,30","18,42","17,99","11,42","50,51","20,78","8,23","24,18","27,63","3,87","16,98","11,74","18,70","12,12","9,57","11,33","4,94","5,11","21,57",,"10,55","36,08","32,48","4,84","40,06","37,96","18,02","15,50","8,41","25,16","13,08","33,01","23,90","26,86","9,84","18,73","8,20","15,45","19,65","19,94","52,26","29,59","13,13","15,83","33,14","16,30","5,90","51,07","4,24","15,65","18,67","24,05","43,14","11,05"
02/04/2025 00:00:00,"12,80","17,16","2,31","7,95",,"7,34","37,13","22,75","11,72","27,19","9,98","11,20","33,88","6,35","32,96","15,06","22,55","4,68","11,17","8,32","5,32","1,78","35,42","8,79","7,49","18,26","8,99","21,88","2,12","13,48","21,32","9,27","5,40","25,67","64,04","12,00","35,18","30,56","10,85","10,72","15,53","11,83","6,92","6,41","32,70","19,01","17,77","11,63","50,69","20,77","8,24","24,35","27,64","3,90","17,09","12,08","18,76","12,52","10,25","11,46","5,01","5,18","21,68",,"10,57","35,89","32,39","4,84","39,58","38,32","18,46","16,06","8,37","25,57","13,35","34,28","24,31","26,58","9,77","18,71","8,59","15,37","19,84","20,45","52,30","29,47","13,33","16,00","33,01","16,34","5,82","50,84","4,54","15,66","18,94","23,66","42,72","11,40"
03/04/2025 00:00:00,"12,97","17,90","2,52","8,32",,"7,90","37,74","23,23","12,01","27,35","10,17","11,42","34,48","6,23","33,39","14,61","20,93","4,60","11,54","8,36","5,21","1,85","35,30","8,98","7,79","18,67","8,81","22,04","2,14","13,42","22,25","9,47","5,59","26,88","62,55","12,11","36,67","31,38","11,15","10,80","15,09","11,94","7,37","6,22","33,75","19,37","18,68","11,97","51,59","20,99","8,38","24,65","28,13","3,85","16,81","12,35","18,60","13,02","10,81","11,86","5,27","5,28","22,44",,"10,70","34,63","31,35","4,84","36,83","38,28","18,88","16,80","8,48","25,99","12,61","35,02","24,65","26,96","10,02","19,32","9,27","15,27","20,16","19,26","49,98","30,01","13,68","16,24","33,75","16,68","5,76","49,00","4,63","15,95","19,51","24,10","42,12","11,83"
04/04/2025 00:00:00,"12,84","17,17","2,28","7,86",,"7,60","37,28","22,35","11,37","26,84","9,98","11,29","33,70","6,24","31,67","14,09","18,23","4,09","10,84","8,24","5,04","1,75","35,11","8,82","7,24","18,39","8,23","21,47","2,02","13,39","21,57","9,33","5,29","26,66","59,24","11,92","35,70","31,36","10,79","10,58","14,36","11,32","6,84","5,90","31,95","19,16","17,74","11,43","47,41","20,67","8,14","24,10","27,40","3,72","16,82","11,78","18,55","12,36","9,92","11,42","5,02","4,99","21,71",,"10,37","33,18","30,09","4,68","33,90","37,69","18,58","16,25","8,32","25,77","11,53","33,95","23,83","26,98","10,02","18,92","8,45","15,19","19,28","18,27","49,82","29,88","12,75","15,65","33,41","15,95","5,35","47,04","4,17","15,16","18,78","23,48","41,59","11,55"
07/04/2025 00:00:00,"12,34","16,92","2,15","7,89",,"7,45","37,09","22,01","11,28","26,55","9,85","11,10","33,55","6,21","32,28","13,93","18,24","3,82","10,46","8,24","5,06","1,73","34,67","8,70","7,01","18,32","8,24","21,47","1,98","13,06","21,43","9,39","5,33","26,27","59,34","11,70","35,14","30,85","10,58","10,39","13,84","11,24","6,75","5,66","30,90","18,91","17,71","10,80","48,67","20,62","8,19","24,01","27,45","3,73","16,42","11,29","18,55","11,96","9,29","11,28","4,92","4,80","21,62",,"10,24","31,33","28,89","4,55","34,51","36,53","18,45","16,22","8,28","25,44","11,27","33,68","23,72","25,65","9,89","18,64","7,84","15,34","19,26","18,37","49,42","29,51","12,78","15,26","32,76","15,70","5,36","46,48","4,05","14,77","18,27","22,77","41,86","11,72"
08/04/2025 00:00:00,"12,40","16,96","2,10","7,56",,"7,47","37,45","22,49","11,08","26,50","9,60","10,80","33,86","6,03","32,23","13,40","17,47","3,59","10,37","8,25","4,85","1,71","35,85","8,67","6,59","18,34","7,77","22,09","2,00","13,39","21,69","9,44","5,29","26,26","59,82","11,95","35,32","31,01","10,63","10,39","13,27","11,01","6,57","5,52","30,45","18,25","17,58","10,50","48,29","20,77","8,17","24,03","27,46","3,69","16,45","11,17","18,59","11,80","8,04","11,25","4,83","4,66","21,96",,"10,24","30,33","27,87","4,67","33,82","36,58","18,43","16,03","8,29","25,90","11,04","33,57","23,37","26,06","9,93","18,59","7,82","15,28","19,40","18,61","49,63","29,63","12,82","15,41","33,08","15,49","5,11","43,93","3,95","14,69","18,29","23,01","41,86","11,45"
09/04/2025 00:00:00,"12,80","17,30","2,39","8,08",,"7,66","37,97","23,38","11,48","26,62","9,91","11,20","34,15","6,52","32,64","14,09","17,49","3,94","11,12","8,36","5,12","1,91","35,85","8,79","6,84","18,72","8,41","22,14","2,16","13,74","21,94","9,46","5,40","26,80","61,65","12,34","35,38","31,40","10,95","10,79","14,22","11,22","7,05","5,83","32,40","18,62","18,05","10,79","48,92","20,91","8,37","24,45","27,96","3,80","16,90","11,88","19,61","12,38","8,95","11,40","4,99","4,81","22,52",,"10,36","31,28","29,00","4,74","35,80","37,01","20,15","16,34","8,52","26,14","11,47","34,77","23,95","26,34","10,06","18,85","8,16","15,35","19,87","19,23","51,13","29,79","13,39","15,79","33,50","15,83","5,47","46,30","4,17","15,22","18,94","23,33","43,20","11,90"
10/04/2025 00:00:00,"12,74","17,35","2,29","8,10",,"7,62","37,87","22,93","11,19","26,44","9,90","11,18","33,20","6,56","32,21","14,25","16,30","3,91","11,20","8,28","5,09","1,90","35,34","8,76","6,94","18,38","8,36","21,69","2,12","13,42","21,85","9,37","5,29","26,60","60,14","12,22","35,17","31,23","10,86","10,78","13,79","11,26","7,23","5,69","33,30","18,23","17,82","10,27","46,43","20,74","8,32","24,27","27,85","3,79","16,51","11,80","19,93","12,25","9,35","11,33","5,10","4,78","22,38",,"10,21","29,25","27,20","4,70","32,89","36,20","19,58","16,35","8,17","26,00","10,75","35,17","23,59","25,92","10,11","19,22","8,26","15,55","19,90","18,69","51,13","29,77","13,29","15,78","33,13","15,75","5,33","47,13","4,14","15,10","18,81","23,29","42,72","11,74"
11/04/2025 00:00:00,"12,62","17,45","2,44","8,18",,"7,82","37,82","23,84","11,27","26,67","9,98","11,34","33,47","6,73","32,20","14,47","17,16","4,06","11,54","8,33","5,18","1,91","34,93","8,89","7,04","18,51","8,63","21,95","2,18","13,53","22,02","9,30","5,59","26,66","59,93","12,44","35,83","31,61","11,08","10,86","13,92","11,68","7,36","5,76","33,60","18,25","18,19","10,43","43,34","20,74","8,41","24,57","27,99","3,80","16,40","11,92","20,16","12,48","9,59","11,39","5,35","4,93","22,68",,"10,36","29,83","27,74","4,69","34,33","36,38","20,34","16,91","7,94","26,16","10,86","36,27","23,83","26,20","10,08","19,59","9,07","16,49","20,62","19,16","50,54","29,63","13,52","15,99","33,95","15,74","5,42","47,92","4,66","15,34","18,85","23,20","42,92","11,88"
14/04/2025 00:00:00,"12,81","17,73","2,46","8,30",,"7,84","38,57","24,34","11,48","26,93","10,15","11,43","33,73","6,53","32,98","14,70","17,13","4,00","11,89","8,41","5,43","1,95","35,43","9,10","7,25","18,77","8,96","22,48","2,24","13,74","22,26","9,56","5,83","26,72","61,92","12,42","36,66","32,31","10,36","10,96","14,36","11,92","7,23","5,95","33,75","18,58","18,57","11,08","45,84","20,86","8,52","24,90","28,45","3,92","16,61","12,12","20,50","12,57","9,61","11,62","5,41","5,01","23,06",,"10,60","29,89","27,63","4,64","33,82","36,95","20,39","17,58","8,21","26,70","10,84","36,92","24,13","26,61","9,77","19,84","9,44","17,07","21,05","19,29","51,29","29,97","14,12","16,16","35,02","15,84","5,60","48,54","4,64","15,67","19,13","23,49","43,59","12,15"
15/04/2025 00:00:00,"12,79","17,67","2,57","8,17",,"7,83","38,08","24,53","11,57","26,64","10,16","11,44","34,00","6,66","32,90","14,43","17,13","3,99","11,92","8,49","5,31","2,00","35,51","9,12","7,05","18,80","8,65","22,91","2,18","13,89","22,63","9,66","5,80","26,61","63,82","12,33","36,98","32,33","10,31","10,96","14,20","12,01","7,23","5,84","33,15","18,64","18,67","11,52","45,66","20,94","8,64","25,09","28,81","3,95","16,31","11,92","20,15","12,15","9,57","12,13","5,33","4,97","22,94",,"11,18","29,33","27,00","4,97","33,03","37,71","21,69","17,61","8,40","26,95","10,87","37,05","24,11","27,58","9,88","19,84","9,23","16,64","21,17","18,09","50,84","30,01","13,82","16,22","35,39","15,76","5,46","48,05","4,68","15,66","18,99","23,45","43,59","12,39"
16/04/2025 00:00:00,"13,01","17,64","2,54","8,18",,"7,76","37,42","24,73","11,38","26,52","10,19","11,43","33,86","6,95","32,64","14,18","18,02","3,84","11,83","8,44","5,10","1,97","35,43","9,07","7,00","18,66","8,65","22,78","2,17","13,81","22,39","9,68","5,75","26,49","61,61","12,25","36,68","31,57","10,42","11,17","14,29","12,23","7,17","5,89","33,15","18,72","18,64","11,41","44,33","20,91","8,62","25,01","28,76","4,08","16,14","11,77","20,65","11,94","9,48","12,00","5,39","5,12","22,99",,"11,06","29,08","27,00","5,08","33,40","37,69","20,30","17,62","8,35","26,73","11,12","36,44","24,28","26,92","10,03","19,64","9,09","16,63","21,38","17,98","50,76","29,97","14,10","16,23","35,21","15,74","5,58","46,94","4,62","15,81","18,35","23,71","43,61","12,28"
17/04/2025 00:00:00,"13,11","17,86","2,99","8,14",,"7,85","38,44","25,08","11,49","26,31","10,20","11,48","34,11","7,15","33,31","14,33","18,20","3,91","12,18","8,53","5,04","2,08","35,43","9,19","7,17","18,75","8,68","23,14","2,23","13,99","22,65","9,88","5,70","26,42","62,34","12,47","36,99","32,13","10,46","11,11","14,17","12,60","7,26","5,86","32,40","18,82","18,97","11,74","44,70","20,94","8,67","25,02","28,82","4,13","16,23","11,92","20,70","12,13","9,34","12,18","5,60","5,57","23,01",,"11,14","29,84","27,53","5,10","34,56","37,79","19,68","17,97","8,52","26,89","11,28","37,85","24,23","27,01","9,80","19,95","9,63","16,51","22,04","18,83","50,74","30,05","14,87","16,52","35,85","16,18","5,67","47,22","4,78","15,95","18,87","24,33","43,71","13,62"
22/04/2025 00:00:00,"13,13","17,88","2,98","8,26",,"8,01","38,37","25,44","11,72","26,65","10,15","11,43","34,24","7,41","33,52","14,56","18,53","3,92","12,12","8,48","5,12","2,21","35,20","9,35","7,26","18,94","8,85","23,76","2,20","14,05","23,11","10,01","5,80","26,49","60,19","12,59","37,25","32,01","10,58","11,19","14,12","12,35","7,12","5,87","33,15","19,38","19,12","11,94","44,42","20,96","8,86","25,45","29,38","4,28","16,09","11,93","21,14","12,41","9,29","12,39","5,77","6,03","23,15",,"11,15","29,68","27,59","5,08","34,58","38,36","19,17","18,12","8,58","26,73","11,43","36,82","24,44","26,74","9,70","20,13","10,04","16,67","22,19","18,71","50,73","30,33","15,44","16,58","36,16","15,87","5,71","48,06","4,76","15,98","19,01","24,28","43,99","13,52"
23/04/2025 00:00:00,"13,16","18,21","2,98","8,57",,"8,28","38,79","25,68","11,94","26,90","10,44","11,81","34,47","6,77","34,26","14,79","18,41","4,04","12,37","8,61","5,42","2,03","35,34","9,39","7,51","19,35","9,13","23,53","2,33","14,26","22,85","10,11","6,08","26,76","62,31","13,10","37,93","32,63","10,34","11,38","14,28","12,73","7,22","5,93","33,60","19,81","19,43","11,85","44,54","21,23","9,01","25,94","29,99","4,27","16,40","12,02","21,33","12,65","8,74","12,69","5,93","6,01","23,34",,"11,68","29,46","27,28","5,15","33,25","38,81","19,38","18,45","8,67","26,91","11,13","37,95","24,57","27,47","9,80","20,61","10,27","16,48","22,51","18,66","51,32","30,82","15,56","16,83","36,17","16,32","6,07","48,63","4,84","16,19","19,42","24,78","44,02","12,78"
24/04/2025 00:00:00,"13,25","18,73","3,07","8,99",,"8,52","40,09","26,89","12,52","26,57","10,64","12,00","34,84","6,41","34,63","15,11","18,63","4,22","12,86","8,77","5,66","2,14","36,08","9,74","7,81","19,63","9,36","24,00","2,36","14,57","23,81","10,51","6,39","27,29","62,40","13,32","39,18","33,35","10,68","11,74","14,57","13,14","7,39","6,09","36,60","22,24","19,95","12,45","45,87","21,45","9,20","26,51","30,58","4,62","16,93","12,71","21,07","13,09","9,68","12,72","6,42","6,20","23,97",,"12,11","29,25","27,15","5,23","34,51","39,06","19,12","18,97","8,96","27,84","11,25","39,12","25,51","27,72","10,14","21,03","10,64","16,49","23,07","19,83","51,14","31,46","15,91","17,17","36,17","16,72","5,81","49,39","5,20","16,69","20,08","25,17","46,23","13,55"
25/04/2025 00:00:00,"13,20","18,76","2,98","9,10",,"8,87","39,62","27,57","12,64","26,87","10,69","12,02","35,20","6,69","35,10","14,83","18,40","4,12","12,85","9,01","5,51","2,13","36,16","9,46","7,71","19,90","9,39","23,52","2,30","14,72","22,55","10,33","6,35","27,07","62,70","13,27","39,57","33,82","10,08","11,73","14,53","13,29","7,39","6,07","36,15","22,65","19,88","12,32","46,69","21,78","9,21","26,41","30,46","4,59","16,94","12,89","22,85","13,23","9,57","12,85","6,63","6,11","24,30",,"12,18","29,39","27,23","5,31","34,88","39,55","19,12","18,73","9,16","28,29","10,89","40,26","25,33","28,24","9,94","21,12","10,93","16,40","23,04","19,33","50,19","31,33","15,11","17,23","36,71","16,90","5,73","48,09","5,13","16,83","20,70","25,01","47,46","12,99"
28/04/2025 00:00:00,"13,39","18,76","3,02","9,09",,"8,85","39,74","28,08","12,66","27,19","10,66","11,99","35,51","6,39","35,60","14,78","17,87","4,06","12,85","8,92","5,50","2,15","36,59","9,53","7,72","19,89","9,36","23,85","2,28","14,81","23,11","10,48","6,53","27,44","63,23","13,37","39,57","34,03","10,07","11,68","14,74","13,36","7,39","6,12","36,60","21,75","19,83","12,33","44,19","21,89","9,26","26,70","30,79","4,78","17,05","13,32","21,93","12,79","9,44","12,80","6,59","6,06","23,97",,"12,00","29,20","27,13","5,37","33,81","39,93","18,97","18,63","9,16","28,36","10,55","40,49","25,66","28,26","9,98","21,12","10,43","16,37","23,28","19,44","49,77","31,48","15,34","17,18","36,39","16,87","5,75","48,26","4,97","16,69","21,00","25,08","47,87","13,39"
29/04/2025 00:00:00,"13,59","18,80","3,01","8,98",,"8,79","40,06","28,15","12,48","27,34","10,81","12,13","35,02","6,21","35,87","14,70","17,98","4,06","12,54","8,94","5,51","2,24","36,21","9,49","7,73","19,75","9,40","23,14","2,28","14,18","22,46","10,05","6,39","27,40","63,25","13,38","39,65","33,91","9,65","11,68","14,57","13,49","7,49","6,09","35,40","21,98","19,96","12,55","44,11","21,91","9,26","26,88","31,03","4,67","16,95","13,54","21,75","13,00","9,42","12,93","6,57","5,83","24,26",,"12,03","29,28","27,27","5,35","34,66","40,30","18,98","18,52","9,15","28,33","10,55","40,61","25,81","28,09","10,00","21,03","10,64","16,35","23,40","19,70","49,29","31,50","14,77","17,36","36,43","16,73","5,73","48,08","4,94","16,52","21,09","25,27","48,01","13,65"
30/04/2025 00:00:00,"13,65","18,88","3,13","9,07",,"8,93","40,93","28,93","12,73","27,75","10,92","12,33","35,81","5,70","36,55","14,40","17,25","3,91","12,75","9,02","5,48","2,25","35,37","9,63","7,77","20,09","9,30","23,78","2,17","14,48","22,86","10,47","6,09","27,95","64,09","13,51","39,95","34,63","9,49","11,74","14,21","13,38","7,48","5,94","34,80","22,73","20,18","12,73","46,45","22,44","9,32","27,13","31,31","4,68","16,80","13,61","21,48","13,28","8,79","13,09","6,53","5,92","24,53",,"12,26","28,83","26,76","5,48","33,71","41,04","18,93","18,46","8,92","28,83","10,31","40,40","26,83","29,19","9,94","21,54","10,37","16,22","23,33","18,76","49,01","32,07","15,06","17,55","36,81","16,73","5,53","47,20","4,71","16,57","21,65","25,60","42,47","13,64"
02/05/2025 00:00:00,"13,22","19,14","3,21","9,05",,"8,99","41,43","28,88","12,56","27,72","10,75","12,07","35,29","5,80","36,21","14,44","17,87","4,01","12,69","9,06","5,43","2,28","35,24","9,87","8,01","19,63","9,35","24,18","2,21","14,27","22,60","10,41","6,18","27,61","65,27","13,35","39,48","34,43","9,30","11,71","14,16","13,46","7,53","5,88","34,95","21,65","20,54","12,86","46,27","22,81","9,18","27,42","31,22","4,57","17,01","13,86","21,59","12,67","8,80","13,61","6,60","5,88","24,76",,"12,01","29,41","27,49","5,59","36,43","40,78","19,08","18,34","8,78","28,78","10,62","40,53","26,23","28,35","10,19","21,56","10,18","16,41","22,98","18,88","49,57","31,60","14,99","17,35","36,58","16,63","5,52","47,15","4,84","16,59","21,65","25,19","42,26","14,31"
05/05/2025 00:00:00,"13,17","18,91","3,23","9,15",,"8,93","40,23","29,77","12,47","27,93","10,70","11,96","35,11","5,62","35,94","14,36","17,11","3,89","12,26","8,88","5,42","2,48","35,20","9,86","7,75","19,20","9,20","24,60","2,19","14,26","22,58","10,46","6,17","27,58","65,08","13,24","39,23","34,33","9,14","11,64","14,05","13,20","7,48","5,83","33,90","21,47","20,22","12,57","46,45","21,97","9,13","26,91","30,67","4,60","16,84","13,64","20,76","12,87","8,36","13,08","6,57","5,84","24,51",,"12,01","28,58","26,47","5,59","35,47","40,50","19,04","17,99","8,60","28,76","10,18","40,49","26,08","28,35","10,06","21,45","9,92","16,14","23,14","18,07","49,42","31,58","14,97","17,23","36,57","16,20","5,42","47,29","4,65","16,53","22,03","25,37","40,46","14,62"
06/05/2025 00:00:00,"13,31","18,84","3,19","8,91",,"8,80","40,16","29,71","12,42","27,72","10,60","11,91","32,50","5,26","35,83","14,33","18,26","3,87","12,33","8,89","5,49","2,53","35,18","9,89","7,73","19,40","9,34","25,04","2,06","14,02","22,96","10,78","6,09","27,40","65,61","13,25","38,92","34,34","9,36","11,61","14,01","13,14","7,46","5,83","34,05","21,94","20,09","12,59","45,07","21,94","9,11","26,85","30,51","4,58","16,94","13,33","20,45","12,99","8,25","13,01","6,16","5,81","24,47",,"12,02","29,03","26,90","5,36","36,97","40,51","18,56","18,13","8,60","28,41","10,61","39,50","25,85","28,27","9,83","21,70","9,88","16,28","22,40","18,30","49,37","31,41","15,35","18,40","35,85","16,44","5,42","47,33","4,62","16,48","21,59","25,98","40,86","14,67"
07/05/2025 00:00:00,"13,36","18,63","3,14","9,01",,"8,70","39,93","28,62","12,41","28,12","10,51","11,73","32,83","5,39","36,26","14,28","18,19","3,95","12,37","8,96","5,48","2,51","35,25","9,88","7,65","19,42","9,40","24,99","1,99","13,90","23,02","10,61","6,10","27,62","66,48","13,80","38,82","34,36","9,33","11,60","13,85","13,07","7,39","5,77","33,75","21,49","19,95","12,37","46,11","21,16","9,19","27,06","30,85","4,43","17,39","13,38","20,57","12,83","8,06","12,96","6,10","5,76","24,11",,"11,99","29,22","27,03","5,32","35,73","40,70","15,82","17,84","8,42","28,36","10,53","39,58","25,94","29,09","10,51","21,86","9,12","16,27","22,48","18,01","50,15","31,14","15,24","18,66","36,37","15,78","5,46","47,24","4,29","15,84","21,40","26,15","39,91","14,56"
08/05/2025 00:00:00,"13,46","19,14","3,45","9,28",,"9,31","40,44","34,93","13,45","28,21","11,98","13,56","31,97","4,98","38,45","14,30","19,54","4,12","14,02","9,13","5,48","2,65","35,75","10,14","7,99","19,71","9,63","25,60","2,21","13,54","23,97","10,93","6,57","27,36","68,57","14,08","40,23","35,30","9,83","11,91","14,13","13,42","7,45","5,90","36,90","21,49","20,88","12,84","45,95","21,39","9,24","27,33","31,09","4,66","17,92","14,38","20,45","13,29","8,51","13,04","7,12","6,15","24,80",,"12,01","29,72","27,40","5,35","36,66","41,19","15,56","18,28","8,52","30,34","10,82","41,28","27,02","29,16","10,49","21,98","9,98","16,29","22,30","18,55","50,37","31,89","16,00","18,12","37,20","15,20","5,60","47,10","4,36","15,76","21,45","25,71","40,16","14,99"
09/05/2025 00:00:00,"13,37","19,03","4,04","9,60",,"9,23","40,49","34,70","13,71","28,33","11,86","13,60","32,09","4,79","39,14","14,38","19,69","4,38","14,13","9,03","5,22","2,59","35,29","10,42","7,81","19,51","8,68","26,01","2,31","13,58","24,22","10,74","6,15","27,04","66,83","13,72","39,71","35,19","9,83","11,26","14,10","13,58","7,37","5,88","35,25","21,71","20,39","13,01","46,29","21,65","9,63","28,63","32,77","4,56","17,50","15,09","19,85","13,17","7,92","12,83","6,28","5,46","24,46",,"11,92","29,87","27,58","5,37","36,67","43,53","14,79","16,99","8,40","30,28","11,41","38,56","27,25","27,82","10,30","22,12","9,90","15,94","21,24","18,27","49,02","31,76","18,14","18,08","37,50","15,28","5,38","47,28","4,22","16,06","20,66","25,83","39,76","15,41"
12/05/2025 00:00:00,"13,38","18,79","3,91","9,46",,"9,14","39,95","35,86","13,55","27,89","11,74","13,40","31,75","4,89","38,13","14,77","19,89","4,75","14,68","8,93","5,26","2,61","34,82","10,22","7,78","19,54","8,89","25,53","2,26","13,65","23,57","10,55","6,00","26,89","67,23","13,80","39,18","34,84","9,58","11,43","14,48","13,31","7,29","6,00","35,85","21,81","20,09","12,51","44,20","21,38","9,41","28,25","32,11","4,58","17,61","15,32","19,82","12,82","8,28","12,64","6,09","5,31","24,13",,"12,10","30,68","28,24","5,18","38,56","42,29","15,32","16,47","7,96","29,86","11,78","39,03","27,05","28,06","10,38","21,47","9,37","15,91","21,19","18,35","51,14","31,53","17,81","17,73","38,16","15,25","5,44","48,47","4,10","16,00","21,04","25,05","40,59","15,20"
13/05/2025 00:00:00,"13,35","19,31","3,91","9,41",,"9,38","40,35","37,54","14,11","28,45","11,98","13,69","32,06","4,93","38,89","14,91","19,42","4,87","15,31","8,97","5,30","2,58","35,54","10,51","7,97","19,82","9,03","25,92","2,47","13,54","23,21","10,71","6,09","27,48","68,50","14,13","40,64","35,80","9,72","11,65","14,81","13,92","7,47","6,15","39,90","22,07","21,12","12,73","44,16","21,65","9,56","28,58","32,51","4,56","17,84","15,69","20,09","13,59","8,64","13,01","6,49","5,51","24,70",,"12,67","30,86","28,67","5,42","39,27","43,13","15,46","17,26","8,11","31,21","12,42","39,25","27,54","28,85","10,59","21,59","9,84","16,00","21,57","19,33","51,92","31,65","18,68","18,11","39,58","16,09","5,54","49,27","4,31","16,32","21,68","26,11","41,86","13,91"
14/05/2025 00:00:00,"13,33","19,10","3,92","9,30",,"9,52","40,21","38,16","13,82","28,55","11,90","13,67","32,24","4,97","38,75","14,94","19,46","4,94","15,35","8,95","5,23","2,61","35,24","10,59","7,80","19,91","9,29","25,93","2,38","13,94","23,00","10,84","6,03","27,42","68,75","14,14","40,32","35,66","9,52","11,45","14,88","13,67","7,40","6,13","39,90","22,99","20,95","12,91","46,99","21,56","9,59","28,77","32,73","4,37","17,98","15,67","19,80","13,48","8,82","13,06","6,09","5,46","24,46",,"13,11","30,66","28,47","5,54","39,20","45,09","14,48","16,80","8,05","30,92","12,20","37,34","27,63","28,19","10,58","21,58","9,30","15,73","21,34","19,09","51,88","31,62","18,99","18,38","39,76","16,11","5,50","49,02","4,04","16,15","22,58","26,16","41,93","14,27"
15/05/2025 00:00:00,"13,50","19,39","4,21","9,51",,"9,45","38,92","39,35","13,94","28,20","11,98","13,81","32,24","4,96","38,85","15,00","19,15","4,76","15,85","9,23","5,26","2,72","36,87","10,59","7,72","20,90","9,27","25,67","2,22","13,89","23,48","10,98","6,02","27,99","69,02","14,50","40,44","35,48","9,79","11,43","15,02","13,77","7,50","6,18","40,50","23,27","21,38","13,01","45,41","21,91","9,71","29,16","33,17","4,72","18,02","16,22","20,66","15,70","9,15","12,88","6,36","5,49","24,63",,"12,95","30,76","28,44","5,65","39,00","44,40","14,60","17,03","8,29","31,72","12,11","38,32","27,65","29,08","10,64","21,94","9,47","16,05","21,90","19,30","52,67","32,11","19,27","18,35","39,79","16,29","5,55","49,52","4,16","16,70","23,64","25,93","42,02","15,25"
16/05/2025 00:00:00,"13,60","19,34","4,19","9,80",,"9,46","38,97","39,89","13,94","24,62","12,07","13,85","31,64","5,01","38,31","15,08","19,06","4,86","15,95","9,19","5,28","2,75","36,83","10,67","7,57","21,81","9,07","26,01","2,35","13,86","24,20","11,14","6,22","28,01","67,94","14,55","40,25","34,99","10,22","11,34","15,07","13,80","7,57","6,20","42,30","23,48","21,51","12,79","47,05","22,10","9,78","29,36","33,36","4,68","17,97","16,33","25,07","15,94","9,23","13,15","6,54","5,60","24,87",,"13,18","30,72","28,57","5,57","39,43","45,86","14,52","17,34","8,54","32,05","12,18","39,35","27,36","29,09","10,66","22,00","9,57","16,01","22,17","19,56","52,53","32,10","18,91","18,33","40,68","16,33","5,51","49,55","4,35","17,24","23,42","25,62","42,81","14,69"
19/05/2025 00:00:00,"13,53","19,60","4,33","10,04",,"9,52","39,30","40,89","13,99","24,02","12,06","13,98","32,01","5,02","38,85","15,05","18,84","4,72","16,88","9,26","5,23","2,69","37,05","10,66","7,57","21,76","9,08","25,98","2,30","13,81","24,25","11,07","6,37","28,37","69,81","14,72","41,08","35,44","9,66","11,63","15,00","13,84","7,71","6,15","42,30","23,61","21,67","12,89","45,49","22,03","9,88","29,67","33,76","4,72","17,74","16,75","23,46","15,88","9,34","13,25","6,39","5,50","25,09",,"12,95","30,64","28,54","5,67","39,39","45,96","14,12","17,29","8,66","32,75","12,06","39,59","27,77","29,10","10,54","22,06","9,69","15,91","22,69","19,71","52,06","32,31","18,60","18,08","41,18","16,54","5,49","49,42","4,32","17,27","23,81","25,48","42,38","15,06"
20/05/2025 00:00:00,"13,50","19,71","3,96","9,73",,"9,57","38,93","39,85","14,11","24,46","12,26","14,11","32,14","5,05","38,38","15,05","18,49","4,74","16,86","9,38","5,23","2,48","37,87","10,69","7,58","23,06","9,10","25,81","2,30","14,00","24,66","11,16","6,29","28,39","67,97","14,65","41,91","35,78","9,75","11,52","14,92","13,91","7,74","6,13","42,90","23,32","22,05","12,80","46,08","22,06","9,90","29,65","33,72","4,71","17,74","17,04","24,47","15,93","9,06","13,43","6,51","5,40","25,25",,"12,77","30,74","28,65","5,67","39,74","46,56","14,17","17,71","8,59","33,08","12,04","39,21","27,74","30,00","10,55","22,57","9,75","15,93","22,95","20,14","51,89","32,52","20,28","18,37","40,90","16,61","5,45","49,43","4,50","17,24","24,37","25,53","42,36","14,29"
21/05/2025 00:00:00,"13,38","19,30","3,80","9,58",,"9,45","38,47","37,65","13,68","24,23","11,98","13,86","31,90","4,87","37,92","14,83","18,49","4,66","16,04","9,26","5,10","2,44","37,12","10,52","7,68","22,72","8,91","25,04","2,23","13,88","23,28","10,77","5,67","28,20","66,39","14,34","40,61","34,81","9,48","11,27","14,78","13,11","7,41","6,06","42,60","22,35","21,35","12,65","45,59","22,07","9,75","29,15","33,04","4,57","17,61","16,40","24,62","15,19","8,69","13,06","6,12","5,10","24,72",,"12,73","30,48","28,33","5,27","39,75","44,52","13,59","17,11","8,12","32,71","12,19","37,95","27,19","30,15","10,63","22,35","9,16","15,61","21,99","20,15","52,08","32,11","20,09","18,40","40,88","15,56","5,33","48,79","4,20","16,82","23,59","25,34","41,34","14,11"
22/05/2025 00:00:00,"13,32","19,18","3,87","10,10",,"9,39","38,59","37,44","13,53","24,03","12,00","13,90","31,61","4,88","38,00","14,35","18,03","4,68","16,47","9,11","5,10","2,50","37,13","10,48","7,74","22,43","8,80","24,44","2,25","13,65","22,74","10,87","5,58","27,59","66,24","14,05","40,85","34,66","9,50","11,27","14,79","13,18","7,56","6,05","42,60","22,81","21,32","12,81","45,34","21,83","9,63","28,99","32,81","4,58","17,70","16,46","25,08","15,03","8,94","12,98","6,38","5,05","24,64",,"12,82","30,08","27,96","5,44","38,98","45,10","13,79","17,27","8,21","32,68","12,22","38,14","26,97","29,93","10,36","21,94","9,35","15,48","22,08","19,88","52,06","32,10","20,42","17,97","40,90","15,53","5,24","48,43","4,07","16,84","23,61","25,55","41,55","14,42"
23/05/2025 00:00:00,"13,46","19,34","3,88","9,92",,"9,48","38,83","35,16","13,58","23,42","12,10","14,07","31,90","4,99","38,07","14,32","18,09","4,66","16,38","9,38","5,09","2,53","37,60","10,56","8,02","22,75","8,84","25,73","2,24","13,77","23,02","11,37","5,93","27,79","66,33","14,17","41,13","34,80","9,48","11,38","14,77","13,14","7,54","6,07","42,60","23,04","21,24","12,51","45,11","21,98","9,71","29,08","33,21","4,62","17,64","16,39","24,84","15,40","8,49","13,11","6,13","5,07","24,68",,"12,89","30,12","28,02","5,47","38,80","46,19","14,00","17,19","8,25","33,22","11,93","38,17","27,20","30,39","10,36","22,14","9,22","15,91","22,22","20,17","51,83","32,22","21,06","17,98","41,58","15,60","5,33","48,51","3,95","16,90","24,10","25,62","41,56","14,84"
26/05/2025 00:00:00,"13,47","19,44","3,83","10,51",,"9,63","38,86","35,96","13,52","23,66","12,17","14,14","31,78","4,86","38,32","14,16","18,24","4,69","16,53","9,45","5,13","2,49","37,73","10,64","8,05","23,34","8,81","25,36","2,25","13,65","23,19","11,46","6,00","28,08","66,21","14,09","41,33","34,98","9,46","11,44","14,95","13,26","7,68","6,13","42,45","23,73","21,29","12,56","46,58","22,00","9,75","29,28","33,28","4,64","17,82","16,52","25,11","15,31","8,53","13,20","6,33","5,15","24,86",,"13,01","30,13","27,93","5,55","39,05","46,24","13,89","17,66","8,32","33,38","12,11","38,41","27,44","30,64","10,30","22,41","9,18","15,91","22,50","20,08","51,64","32,50","21,07","18,14","41,97","15,75","5,35","48,23","3,95","17,26","25,05","25,85","41,60","14,43"
27/05/2025 00:00:00,"13,42","19,72","3,99","11,31",,"9,82","39,38","38,16","13,57","23,57","12,34","14,43","32,09","4,87","39,37","14,08","18,82","4,76","16,89","9,60","4,83","2,52","38,19","10,79","8,15","23,62","9,00","25,84","2,40","14,00","23,72","11,64","6,35","28,74","67,59","14,29","42,52","35,59","9,71","11,53","15,37","13,46","7,90","6,30","43,80","24,18","21,84","13,19","46,37","22,29","9,84","29,47","33,54","4,75","17,82","16,72","24,69","16,48","8,81","13,54","6,74","5,36","25,58",,"13,14","30,42","28,14","5,83","39,41","46,72","14,31","18,18","8,59","33,54","12,30","40,11","27,48","31,24","10,44","22,50","9,94","16,15","23,44","20,29","50,22","33,11","21,62","18,22","42,66","15,84","5,57","48,08","4,34","17,78","25,66","26,00","42,42","15,04"
28/05/2025 00:00:00,"13,32","19,86","3,95","11,34",,"9,85","38,78","38,03","13,49","23,10","12,56","14,53","31,95","5,04","39,60","14,07","19,62","4,76","17,28","9,47","4,76","2,52","37,93","10,59","8,23","23,05","8,67","25,50","2,42","13,80","23,53","11,67","6,29","28,85","66,11","14,35","41,78","35,30","9,73","11,62","15,20","13,60","7,91","6,20","43,65","23,79","21,88","13,25","47,54","22,12","9,73","29,16","33,27","4,79","17,57","16,92","25,31","16,63","9,01","13,60","6,60","5,30","25,64",,"13,25","30,04","28,05","5,66","39,20","47,20","14,26","18,05","8,63","33,74","12,72","40,74","27,17","31,06","10,58","22,18","10,33","16,26","23,19","20,20","49,97","32,29","21,35","18,27","42,41","15,57","5,31","47,69","4,50","18,00","24,95","26,17","42,49","14,83"
29/05/2025 00:00:00,"13,29","19,96","3,98","11,11",,"9,90","39,14","38,68","13,31","22,73","12,43","14,46","31,75","4,84","38,95","14,20","19,32","4,69","17,01","9,57","4,77","2,52","38,17","10,82","8,40","23,26","8,58","25,20","2,37","13,54","22,99","11,62","6,29","28,76","65,64","14,25","42,09","35,53","9,48","11,66","15,05","13,49","7,77","6,23","42,75","23,94","22,32","13,38","46,89","22,03","9,66","29,09","33,00","4,90","17,55","16,73","25,85","17,04","8,57","13,31","6,51","5,29","25,89",,"13,25","30,00","27,88","5,69","40,00","48,05","14,16","18,25","8,61","33,71","12,49","40,85","27,09","31,31","10,39","22,51","10,41","16,27","22,84","20,41","49,50","32,18","21,25","18,20","41,88","15,74","5,23","47,73","4,55","18,23","25,19","25,99","41,88","14,65"
30/05/2025 00:00:00,"13,26","19,83","4,17","11,07",,"9,88","39,08","40,12","13,16","22,47","12,50","14,57","31,40","4,86","37,93","13,88","18,79","4,68","17,12","9,51","4,70","2,59","37,50","10,76","8,23","22,37","8,25","24,74","2,37","13,61","23,02","11,71","6,21","28,21","64,71","13,97","41,31","35,09","9,60","11,61","14,58","13,29","7,76","5,96","42,90","23,94","22,25","13,22","47,74","21,89","9,65","29,14","32,95","4,91","16,80","16,91","25,41","17,20","8,70","13,12","6,44","5,29","25,62",,"12,98","29,61","27,57","5,71","38,95","48,58","14,17","17,91","9,07","34,02","12,36","40,40","27,02","31,12","10,44","22,20","10,45","15,92","22,91","20,35","48,59","32,08","21,53","18,16","41,30","15,28","5,20","46,52","4,76","17,78","25,45","26,55","40,29","15,13"
02/06/2025 00:00:00,"13,14","19,72","4,17","11,22",,"9,86","38,70","41,16","12,94","22,33","12,54","14,61","30,97","4,95","38,12","13,92","18,55","4,50","16,67","9,34","4,57","2,60","37,82","10,61","8,05","22,26","8,24","24,97","2,47","13,32","23,12","11,77","6,41","27,84","64,62","13,89","41,01","35,02","9,52","11,59","15,31","13,22","7,67","6,27","42,15","23,87","22,14","12,90","47,90","21,59","9,61","28,97","32,72","4,91","16,73","17,09","25,38","18,02","9,00","13,04","6,31","5,37","25,40",,"13,09","29,70","27,73","5,82","39,74","48,87","13,71","18,25","9,06","33,71","12,20","40,73","26,82","30,89","10,34","21,86","10,33","15,83","23,14","19,37","48,52","31,61","21,86","18,18","41,11","15,08","5,18","46,94","4,66","17,74","25,56","26,83","39,81","15,32"
03/06/2025 00:00:00,"13,24","19,88","4,36","11,70",,"10,01","38,84","40,77","13,38","22,45","12,70","14,86","30,68","4,87","38,89","13,92","19,26","4,59","17,09","9,36","4,60","2,63","38,10","10,69","8,54","22,44","8,38","25,47","2,59","13,18","23,72","11,98","6,61","28,38","64,04","14,10","41,72","35,47","9,88","11,79","15,52","13,73","7,79","6,37","43,05","24,20","22,35","13,32","48,19","21,77","9,59","28,74","32,61","4,92","16,97","17,52","25,26","17,95","9,67","13,12","6,30","5,54","25,54",,"13,28","29,89","27,74","5,98","40,95","48,95","13,52","18,64","9,28","32,68","12,65","40,55","27,02","31,50","10,44","21,96","11,02","15,97","23,70","20,34","49,33","32,01","21,99","18,48","40,61","15,53","5,28","46,91","4,68","18,02","26,32","27,03","39,67","16,10"
04/06/2025 00:00:00,"13,30","19,78","4,36","11,35",,"10,08","38,67","39,71","13,16","21,84","12,70","14,81","30,14","4,53","38,76","14,01","19,49","4,58","17,07","9,24","4,58","2,75","37,85","10,64","8,31","22,05","8,33","25,68","2,61","13,15","23,45","12,03","6,56","28,18","66,64","14,23","41,65","35,26","10,02","11,80","15,43","13,52","7,78","6,35","43,05","24,79","22,36","13,26","48,20","21,86","9,56","28,66","32,53","4,87","16,99","17,15","25,26","18,13","9,47","13,17","6,27","5,92","25,28",,"13,21","29,02","26,98","5,91","40,90","48,85","13,84","18,70","9,20","32,96","12,40","41,09","26,38","31,10","10,44","21,67","10,33","15,92","23,79","19,24","48,70","31,46","22,56","19,04","40,81","15,29","5,22","47,12","4,71","18,06","25,67","27,33","41,06","16,80"
05/06/2025 00:00:00,"13,11","19,59","3,97","11,40",,"9,90","38,55","39,60","12,81","21,73","12,35","14,38","30,39","4,75","38,56","14,00","19,21","4,32","16,79","9,10","4,59","2,65","37,52","10,58","8,04","22,37","8,27","25,73","2,56","13,18","23,51","12,10","6,47","28,13","65,91","13,92","41,18","35,18","9,91","11,75","15,96","13,50","7,63","6,55","40,50","24,88","22,18","12,73","49,26","21,68","9,46","28,25","32,14","4,86","17,10","17,15","24,79","18,68","9,49","13,14","6,21","5,90","25,02",,"13,29","28,86","26,99","5,76","41,05","49,08","14,27","18,33","8,98","32,63","12,32","41,57","26,30","31,41","10,47","21,76","10,28","16,01","23,76","19,11","51,77","31,19","23,05","18,68","39,88","15,10","5,17","47,25","4,58","17,85","24,71","26,76","40,47","16,68"
06/06/2025 00:00:00,"13,30","19,49","3,88","11,06",,"9,90","38,47","38,88","12,81","21,21","12,34","14,37","30,51","4,73","38,37","14,12","19,53","4,35","16,42","9,19","4,57","2,54","37,53","10,62","8,06","22,76","8,23","25,56","2,54","13,33","23,24","11,72","6,44","27,90","63,75","13,85","40,90","34,77","9,77","11,81","15,95","13,36","7,60","6,58","39,91","24,49","21,87","12,60","49,32","21,64","9,44","28,41","32,22","4,81","16,91","16,35","24,53","19,15","8,96","12,99","6,11","5,92","25,03",,"13,30","29,21","27,27","5,77","42,51","48,99","14,45","18,16","8,99","32,27","12,39","41,19","26,11","31,39","10,43","21,74","9,98","15,94","23,20","19,19","52,28","31,16","22,96","18,78","40,10","15,19","5,18","47,31","4,34","17,74","24,11","26,66","40,50","16,30"
09/06/2025 00:00:00,"13,19","19,29","4,04","10,97",,"9,89","38,20","38,34","12,42","21,23","12,26","14,26","30,37","4,78","38,17","14,12","19,03","4,57","16,55","9,15","4,57","2,59","37,35","10,54","8,01","22,21","8,30","26,05","2,58","13,28","22,90","11,77","6,44","27,74","66,70","13,68","40,44","34,36","9,76","11,72","16,97","13,33","7,51","6,92","39,89","24,44","21,74","12,84","48,60","21,52","9,41","28,11","32,05","4,75","17,16","16,66","25,16","19,23","8,94","12,94","6,26","6,03","24,58",,"13,15","28,90","26,81","5,79","42,15","48,69","14,03","17,94","8,94","32,25","12,24","41,06","26,13","31,13","10,21","21,40","10,02","15,51","23,14","19,23","52,43","30,87","23,38","18,59","40,02","15,46","5,25","47,59","4,23","18,08","23,99","26,73","40,76","16,50"
10/06/2025 00:00:00,"13,04","19,44","4,06","10,86",,"9,98","38,41","38,94","12,40","21,05","12,28","14,26","29,72","4,92","38,09","14,17","19,66","4,57","17,30","9,08","4,67","2,64","37,32","10,66","8,26","22,30","8,64","26,36","2,61","13,00","23,31","11,79","6,72","27,90","65,08","13,73","40,53","34,92","9,85","11,58","16,87","13,30","7,62","6,91","40,63","25,06","21,76","13,00","48,83","21,62","9,34","28,16","32,00","4,81","17,04","17,05","25,49","19,67","8,96","13,04","6,66","6,04","24,86",,"13,18","29,96","27,62","5,84","42,57","48,78","14,08","18,23","8,88","32,56","12,67","41,37","26,20","31,55","10,37","21,76","10,49","15,70","23,48","19,25","52,15","30,99","22,89","18,86","40,07","15,55","5,17","47,91","4,48","18,07","24,44","26,86","40,24","16,51"
11/06/2025 00:00:00,"13,14","19,29","4,16","11,07",,"9,83","38,36","37,93","12,49","20,91","12,61","14,70","29,41","4,89","38,54","14,10","20,26","4,46","17,20","9,10","4,63","2,58","37,29","10,60","8,25","22,72","8,48","25,90","2,53","13,10","22,81","11,85","6,67","27,66","65,25","13,66","40,31","34,91","9,76","11,54","16,25","13,17","7,68","6,64","39,53","25,30","21,71","13,18","47,20","21,62","9,43","28,39","32,29","4,87","16,69","17,20","25,58","19,57","9,00","13,12","6,89","6,19","24,71",,"13,09","30,84","28,54","5,83","43,31","48,94","13,68","18,30","8,78","31,80","13,01","41,38","27,42","32,07","10,37","21,83","10,88","15,73","23,33","19,42","51,85","30,84","22,15","19,52","40,01","15,93","5,17","47,49","4,53","18,52","24,06","27,51","40,23","16,52"
12/06/2025 00:00:00,"13,04","19,35","4,01","11,05",,"9,92","38,57","38,63","12,25","20,93","12,79","14,84","29,54","4,90","39,53","14,12","20,35","4,54","16,71","9,23","4,68","2,51","37,40","10,67","8,24","23,50","8,29","25,73","2,52","13,16","22,87","11,74","6,67","27,73","68,04","13,69","40,54","35,03","9,71","11,68","16,17","13,21","7,73","6,60","39,52","25,94","21,83","13,29","47,21","21,61","9,45","28,53","32,54","4,87","16,85","17,17","25,28","19,03","9,08","13,04","7,39","5,90","24,94",,"12,91","31,69","29,19","5,99","43,22","49,82","13,95","18,12","8,91","31,74","12,94","41,81","27,18","32,93","10,34","21,91","11,20","15,50","23,58","19,40","51,82","30,81","21,99","19,49","40,42","16,05","5,07","47,18","4,56","18,60","24,14","27,56","40,20","16,01"
13/06/2025 00:00:00,"12,89","19,17","3,95","10,77",,"10,02","38,46","37,37","12,31","21,10","12,63","14,67","29,73","4,69","38,85","13,88","20,65","4,29","15,99","9,27","4,53","2,44","37,51","10,67","8,12","24,85","7,94","25,11","2,31","13,18","22,50","11,36","6,62","27,80","65,65","13,57","40,37","34,91","9,57","11,77","16,02","13,15","7,56","6,55","38,49","26,20","21,49","13,37","45,69","21,63","9,35","28,46","32,15","4,80","16,87","17,10","25,18","18,90","8,43","13,01","7,15","5,76","24,49",,"12,93","32,36","29,90","5,97","43,98","49,44","13,24","18,21","8,65","31,60","13,29","41,40","27,08","33,83","10,30","21,77","10,82","15,58","23,07","19,41","52,96","30,80","21,54","19,16","40,15","15,94","4,77","46,55","4,44","18,57","23,86","27,59","40,33","15,78"
16/06/2025 00:00:00,"12,93","19,33","4,19","11,18",,"10,21","38,91","37,94","12,71","21,48","12,87","14,98","29,99","4,75","39,71","14,21","20,55","4,49","16,45","9,37","4,68","2,55","37,75","10,89","8,44","25,25","8,42","25,47","2,36","13,29","23,15","11,80","7,12","27,93","69,16","13,83","41,12","35,41","9,61","11,97","16,10","13,73","7,70","6,60","39,16","26,77","21,81","13,36","46,30","21,92","9,48","28,82","32,74","4,94","16,99","17,53","25,00","19,00","9,00","13,25","7,51","5,91","24,73",,"12,98","32,31","29,61","6,05","43,18","50,10","13,42","18,54","9,11","31,98","13,24","42,31","27,34","34,30","10,66","21,87","11,20","15,91","23,39","19,34","53,09","31,25","21,82","19,57","40,57","16,05","4,93","48,07","4,67","18,91","24,57","27,96","40,47","16,14"
17/06/2025 00:00:00,"12,73","19,51","4,16","10,95",,"10,07","38,59","36,96","12,77","21,40","12,98","15,21","29,74","4,61","40,01","13,79","20,47","4,29","16,61","9,44","4,63","2,59","37,98","10,93","8,12","25,58","8,20","25,75","2,33","13,11","23,38","12,02","7,00","27,78","69,27","13,82","41,03","35,14","9,53","11,99","15,85","13,62","7,77","6,55","39,38","26,20","21,83","13,62","46,24","21,95","9,52","28,97","32,93","4,96","16,51","17,37","24,40","18,20","8,80","13,33","7,67","5,97","25,00",,"13,08","33,26","30,28","5,99","44,03","50,30","13,46","18,37","9,12","32,14","13,40","41,94","27,40","34,36","10,93","22,09","11,55","15,77","23,13","18,92","51,52","31,27","21,91","19,69","40,86","16,17","4,59","45,91","4,79","18,95","24,60","27,87","39,40","16,37"
18/06/2025 00:00:00,"12,75","19,45","4,17","10,89",,"10,06","37,76","37,55","13,01","21,31","12,94","15,09","29,74","4,75","40,09","13,63","20,31","4,27","16,73","9,52","4,63","2,51","37,47","10,80","8,00","25,76","8,15","25,39","2,31","13,05","23,55","12,23","7,17","27,89","72,04","13,87","40,99","35,06","9,65","12,18","15,80","13,58","7,73","6,54","39,49","26,10","21,79","13,99","46,28","21,80","9,50","28,69","32,74","4,86","16,55","17,43","24,36","17,79","8,82","13,35","7,93","5,90","25,10",,"13,02","33,07","30,25","6,01","43,70","50,05","13,66","18,35","8,97","31,94","13,31","42,20","27,33","34,52","11,03","21,93","11,77","15,53","23,19","18,70","51,68","31,05","21,40","19,75","41,49","16,27","4,54","45,76","4,63","19,06","25,09","27,64","39,82","16,11"
20/06/2025 00:00:00,"12,78","19,15","3,98","10,64",,"9,80","37,30","36,57","12,85","20,86","12,80","14,97","29,46","4,70","40,11","13,40","20,20","4,18","16,22","9,43","4,62","2,46","37,31","10,76","7,28","25,78","7,87","25,16","2,29","12,82","23,29","12,13","6,90","27,52","71,67","13,75","40,74","34,46","9,39","11,80","15,30","13,33","7,51","6,35","37,42","25,89","21,52","14,09","45,95","21,54","9,44","28,69","32,57","4,83","16,14","17,29","23,32","17,72","8,35","13,15","7,66","5,86","24,64",,"13,13","33,22","30,17","5,96","43,56","49,92","13,36","17,85","8,80","31,51","13,49","40,68","26,78","34,82","11,02","21,87","10,77","15,55","22,88","18,75","50,76","31,32","22,08","20,05","40,01","16,03","4,40","44,58","4,29","18,89","24,94","28,05","39,61","15,79"
23/06/2025 00:00:00,"12,81","19,30","4,02","10,67",,"9,89","37,38","35,10","12,65","20,61","12,71","14,85","29,73","4,64","39,85","13,47","19,73","4,21","16,35","9,41","4,57","2,44","37,33","10,73","6,94","25,94","7,74","24,69","2,29","12,82","23,40","11,98","6,81","28,45","72,17","13,83","40,25","34,14","9,47","11,99","15,38","13,20","7,51","6,38","36,75","26,18","21,55","14,27","44,19","21,75","9,36","28,49","32,50","4,81","16,20","17,70","24,36","17,63","8,41","13,07","7,47","5,83","24,87",,"13,05","32,29","29,42","6,02","43,25","49,84","13,84","17,36","8,69","31,42","13,17","39,88","26,46","34,79","11,02","21,57","10,47","15,59","22,80","18,31","50,65","31,06","21,86","19,82","40,83","15,91","4,35","45,14","4,11","18,97","24,57","28,21","39,67","15,52"
24/06/2025 00:00:00,"12,77","19,96","4,09","10,84",,"10,17","37,48","36,68","12,83","20,95","12,77","14,89","29,64","4,57","40,72","13,49","18,37","4,28","16,78","9,36","4,56","2,46","37,48","10,84","7,11","25,29","7,63","25,13","2,40","12,83","23,77","12,23","7,02","29,92","72,32","14,06","40,92","34,53","9,62","11,90","15,38","13,56","7,71","6,37","37,86","26,39","22,34","14,43","43,26","21,63","9,56","29,00","33,11","4,85","16,24","17,97","23,77","18,46","8,59","13,36","8,16","5,95","25,83",,"13,16","31,61","28,84","6,01","41,56","50,37","14,32","17,72","8,71","32,04","12,56","40,92","26,94","34,67","11,01","21,73","11,22","15,15","23,37","17,86","50,75","31,10","22,21","19,76","41,16","16,32","4,20","45,13","4,40","19,21","24,80","28,35","39,51","15,66"
25/06/2025 00:00:00,"12,43","19,88","4,09","10,76",,"9,94","37,02","35,00","12,91","20,77","12,71","14,77","29,34","4,64","40,43","13,43","17,49","4,33","17,54","9,23","4,46","2,46","36,98","10,68","6,87","26,10","7,25","25,61","2,34","12,89","23,19","12,22","6,91","29,37","72,21","13,80","40,00","33,75","9,49","11,64","15,16","13,44","7,64","6,25","35,77","25,78","22,31","14,12","43,11","21,42","9,43","28,66","32,52","4,79","16,14","17,69","22,76","18,19","8,61","13,12","8,07","5,79","25,32",,"13,07","31,43","28,69","6,02","41,03","50,29","14,79","17,63","8,59","31,34","12,24","40,58","26,57","34,94","10,88","21,50","11,02","15,00","23,14","17,19","50,39","31,25","22,54","19,41","40,59","15,90","4,02","45,08","4,56","19,12","24,35","27,70","39,88","15,59"
26/06/2025 00:00:00,"12,59","20,23","4,06","10,86",,"9,92","37,13","37,09","13,38","21,10","12,81","14,90","29,46","4,69","40,44","13,74","17,73","4,70","18,29","9,47","4,55","2,43","37,42","10,72","6,91","26,43","7,42","25,43","2,37","13,06","23,83","12,21","6,89","29,68","73,13","13,58","40,68","34,03","9,58","11,61","15,35","13,70","7,78","6,36","36,59","25,80","22,77","14,75","43,88","21,47","9,43","28,55","32,28","4,82","16,41","18,19","22,91","17,96","8,89","13,24","6,95","6,00","25,87","36,86","13,36","31,66","28,92","6,11","41,85","50,88","14,54","17,75","8,65","32,04","12,41","37,62","26,63","35,70","11,21","21,78","10,31","15,10","23,74","17,02","50,51","31,24","22,29","20,19","41,10","15,76","4,14","46,44","4,23","18,69","25,38","28,29","41,07","15,77"
27/06/2025 00:00:00,"12,43","20,22","4,07","10,89",,"9,98","36,97","37,32","13,40","21,23","12,79","14,92","29,49","4,65","39,99","13,88","17,10","4,82","19,15","9,37","4,54","2,44","37,36","10,55","6,74","26,08","7,50","25,21","2,35","12,98","23,62","12,22","6,79","30,94","73,76","13,51","40,45","33,84","9,69","11,51","15,20","13,44","7,74","6,29","36,27","25,57","22,60","14,39","43,00","21,32","9,40","28,48","32,24","4,82","16,41","18,22","22,50","18,23","8,77","13,15","6,59","5,92","25,77","36,86","13,38","31,27","28,69","6,21","41,87","51,00","14,30","17,84","8,62","31,60","12,24","38,13","26,49","35,82","11,06","21,76","9,86","15,10","23,24","16,99","50,06","31,19","22,80","19,88","40,77","15,82","4,15","47,21","3,95","18,69","25,64","28,22","40,38","15,45"
30/06/2025 00:00:00,"12,59","20,37","4,16","11,11",,"10,17","37,52","39,07","13,83","21,58","12,99","15,16","29,97","4,73","40,52","13,96","17,29","4,79","18,88","9,66","4,61","2,45","37,85","10,76","6,86","26,62","7,44","25,48","2,40","13,26","24,10","12,33","6,90","31,20","76,10","13,65","42,02","34,49","10,02","11,77","15,29","14,00","8,01","6,37","36,85","25,90","22,78","14,35","43,93","21,68","9,62","29,13","32,84","4,90","16,92","18,33","22,90","19,20","9,29","13,42","6,50","6,37","26,17","36,86","13,47","31,54","28,85","6,27","42,40","51,96","14,43","18,40","8,91","32,07","12,24","38,59","26,98","36,18","11,17","22,53","9,96","15,06","23,77","16,90","50,12","31,67","22,75","20,55","41,45","16,46","4,12","47,02","4,00","19,09","26,47","28,67","40,79","15,74"
01/07/2025 00:00:00,"12,64","20,51","4,19","10,76",,"10,07","37,65","37,35","13,76","21,41","13,09","15,29","30,50","4,83","41,12","14,13","17,34","4,80","19,41","9,82","4,60","2,49","37,68","10,71","7,07","26,56","7,51","25,99","2,44","13,36","24,50","12,47","7,05","31,61","79,46","13,70","41,91","34,65","9,99","11,75","15,29","14,09","8,06","6,37","36,40","26,39","22,81","14,23","44,54","21,61","9,66","29,16","32,99","5,00","16,93","18,30","22,60","19,56","9,16","13,46","6,44","6,41","26,13","36,86","13,48","31,67","28,95","6,27","41,80","51,56","14,49","18,55","8,75","32,07","12,56","38,69","27,52","36,72","11,12","22,80","9,92","15,02","23,53","16,60","49,76","31,80","23,03","20,61","41,71","16,70","4,10","47,65","3,93","19,23","26,50","29,01","40,52","15,86"
02/07/2025 00:00:00,"12,90","20,08","4,09","9,95",,"9,70","37,34","35,96","13,71","21,49","12,90","15,01","30,35","4,82","39,84","14,66","17,50","4,85","18,82","9,69","4,69","2,49","37,31","10,40","6,93","26,84","7,97","24,74","2,39","13,31","23,78","12,05","6,72","32,10","78,68","13,56","40,83","33,94","9,97","11,80","15,77","14,02","7,75","6,58","34,53","26,15","22,13","13,25","43,91","21,43","9,55","28,98","32,73","4,83","17,42","17,70","22,13","19,20","8,56","13,23","6,17","6,25","25,67","10,19","13,10","32,33","29,46","6,28","42,16","51,40","14,43","17,99","8,62","31,50","12,51","36,46","26,70","36,34","11,17","21,79","9,53","15,18","22,11","16,66","50,61","31,28","21,98","20,46","41,04","16,46","4,32","49,38","3,78","18,89","26,04","29,24","40,46","15,49"
03/07/2025 00:00:00,"12,74","20,31","4,34","10,11",,"9,89","38,03","37,31","13,87","21,79","13,17","15,37","30,55","4,93","40,57","14,65","17,82","4,90","19,83","9,88","4,83","2,55","38,11","10,63","7,07","27,37","8,23","25,38","2,49","13,27","23,94","12,33","6,72","33,55","82,16","13,80","42,03","34,58","9,95","11,62","16,05","14,35","7,88","6,68","34,95","26,19","22,49","13,76","44,90","21,73","9,76","29,69","33,54","4,87","17,92","18,16","21,94","19,52","8,67","13,34","6,49","6,16","25,92","10,35","13,36","32,48","29,56","6,38","42,58","53,29","14,52","18,51","8,71","31,87","12,57","37,38","26,73","37,30","11,04","22,20","9,75","15,21","22,34","17,22","50,95","31,79","22,45","21,06","42,03","16,71","4,41","49,15","3,85","19,39","26,58","29,83","40,72","15,79"
04/07/2025 00:00:00,"12,78","20,49","4,32","10,16",,"9,80","38,15","37,34","13,96","21,92","13,16","15,30","30,57","4,99","40,71","14,67","17,88","4,87","18,95","10,00","4,87","2,54","37,96","10,66","7,14","27,26","8,21","25,86","2,49","13,45","23,98","12,41","6,79","31,81","82,50","13,90","41,98","34,59","10,10","11,77","16,04","14,54","7,92","6,68","35,61","26,38","22,47","13,60","45,25","21,80","9,76","29,75","33,55","4,90","17,84","18,21","22,23","20,15","8,73","13,42","6,34","6,29","26,13","10,51","13,40","32,52","29,53","6,42","42,58","53,34","14,67","18,45","8,77","31,63","12,55","37,31","26,64","37,10","11,18","22,29","9,45","15,26","22,35","17,17","50,84","31,76","22,64","20,93","42,33","16,88","4,47","49,29","3,80","19,91","26,67","30,07","41,00","15,59"
07/07/2025 00:00:00,"12,66","20,05","4,26","10,20",,"9,57","37,34","36,60","13,90","21,55","13,01","15,15","30,21","5,05","40,27","14,52","17,59","4,82","19,42","9,91","4,79","2,50","37,53","10,56","6,90","27,07","8,12","25,49","2,49","13,23","23,66","12,21","6,64","29,80","80,76","13,62","41,39","33,87","9,83","11,75","16,10","14,50","7,86","6,73","34,86","26,48","22,38","13,48","44,43","21,63","9,62","29,42","33,11","4,82","17,31","18,15","23,14","20,08","8,60","13,32","6,25","6,14","25,88","10,41","13,20","32,30","29,47","6,49","41,76","52,01","14,15","18,17","8,79","31,00","12,37","36,84","26,29","36,68","11,03","21,88","9,41","15,40","22,21","16,71","49,92","31,49","22,46","20,82","40,22","16,66","4,39","48,57","3,87","19,43","26,33","29,80","40,36","15,21"
08/07/2025 00:00:00,"12,64","20,03","4,16","10,34",,"9,59","37,07","35,16","13,84","21,50","12,98","15,19","29,96","5,46","39,32","14,54","18,16","4,92","19,04","9,84","4,76","2,48","36,93","10,51","6,89","26,26","8,14","26,04","2,44","13,17","23,67","12,34","6,56","29,62","80,19","13,51","41,18","33,79","9,84","11,68","16,13","14,49","7,96","6,73","34,32","26,26","22,61","13,40","44,44","21,59","9,59","29,33","33,03","4,85","17,10","18,17","23,68","20,51","8,40","13,23","6,08","6,11","25,95","10,42","13,16","33,11","29,89","6,45","43,08","51,15","13,62","18,01","8,66","31,48","12,58","36,45","26,40","36,05","10,76","21,63","9,20","15,49","21,97","16,93","49,84","31,37","22,74","20,35","40,98","16,62","4,38","48,74","3,73","19,35","25,91","29,29","38,72","14,85"
09/07/2025 00:00:00,"12,58","19,69","4,12","10,23",,"9,45","36,97","33,62","13,74","20,96","12,84","15,01","29,49","5,29","39,48","14,37","17,94","4,78","18,52","9,51","4,66","2,41","35,79","10,40","6,61","25,60","7,93","26,10","2,33","13,06","23,78","12,22","6,46","29,13","77,28","13,40","40,56","33,28","9,76","11,61","16,05","14,33","7,79","6,71","33,63","25,84","22,21","13,12","43,84","21,36","9,40","28,68","32,34","4,80","16,98","18,26","22,56","20,07","8,07","13,08","6,00","6,00","25,61","10,17","13,10","32,63","29,71","6,38","42,57","49,78","13,24","17,34","8,55","30,82","11,91","35,55","25,99","35,86","10,67","21,47","9,08","15,17","21,87","16,64","48,93","31,04","22,37","20,06","41,35","16,55","4,24","48,26","3,82","19,20","25,71","29,40","38,24","14,44"
10/07/2025 00:00:00,"12,50","19,59","4,00","10,07",,"9,34","36,71","33,16","13,37","20,72","12,68","14,81","29,55","5,22","39,13","14,72","17,64","4,79","17,86","9,65","4,80","2,41","35,38","10,29","6,41","25,56","8,33","25,60","2,30","13,16","23,41","12,09","6,44","29,06","74,43","13,27","40,11","33,03","9,55","11,48","16,13","14,23","7,85","6,75","33,11","25,80","22,05","12,92","43,28","21,34","9,26","28,00","31,35","4,80","17,18","18,04","24,00","19,65","7,87","12,85","6,40","5,91","25,25","10,10","12,89","32,69","29,64","6,36","41,80","49,95","13,37","17,06","8,38","30,62","11,94","36,42","25,41","35,53","10,85","21,19","9,14","15,30","21,75","16,44","48,79","30,97","21,82","20,06","40,85","16,43","4,32","49,36","3,83","19,47","25,66","29,70","38,04","14,31"
11/07/2025 00:00:00,"12,60","19,40","3,73","9,85",,"9,11","36,61","32,42","13,03","20,66","12,63","14,73","29,49","5,19","39,16","14,82","17,68","4,88","16,95","9,66","4,79","2,31","35,25","10,25","6,38","25,97","8,25","25,68","2,34","13,00","23,60","11,96","6,36","28,57","73,42","13,24","39,79","32,94","9,55","11,41","15,95","13,92","7,79","6,65","32,32","25,73","21,65","12,84","43,08","21,33","9,20","27,91","31,09","4,82","17,02","17,60","23,00","19,33","7,59","12,59","5,81","6,09","24,91","9,79","12,81","32,82","29,99","6,31","42,72","49,28","13,20","17,00","8,14","30,15","12,36","34,91","25,22","36,38","11,05","21,11","8,71","15,34","21,65","16,47","48,84","30,83","21,31","19,72","40,35","16,04","4,29","50,01","3,74","19,16","24,98","29,79","37,90","13,25"
14/07/2025 00:00:00,"12,56","19,40","3,61","9,77",,"9,12","36,06","31,98","12,91","20,21","12,62","14,78","29,56","5,07","38,94","14,63","18,04","4,63","16,60","9,53","4,75","2,34","34,86","10,16","6,28","25,20","8,20","25,35","2,29","13,07","23,53","11,97","6,33","29,20","72,77","13,16","39,52","32,75","9,56","11,62","15,91","13,72","7,59","6,65","33,30","25,61","21,46","13,01","42,63","21,27","9,15","27,68","31,04","4,72","17,43","17,10","23,00","18,73","7,50","12,54","5,85","6,27","24,88","9,86","12,72","32,46","29,60","6,35","42,90","49,71","13,07","17,27","8,08","30,28","12,25","34,72","24,70","35,39","10,81","21,07","8,73","15,29","21,57","16,49","48,89","30,72","21,05","19,41","40,72","15,61","4,22","49,44","3,79","19,04","24,89","28,88","37,69","13,22"
15/07/2025 00:00:00,"12,54","19,63","3,75","10,05",,"9,14","36,59","32,89","13,03","20,42","12,63","14,78","29,25","5,13","38,59","14,28","18,16","4,64","16,84","9,50","4,72","2,37","34,99","10,28","6,38","24,88","8,08","25,90","2,44","13,05","24,34","12,32","6,51","28,67","73,18","13,47","39,83","33,06","9,76","11,54","15,74","13,64","7,64","6,57","33,58","25,91","21,61","13,51","43,03","21,22","9,16","27,75","31,14","4,83","17,51","17,45","23,60","19,36","7,60","12,88","5,93","6,09","24,92","10,02","12,65","32,09","29,37","6,57","42,12","49,50","12,81","17,33","8,08","30,49","12,04","35,15","25,26","35,75","10,92","21,12","8,84","15,36","21,89","17,10","49,42","30,56","22,01","19,37","41,67","15,64","4,20","48,14","3,84","19,15","24,99","29,03","37,83","13,58"
16/07/2025 00:00:00,"12,93","19,75","3,78","10,07",,"9,00","36,47","32,90","12,98","20,40","12,58","14,74","29,17","5,11","39,37","14,35","18,40","4,59","16,34","9,41","4,79","2,37","35,52","10,42","6,26","24,84","8,00","25,59","2,49","12,69","24,56","12,31","6,49","28,65","70,36","13,90","39,85","32,95","9,76","11,59","15,80","13,52","7,74","6,59","33,50","26,64","21,75","13,52","43,56","21,33","9,21","27,84","31,29","4,79","17,48","17,47","23,20","18,86","7,65","12,65","5,87","5,94","24,95","9,75","12,53","31,82","29,22","6,57","42,39","48,50","13,23","16,88","8,04","30,44","11,95","35,23","25,17","35,59","10,86","21,26","8,79","15,49","21,61","17,18","49,44","30,64","21,76","19,34","41,65","15,44","4,01","48,58","3,81","19,03","24,80","29,10","39,21","13,62"
17/07/2025 00:00:00,"12,72","19,92","3,81","9,93",,"8,99","36,45","33,07","13,04","20,26","12,58","14,71","29,16","5,21","40,01","14,35","18,61","4,66","16,26","9,35","4,75","2,38","35,24","10,32","6,19","24,77","7,91","26,10","2,50","12,69","24,77","12,52","6,50","28,36","70,27","13,76","39,78","33,12","9,71","11,55","15,63","13,81","7,76","6,47","33,67","25,46","21,61","13,61","43,74","21,07","9,36","28,21","31,77","4,75","17,51","17,62","23,26","18,13","7,74","12,61","6,05","6,02","25,07","9,65","12,60","31,59","28,93","6,56","43,30","48,95","13,43","16,60","8,05","30,41","11,89","35,58","25,63","36,05","10,95","21,28","8,71","15,32","21,62","16,98","49,42","30,45","21,82","19,27","41,50","15,10","4,03","48,49","3,78","18,60","24,72","29,04","40,13","13,72"
18/07/2025 00:00:00,"12,59","19,43","3,59","9,59",,"8,94","36,28","32,43","12,31","19,80","12,29","14,38","28,73","4,94","38,68","14,40","18,63","4,48","15,87","9,28","4,69","2,26","35,36","10,25","5,96","24,86","7,82","25,73","2,39","12,61","24,51","12,16","6,25","28,66","67,49","13,69","39,41","32,82","9,43","11,42","15,40","13,40","7,56","6,42","32,19","25,16","20,96","13,09","42,92","20,99","9,18","27,70","31,19","4,66","17,22","16,69","22,64","17,58","7,43","12,21","5,88","5,95","24,28","9,51","12,25","31,12","28,49","6,42","43,29","48,77","12,97","16,46","7,87","29,78","11,74","34,09","24,36","35,29","10,77","20,93","8,33","15,34","21,00","17,10","49,53","30,66","20,96","18,98","40,95","14,73","3,92","48,72","3,68","17,84","25,05","28,73","40,40","12,70"
21/07/2025 00:00:00,"12,68","19,36","3,54","9,60",,"9,05","36,39","32,28","12,43","19,40","12,31","14,39","28,85","4,95","38,17","14,75","18,35","4,54","16,11","9,37","4,91","2,26","35,49","10,24","5,83","24,60","7,99","25,53","2,31","12,61","24,28","12,16","6,11","28,84","67,31","13,80","39,54","32,93","9,38","13,12","15,89","13,26","7,46","6,64","31,49","24,78","20,86","13,36","42,73","21,12","9,27","28,00","31,55","4,57","17,20","16,45","22,83","17,12","7,17","12,09","5,69","5,89","24,38","9,40","12,10","31,21","28,54","6,49","42,76","49,00","13,43","16,49","7,36","29,90","11,58","34,11","24,31","35,05","10,82","21,04","8,10","15,25","20,60","16,96","49,91","30,64","19,94","18,87","41,35","14,77","4,01","50,05","3,70","17,85","25,17","28,77","40,02","12,54"
22/07/2025 00:00:00,"12,66","19,06","3,49","9,50",,"9,42","35,99","32,70","12,40","19,43","12,25","14,34","28,19","4,91","38,06","15,07","18,54","4,72","15,93","9,26","4,96","2,24","34,48","10,07","5,74","24,53","8,56","24,86","2,32","12,34","23,71","11,84","6,14","28,58","66,86","13,80","39,26","32,54","9,40","13,01","16,16","12,92","7,36","6,70","31,12","24,69","20,62","13,09","42,36","20,76","9,13","27,61","31,13","4,65","17,08","16,40","23,00","17,36","7,08","12,01","5,68","5,96","24,13","9,14","11,97","31,53","28,82","6,53","42,58","48,58","13,46","16,67","7,13","29,63","11,36","34,09","24,45","34,66","10,89","20,82","8,18","15,11","20,31","17,06","50,17","30,26","19,89","18,51","40,91","14,68","4,25","51,35","3,78","17,62","24,28","28,13","39,40","12,37"
23/07/2025 00:00:00,"12,84","19,39","3,58","9,55",,"9,72","36,12","33,73","12,70","19,75","12,45","14,57","28,28","5,06","38,74","15,10","19,06","4,75","16,59","9,46","4,99","2,30","35,66","10,24","5,87","24,58","8,77","25,19","2,43","12,40","23,92","11,93","6,24","29,22","67,65","13,99","40,00","33,18","9,56","13,12","16,46","13,11","7,46","6,87","31,82","25,22","20,96","13,45","43,37","20,99","9,26","28,06","31,47","4,80","17,14","16,60","23,22","17,78","7,36","12,19","5,80","6,21","24,77","9,53","12,06","32,23","29,41","6,59","42,47","49,05","13,59","16,97","7,29","29,97","11,57","34,50","24,57","34,62","11,00","20,98","8,26","15,21","20,67","17,21","50,65","30,56","20,66","18,64","42,10","15,26","4,36","51,27","3,72","17,81","24,86","28,49","36,24","12,42"
24/07/2025 00:00:00,"12,76","19,13","3,52","9,43",,"9,76","35,81","33,17","12,45","19,61","12,32","14,39","28,12","4,89","37,85","14,92","18,97","4,69","16,10","9,42","4,92","2,30","35,34","10,10","5,90","24,70","8,55","24,97","2,40","12,28","23,00","11,54","6,13","29,25","65,02","13,86","39,65","32,75","9,43","12,79","16,52","12,72","7,28","6,87","31,96","24,92","20,55","13,38","43,41","20,95","9,13","27,62","31,18","4,69","17,13","16,08","22,98","18,05","7,11","12,13","5,77","6,08","24,38","9,40","11,94","32,27","29,36","6,53","42,30","48,60","13,65","16,63","7,16","29,52","11,46","34,25","24,45","34,58","10,96","20,61","8,57","15,13","20,17","16,93","50,40","30,44","19,58","18,58","42,24","15,13","4,28","50,48","3,74","17,94","24,53","28,54","34,55","12,41"
25/07/2025 00:00:00,"12,73","19,15","3,56","9,57",,"9,60","35,52","33,05","12,40","19,78","12,22","14,28","28,07","4,91","37,75","14,69","19,39","4,72","15,33","9,37","4,81","2,32","35,38","10,05","6,02","24,23","8,37","25,11","2,42","12,29","23,30","11,57","6,21","28,96","65,43","13,67","39,49","32,49","9,62","13,09","16,42","12,86","7,43","6,80","32,58","25,01","20,51","13,63","43,31","20,92","9,17","27,79","31,31","4,73","17,41","15,74","23,26","18,15","7,08","12,07","5,90","6,10","24,28","9,16","12,07","32,42","29,40","6,62","41,90","48,29","13,46","16,56","7,17","29,45","11,40","34,45","24,49","34,04","11,35","20,32","8,61","15,16","20,04","17,04","51,45","30,37","19,81","18,63","42,22","15,52","4,20","49,74","3,83","18,55","24,73","28,49","34,49","11,83"
28/07/2025 00:00:00,"12,34","18,96","3,49","9,40",,"9,32","35,03","31,95","12,05","19,48","12,12","14,17","28,09","4,83","36,92","14,46","19,23","4,65","14,81","9,27","4,73","2,29","34,67","9,95","5,86","24,36","8,00","24,40","2,34","12,28","22,53","11,39","6,07","28,86","65,47","13,39","38,89","32,13","9,42","13,03","16,06","12,57","7,21","6,68","31,99","24,64","20,25","13,35","43,60","20,76","9,00","27,21","30,65","4,71","17,13","15,41","22,91","17,79","6,77","11,97","5,71","5,95","23,89","9,03","11,84","32,40","29,43","6,47","41,48","47,77","13,22","16,73","6,93","29,38","11,39","33,49","24,40","33,64","11,19","20,23","8,41","15,06","19,99","17,65","51,04","30,19","19,02","18,57","41,98","15,86","4,17","49,26","3,74","18,52","23,43","28,44","35,19","12,10"
29/07/2025 00:00:00,"12,46","19,11","3,46","9,43",,"9,22","35,20","32,39","12,06","19,49","12,12","14,14","28,22","4,83","37,14","14,41","19,76","4,63","15,46","9,34","4,74","2,32","34,83","10,10","5,81","24,61","8,01","24,97","2,32","12,37","22,72","11,75","6,13","28,73","67,93","13,47","39,65","32,39","9,56","13,04","15,97","12,66","7,18","6,64","32,46","24,57","20,36","13,84","43,42","20,81","9,03","27,37","30,83","4,71","17,02","15,39","23,05","18,17","6,59","12,02","5,75","6,02","24,28","9,14","11,94","32,93","29,82","6,46","41,97","48,11","13,28","16,73","6,94","29,55","11,58","33,78","24,43","33,95","11,40","20,22","8,18","15,29","19,89","17,67","50,75","30,26","19,81","18,57","42,27","16,03","4,20","48,95","3,71","18,60","24,07","28,45","35,05","12,03"
30/07/2025 00:00:00,"12,43","19,30","3,61","9,63",,"9,44","35,55","33,37","12,10","19,44","12,30","14,37","28,15","4,99","37,52","14,14","19,97","4,66","15,95","9,39","4,74","2,42","35,38","10,25","5,97","24,71","7,94","25,42","2,39","12,43","22,85","11,94","6,21","28,04","75,35","13,62","40,18","33,12","9,76","13,14","16,23","12,76","7,28","6,76","33,49","24,80","20,69","13,18","44,36","21,05","9,13","27,61","31,19","4,85","17,13","15,78","23,72","18,34","6,93","12,02","5,89","6,05","24,48","9,15","12,06","33,30","30,12","6,57","42,72","48,68","12,99","16,49","7,00","29,66","11,74","33,89","24,64","33,99","11,39","20,61","8,33","15,38","20,19","17,77","51,07","30,51","20,06","18,77","42,99","16,16","4,14","48,08","3,76","19,19","24,78","29,01","35,30","12,58"
31/07/2025 00:00:00,"11,77","19,20","3,57","9,29",,"9,27","35,21","32,42","11,94","19,25","12,24","14,25","28,21","4,77","37,53","14,00","19,62","4,66","15,82","9,24","4,69","2,41","35,11","10,19","5,93","24,62","8,02","25,41","2,36","12,44","22,61","11,78","6,21","27,44","79,70","13,45","39,71","32,67","9,89","12,97","16,10","12,54","7,18","6,68","33,07","24,49","20,36","12,71","44,19","20,27","9,09","27,68","31,27","4,76","17,06","15,32","21,30","18,83","6,66","11,98","5,75","5,95","24,33","9,03","11,99","33,11","30,00","6,50","42,19","48,85","12,92","16,42","7,11","29,43","11,46","32,98","24,48","33,63","11,45","20,49","8,41","15,45","19,83","17,10","51,04","30,25","19,86","19,43","42,82","16,11","4,38","47,74","3,68","18,69","24,89","29,32","35,55","12,35"
01/08/2025 00:00:00,"11,61","19,41","3,63","9,57",,"9,65","35,28","32,04","11,95","17,93","12,22","14,28","28,00","4,77","37,47","13,96","19,27","4,63","16,39","9,25","4,67","2,42","35,13","10,32","5,82","24,59","7,62","25,98","2,35","12,36","22,60","11,85","6,21","27,62","78,11","13,53","40,00","32,92","10,18","12,87","15,34","12,69","7,22","6,41","32,66","24,65","20,69","12,58","43,04","20,20","9,08","27,57","31,08","4,80","16,89","15,52","21,42","18,65","6,81","12,16","5,67","5,99","24,67","8,91","11,98","32,64","29,61","7,00","40,99","49,21","13,14","16,22","7,15","29,34","11,40","32,73","23,92","33,82","11,58","20,59","8,43","15,29","20,05","16,81","50,64","30,32","20,60","19,44","43,01","15,87","4,39","48,00","3,72","18,68","25,19","29,41","35,62","12,42"
04/08/2025 00:00:00,"11,73","19,41","3,71","9,73",,"9,73","35,29","32,03","12,03","18,29","12,34","14,39","28,09","4,72","37,57","14,11","19,06","4,61","16,74","9,21","4,59","2,38","35,41","10,24","5,80","24,03","7,45","25,36","2,34","12,33","22,38","11,79","6,34","27,41","79,05","13,50","39,80","32,85","10,24","12,93","15,51","12,62","7,22","6,45","33,95","24,05","20,33","12,56","44,20","19,80","9,15","27,89","31,41","4,79","16,83","15,88","21,33","18,46","6,77","12,30","5,71","5,95","24,32","8,77","11,88","32,53","29,56","6,87","40,48","50,16","14,26","16,33","7,00","30,06","11,26","32,72","24,41","33,71","12,02","20,54","8,51","15,30","20,15","16,69","49,69","30,31","20,79","20,03","42,97","15,67","4,39","48,38","3,70","18,55","26,08","29,74","35,51","12,11"
05/08/2025 00:00:00,"11,68","19,45","3,54","9,48",,"9,56","35,16","32,36","11,94","18,19","12,37","14,42","28,41","4,77","37,61","14,06","20,16","4,46","16,72","9,16","4,57","2,42","34,67","10,15","5,94","24,04","7,24","25,98","2,36","12,25","22,31","11,88","6,40","27,43","77,69","13,50","39,84","32,82","10,02","12,87","15,46","12,57","7,22","6,43","35,53","23,87","20,69","12,39","44,02","19,90","9,25","28,05","31,76","4,80","16,40","15,90","22,09","18,50","6,79","12,42","5,81","5,94","24,52","8,73","11,91","32,79","29,70","7,05","40,62","49,86","14,38","16,42","6,98","30,26","11,35","32,94","24,17","33,63","11,72","20,35","8,61","15,25","20,29","16,79","49,88","30,21","20,73","20,08","43,11","15,68","4,28","48,32","3,74","18,77","26,45","29,85","35,57","12,54"
06/08/2025 00:00:00,"11,79","19,77","3,77","10,02",,"9,85","36,39","33,65","12,07","18,27","12,37","14,40","28,78","5,07","38,19","13,95","19,78","4,48","17,89","9,34","4,53","2,46","35,17","10,41","5,81","24,05","7,22","27,86","2,36","12,33","22,81","12,46","6,49","27,69","76,96","13,70","40,44","32,90","10,28","13,18","15,28","12,96","7,42","6,35","35,87","23,96","21,07","12,08","44,69","20,15","9,40","28,55","32,16","4,87","16,71","16,73","22,16","18,78","6,93","12,54","6,14","6,37","24,84","9,14","12,00","32,71","29,74","7,05","39,79","49,92","17,07","16,58","6,99","31,13","11,24","33,71","24,34","33,77","11,98","20,69","9,04","14,88","20,62","16,74","50,52","30,29","21,58","20,33","43,31","16,01","4,38","48,02","3,75","18,77","26,74","30,45","36,56","12,71"
07/08/2025 00:00:00,"11,85","20,03","3,89","9,93",,"9,92","39,83","34,60","12,25","18,48","12,43","14,51","28,85","4,81","38,64","14,03","19,84","3,65","16,39","9,46","4,59","2,59","36,41","10,63","5,97","24,08","7,31","28,32","2,36","12,29","22,91","12,53","6,68","27,57","77,47","13,89","42,04","33,70","10,59","13,15","15,48","12,98","7,51","6,44","36,17","23,07","21,30","11,92","44,90","20,24","9,55","28,92","32,73","4,94","17,04","16,98","22,10","18,81","7,00","12,68","6,34","6,54","25,10","9,17","12,10","32,94","29,90","7,17","39,65","49,74","16,88","16,83","6,98","32,51","11,36","33,95","24,64","33,90","11,86","21,09","9,59","14,56","22,23","16,68","52,99","30,49","22,04","20,45","42,08","16,36","4,44","48,36","3,94","19,08","27,01","30,68","37,36","12,98"
08/08/2025 00:00:00,"11,69","20,12","3,60","9,72",,"9,74","41,24","32,17","12,22","18,50","12,54","14,66","28,86","4,86","39,09","14,24","19,93","3,49","15,84","9,54","4,62","2,68","37,00","10,60","5,80","23,99","7,41","27,62","2,30","12,38","23,15","12,38","6,62","27,83","78,18","14,10","41,78","34,14","10,53","12,97","15,67","12,77","7,43","6,51","35,63","22,09","21,31","11,74","45,04","20,41","9,58","29,21","32,95","4,97","17,37","15,75","22,24","19,18","6,64","12,67","6,97","6,49","24,95","8,88","12,05","30,33","28,06","7,05","39,54","50,37","16,92","15,23","6,29","32,84","11,34","33,71","24,86","32,75","12,06","21,11","9,61","14,60","22,46","16,77","53,42","30,45","20,40","20,98","42,17","15,32","4,42","49,46","3,96","18,86","27,81","30,66","36,50","12,94"
11/08/2025 00:00:00,"11,63","20,20","3,32","9,62",,"9,60","42,03","30,30","12,11","18,66","12,51","14,61","29,16","4,84","38,96","14,27","19,96","3,46","15,84","9,58","4,62","2,58","36,46","10,48","5,64","24,17","7,26","27,48","2,27","12,33","22,82","12,35","6,56","27,14","77,56","13,91","41,09","33,61","10,41","12,91","15,63","12,71","7,34","6,50","35,14","22,00","21,02","11,76","44,82","20,33","9,58","29,38","33,15","4,96","17,14","15,46","22,28","18,83","6,62","12,68","6,75","6,48","25,10","9,40","12,01","30,47","28,24","7,01","39,13","50,27","16,67","15,34","6,30","33,14","11,11","32,93","24,74","31,84","12,01","20,99","9,30","14,52","22,43","16,35","52,93","30,32","20,63","21,23","42,05","15,34","4,36","49,41","3,79","18,72","26,80","30,96","35,66","12,72"
12/08/2025 00:00:00,"11,56","20,57","3,43","10,31",,"9,69","42,37","31,20","12,00","18,80","12,78","14,95","29,49","4,76","44,07","14,53","19,58","3,20","15,39","9,76","4,68","2,61","36,63","10,71","5,85","25,34","7,55","27,80","2,32","12,73","23,33","12,87","6,80","27,43","78,31","14,20","42,50","34,85","10,58","13,00","15,74","13,15","7,49","6,58","35,60","21,73","21,63","11,90","45,69","20,69","9,79","29,96","33,84","5,07","17,10","15,74","22,13","19,24","6,63","12,93","6,84","6,49","25,71","8,65","12,18","30,62","28,31","7,06","39,27","51,79","16,87","15,79","6,45","33,51","11,07","32,78","25,07","33,05","12,10","23,22","9,51","14,40","22,68","16,55","52,94","30,44","20,82","20,71","42,13","16,05","4,39","49,93","3,97","19,17","27,00","30,69","35,07","12,85"
13/08/2025 00:00:00,"11,45","20,48","3,33","9,80",,"9,64","41,87","30,00","12,05","18,84","12,64","14,82","29,29","4,69","43,13","14,36","19,82","3,13","15,06","9,74","4,56","2,51","36,28","10,45","5,78","24,95","7,42","27,42","2,07","12,76","22,78","12,67","6,83","26,94","78,27","13,87","41,54","34,22","10,43","12,91","15,86","14,31","6,97","6,59","34,88","21,84","21,39","11,55","45,40","20,38","9,68","29,82","33,52","5,00","16,83","15,15","21,45","19,32","6,35","12,92","6,86","6,92","25,51","8,75","12,01","30,47","28,10","7,04","38,87","51,79","16,80","15,81","6,28","33,35","10,88","33,14","25,01","33,64","11,79","22,66","9,00","14,60","21,93","16,45","52,71","30,09","20,08","20,71","41,58","15,91","4,31","50,00","3,83","18,68","26,52","30,82","35,08","12,41"
14/08/2025 00:00:00,"11,36","20,59","3,29","9,92",,"9,82","41,24","29,16","12,19","19,39","12,62","14,71","29,57","4,62","43,33","14,06","19,82","3,03","14,50","9,68","4,48","2,51","36,87","10,46","5,40","25,75","6,97","27,80","2,02","12,72","23,23","12,83","6,95","27,03","79,73","14,15","41,58","34,05","10,61","12,88","15,69","14,30","6,90","6,53","37,77","21,91","21,56","11,50","45,07","20,60","9,68","29,93","33,47","4,90","17,05","15,08","21,48","19,61","6,30","12,99","6,93","7,17","25,50","9,00","12,20","30,19","27,74","7,06","38,80","50,20","16,86","15,93","6,72","33,57","10,81","32,76","24,88","33,79","11,87","22,27","8,73","14,42","22,35","16,67","52,76","30,22","20,26","20,86","40,55","16,55","4,00","49,38","3,69","18,75","26,25","30,89","34,96","12,45"
15/08/2025 00:00:00,"11,38","20,59","3,27","9,91",,"9,95","41,21","29,89","12,48","20,18","12,61","14,73","29,05","4,74","43,28","14,07","19,42","3,08","14,36","9,59","4,48","2,47","36,57","10,42","5,48","25,44","6,77","27,62","2,03","12,58","23,79","12,90","6,81","27,04","76,37","14,08","41,49","34,43","10,54","13,01","15,63","14,43","6,90","6,54","38,20","21,74","21,62","11,43","45,67","20,70","9,69","29,61","33,36","5,07","16,75","15,18","23,36","19,57","6,25","13,13","6,71","7,16","25,59","9,14","12,97","30,16","27,73","7,10","38,81","49,29","16,75","15,85","6,61","33,99","10,83","32,59","24,95","33,70","12,41","22,03","8,37","14,24","22,55","16,06","52,19","30,67","20,31","20,92","41,40","16,50","4,00","49,28","3,67","18,38","26,67","31,13","34,46","12,46"
18/08/2025 00:00:00,"11,41","20,86","3,31","10,15",,"10,42","41,01","30,89","12,49","20,59","12,81","15,02","29,11","4,94","43,88","14,12","19,55","3,08","15,28","9,63","4,54","2,56","36,42","10,38","5,77","25,46","7,08","28,14","2,10","12,78","23,41","12,77","6,91","27,31","77,48","14,10","41,64","34,47","10,49","13,09","15,78","14,96","6,93","6,60","39,37","21,95","21,86","11,68","46,32","20,71","9,75","29,82","33,60","5,14","16,74","15,26","23,36","19,48","6,52","13,17","6,65","7,41","25,72","8,86","13,30","30,40","27,91","7,15","37,59","50,00","16,73","15,75","6,69","34,60","10,92","33,22","25,26","33,78","12,60","22,59","8,35","14,44","23,02","16,49","51,48","31,06","20,45","21,10","41,44","16,76","4,11","49,17","3,69","18,40","27,23","31,61","34,88","12,64"
19/08/2025 00:00:00,"11,41","20,44","3,12","9,75",,"10,36","40,32","29,48","11,89","19,35","12,38","14,51","28,54","5,09","42,35","14,07","18,53","2,98","14,87","9,45","4,44","2,44","36,00","10,16","5,40","24,75","6,84","27,80","2,01","12,55","22,93","12,54","6,69","27,14","76,09","13,71","40,66","33,60","9,89","12,90","15,68","14,65","6,63","6,50","37,82","22,06","21,35","11,10","44,96","20,47","9,45","29,00","32,62","5,07","16,71","14,94","23,40","18,83","6,47","12,73","6,21","7,24","25,11","8,40","12,94","29,98","27,61","7,05","36,85","48,77","16,64","15,32","6,49","33,80","10,55","32,19","24,03","33,29","12,46","21,80","8,00","14,30","22,30","16,14","51,88","30,80","19,78","20,95","40,74","16,19","4,02","49,21","3,54","18,21","26,71","31,57","34,11","12,47"
20/08/2025 00:00:00,"11,43","20,41","3,06","9,75",,"10,78","40,85","28,47","11,70","19,40","12,44","14,55","28,28","5,17","41,88","13,96","18,82","2,85","14,93","9,81","4,45","2,42","36,11","10,33","5,32","25,13","6,77","27,41","2,00","12,56","22,63","12,66","6,54","27,16","75,20","14,11","41,35","33,85","9,86","12,89","15,47","14,49","6,70","6,47","37,54","22,14","21,64","10,87","45,22","20,61","9,48","29,12","32,64","5,05","16,71","14,79","22,66","19,67","6,30","12,83","6,20","7,11","25,34","8,38","12,90","30,23","27,78","7,09","37,30","49,55","17,16","14,85","6,57","33,81","10,53","31,65","24,53","33,61","12,51","21,86","8,80","14,35","22,15","16,41","51,37","30,92","19,80","20,94","40,75","16,90","3,97","48,99","3,51","18,22","27,16","31,61","34,56","12,34"
21/08/2025 00:00:00,"11,40","20,35","2,88","9,69",,"10,50","41,11","28,43","11,62","19,24","12,40","14,51","28,02","5,18","41,48","14,04","18,65","2,83","15,08","9,50","4,44","2,37","35,99","10,22","5,22","25,86","6,83","27,71","1,99","12,48","22,57","12,65","6,58","27,55","76,07","14,00","41,02","33,29","9,84","12,84","15,39","14,65","6,64","6,41","36,85","22,14","21,77","10,95","44,93","20,58","9,47","29,16","32,67","4,95","16,67","14,53","22,23","19,63","6,30","13,08","6,10","7,03","25,22","8,44","13,27","30,21","27,84","7,15","37,50","47,82","17,51","14,58","6,32","33,72","10,62","31,14","24,55","33,25","12,54","22,05","8,49","14,24","21,81","16,25","51,19","30,90","19,56","21,09","40,29","16,70","4,00","49,40","3,55","18,16","26,86","31,72","34,40","11,60"
22/08/2025 00:00:00,"11,54","20,85","3,11","9,97",,"10,53","41,39","30,08","11,92","20,03","12,77","14,99","28,17","5,55","42,16","14,35","19,18","3,07","15,69","9,73","4,61","2,56","36,75","10,46","5,46","26,62","7,16","28,57","2,04","12,68","24,09","13,08","7,03","27,63","76,68","14,31","42,14","34,29","10,13","13,13","15,75","14,93","6,80","6,63","38,31","22,62","22,10","11,02","45,68","20,95","9,80","29,80","33,59","5,15","17,09","14,98","22,70","20,77","6,51","13,72","6,45","7,50","25,80","9,14","13,58","31,19","28,64","7,27","38,05","48,04","17,90","14,97","6,83","34,20","10,91","32,97","25,12","33,53","12,60","22,50","8,84","14,49","22,29","16,60","52,61","31,41","19,95","21,24","41,54","17,17","4,16","50,64","3,70","19,04","27,51","32,04","35,93","12,32"
25/08/2025 00:00:00,"11,45","20,81","3,17","9,90",,"10,72","42,01","30,39","11,91","19,59","12,81","15,02","28,50","5,55","42,11","14,28","19,42","3,02","16,02","9,72","4,68","2,59","36,38","10,42","5,45","26,50","7,24","28,82","2,05","12,71","24,45","13,34","6,99","27,50","74,83","14,97","42,00","34,19","10,30","13,11","16,06","14,85","6,77","6,73","39,10","22,45","21,84","11,17","45,89","21,00","9,76","29,59","33,42","5,14","17,06","14,92","22,80","21,22","6,72","13,60","6,46","7,59","25,75","8,89","13,43","31,23","28,81","7,28","38,18","48,53","17,37","14,51","6,63","34,00","11,19","32,97","25,30","33,33","12,62","22,58","9,06","14,54","22,70","16,76","52,27","31,54","20,20","21,46","41,56","17,09","4,19","50,76","3,71","19,01","27,21","32,44","36,15","12,46"
26/08/2025 00:00:00,"11,51","20,65","3,12","9,82",,"10,83","41,67","30,71","11,80","19,91","12,83","14,99","28,58","5,72","41,91","14,38","19,53","3,22","15,95","9,83","4,69","2,54","36,62","10,32","5,41","26,64","7,25","28,78","2,03","12,84","24,49","13,46","7,04","27,58","75,57","15,00","42,00","34,17","10,47","13,07","16,18","14,74","6,79","6,75","38,94","22,37","21,57","11,05","45,65","21,12","9,72","29,41","33,20","5,07","16,99","14,73","22,80","21,41","6,60","13,52","6,47","7,33","25,46","8,97","13,43","31,07","28,61","7,31","37,73","48,00","17,36","14,50","6,70","34,02","10,96","32,78","25,46","33,16","12,59","22,14","9,22","14,58","22,60","16,48","51,49","31,81","20,20","21,44","40,60","17,31","4,18","51,22","3,72","19,60","27,42","32,15","36,01","12,15"
27/08/2025 00:00:00,"11,48","21,06","3,16","9,91",,"10,65","42,19","31,37","12,02","20,16","12,85","15,10","28,79","5,73","42,87","14,47","20,04","3,39","15,89","9,90","4,75","2,54","36,41","10,42","5,58","27,71","7,38","29,17","2,07","12,93","24,90","13,68","7,37","27,84","74,70","15,07","42,76","34,77","10,59","13,25","16,16","15,12","6,86","6,79","39,80","22,81","21,96","11,08","46,13","21,23","9,86","29,82","33,75","5,14","17,08","15,05","22,84","21,99","6,77","13,87","6,61","7,45","25,89","9,08","13,55","31,25","28,82","7,41","38,35","48,46","17,85","14,48","6,77","34,64","11,02","33,33","25,71","33,38","12,63","22,71","9,55","14,67","23,06","17,24","51,85","32,04","21,33","21,53","41,35","17,61","4,21","51,19","3,87","20,40","27,91","31,82","36,16","12,34"
28/08/2025 00:00:00,"11,58","21,64","3,25","10,33",,"10,69","43,08","31,78","12,36","20,57","13,15","15,43","28,83","5,81","43,32","14,54","20,04","3,34","16,18","9,94","4,82","2,55","36,49","10,45","5,72","28,41","7,73","29,55","2,08","13,10","25,66","13,93","7,60","27,96","75,31","15,14","43,24","35,14","11,05","13,49","16,17","15,41","7,10","6,80","40,90","23,15","22,82","11,38","46,34","21,66","9,98","30,39","34,45","5,18","17,12","15,23","23,66","22,08","7,40","14,17","6,60","7,61","26,74","9,16","13,82","31,62","29,08","7,45","38,58","49,71","18,08","14,52","6,74","35,35","11,06","33,99","26,10","33,79","12,69","22,91","10,20","14,87","23,42","17,58","51,70","32,31","22,18","21,65","41,57","19,03","4,43","51,21","4,17","21,42","28,30","31,68","36,23","12,50"
29/08/2025 00:00:00,"11,67","21,68","3,31","10,38",,"10,86","43,66","31,54","12,32","20,90","13,21","15,46","29,07","5,82","43,67","14,57","19,93","3,52","16,13","9,93","4,83","2,55","36,47","10,34","5,85","28,45","7,61","29,49","2,13","13,03","25,93","14,00","7,82","28,06","75,30","15,11","43,33","35,07","10,87","13,76","16,04","15,31","7,15","6,81","41,71","23,24","23,07","11,33","46,47","21,71","10,02","30,75","34,58","5,30","17,21","15,31","24,93","21,57","7,73","14,21","6,57","7,59","26,79","9,01","13,74","31,88","29,24","7,43","37,87","48,72","16,83","14,45","6,75","35,64","11,05","34,13","26,14","34,02","12,75","23,17","10,18","14,75","23,36","17,95","51,33","32,44","22,65","21,34","42,32","18,76","4,37","51,36","4,15","21,19","28,40","31,61","36,08","12,55"
01/09/2025 00:00:00,"11,62","21,69","3,33","10,30",,"10,53","43,64","31,57","12,32","20,61","13,12","15,36","28,96","5,81","43,25","14,62","20,01","3,44","16,61","9,85","4,81","2,55","35,92","10,30","6,05","27,98","7,54","29,18","2,14","13,17","25,63","13,74","7,81","27,40","75,63","15,12","43,14","34,81","10,73","14,20","16,27","15,24","7,02","6,84","41,55","22,86","23,01","11,21","45,55","21,55","10,10","30,92","34,86","5,23","17,05","15,29","24,25","21,12","7,81","14,39","6,67","7,60","26,70","8,96","13,77","31,74","29,30","7,39","37,97","48,78","16,92","14,22","6,62","35,42","11,22","34,33","26,13","33,30","12,73","23,00","10,18","14,58","23,55","17,91","51,43","32,17","22,09","21,35","41,82","18,86","4,36","51,39","4,02","21,25","28,34","31,51","36,22","12,58"
02/09/2025 00:00:00,"11,49","21,54","3,22","10,07",,"10,12","43,60","30,70","12,10","19,95","12,88","15,19","28,49","5,80","43,32","14,53","19,77","3,38","16,00","9,70","4,79","2,49","35,59","10,36","6,25","28,37","7,44","29,44","2,12","12,95","25,60","13,93","7,63","27,48","77,27","14,89","42,58","34,42","10,68","14,07","16,29","15,18","6,92","6,84","41,36","22,53","22,82","10,89","45,54","21,43","9,93","30,48","34,26","5,14","16,97","15,15","23,61","21,29","7,69","14,12","6,59","7,76","26,39","8,73","13,62","31,98","29,45","7,41","37,99","48,44","16,68","14,01","6,59","35,27","11,24","34,28","26,03","33,95","12,59","22,84","9,88","14,40","23,35","17,62","51,15","31,90","22,33","21,27","41,39","18,76","4,32","51,20","3,92","21,25","28,08","31,23","36,10","12,37"
03/09/2025 00:00:00,"11,24","21,57","3,25","9,94",,"10,12","43,16","30,53","12,29","19,82","12,90","15,18","28,39","5,78","43,13","14,53","19,18","3,51","16,33","9,71","4,73","2,49","35,11","10,29","6,75","28,75","7,43","29,26","2,11","12,89","25,46","13,85","7,72","27,40","76,60","14,95","42,10","34,12","10,69","14,23","16,14","15,26","6,89","6,75","40,85","22,05","22,66","11,23","44,53","21,41","9,82","30,14","33,97","5,13","16,94","15,09","23,44","21,63","7,76","14,41","6,68","7,77","26,23","8,61","13,72","31,64","29,20","7,41","37,51","47,77","16,36","14,11","6,57","35,39","11,11","34,62","26,01","33,83","12,77","22,84","9,96","14,33","23,25","17,60","50,86","31,89","21,77","21,30","41,15","18,77","4,30","51,39","3,85","21,41","27,93","31,25","36,26","12,53"
04/09/2025 00:00:00,"11,49","21,90","3,59","10,05",,"10,42","43,54","30,19","12,42","19,95","13,18","15,48","28,53","5,89","44,20","14,67","18,87","3,63","16,56","9,91","4,78","2,65","35,07","10,41","7,15","29,56","7,65","29,47","2,13","13,03","25,88","14,18","7,91","27,37","78,67","15,10","42,95","34,37","10,88","14,25","16,37","15,43","7,04","6,86","41,29","22,14","22,99","11,60","45,16","21,49","9,87","30,39","34,10","5,23","17,15","15,17","23,94","22,07","8,16","14,59","7,02","7,89","26,63","8,69","13,94","31,79","29,20","7,37","37,32","48,42","16,71","14,70","6,70","35,35","11,05","35,23","26,11","35,02","12,82","23,00","10,61","14,42","23,35","17,69","50,57","32,21","22,43","21,25","41,46","18,84","4,41","51,49","3,95","21,28","28,35","31,35","35,69","13,32"
05/09/2025 00:00:00,"11,58","22,16","3,65","10,36",,"10,78","44,17","29,87","12,70","20,67","13,47","15,86","28,56","5,90","45,05","14,76","18,22","3,91","16,57","9,96","4,83","2,68","35,66","10,52","7,30","29,86","7,79","29,91","2,22","13,10","26,58","14,45","8,09","27,68","81,07","15,18","44,42","35,09","11,20","14,57","16,79","15,92","7,13","7,01","41,38","22,34","23,40","11,53","45,18","21,67","9,98","30,80","34,48","5,36","17,22","15,39","23,55","21,86","8,75","14,71","7,44","8,11","27,06","8,84","13,99","31,08","28,76","7,50","36,55","47,96","16,64","14,60","6,88","35,59","10,98","36,28","27,04","35,60","13,13","23,62","11,37","14,47","24,19","17,84","50,88","32,38","23,44","21,53","42,31","20,08","4,52","51,97","4,04","21,99","28,69","31,73","36,26","13,58"
08/09/2025 00:00:00,"11,47","21,96","3,38","9,98",,"10,80","43,77","29,29","12,47","20,47","13,41","15,78","28,57","5,86","44,27","14,91","18,15","4,10","16,43","9,92","4,81","2,65","35,11","10,41","7,47","30,21","7,84","29,82","2,12","13,09","26,21","14,36","7,92","27,75","80,02","15,16","43,54","34,93","11,24","14,51","16,72","15,65","7,00","7,07","40,45","22,27","22,98","11,42","44,59","21,68","9,93","30,57","34,32","5,13","17,33","14,94","22,73","21,48","8,41","14,61","7,23","8,13","26,68","8,61","13,78","31,35","28,87","7,41","36,59","47,12","16,33","14,54","6,73","35,33","10,95","35,62","26,58","35,02","12,90","23,65","11,30","14,38","23,55","17,51","50,50","32,53","23,05","21,37","42,24","19,85","4,60","52,09","3,90","21,64","27,83","31,35","35,87","13,17"
09/09/2025 00:00:00,"11,65","21,86","3,33","9,81",,"10,65","44,16","28,57","12,34","20,91","13,32","15,63","28,76","5,96","44,36","14,84","18,30","3,84","16,01","9,91","4,77","2,58","35,03","10,55","7,21","30,17","7,79","28,89","2,04","13,26","26,40","13,93","7,79","28,25","80,52","15,31","43,32","34,73","11,77","14,59","16,46","15,55","6,92","6,97","39,64","22,51","22,82","11,62","44,70","21,61","9,90","30,23","34,02","5,05","17,49","14,68","23,75","21,16","8,42","14,50","7,51","8,07","26,58","8,63","13,85","31,69","29,10","7,48","37,09","47,11","16,54","14,43","6,78","35,11","11,29","35,48","26,52","35,58","13,02","23,41","11,39","14,35","23,18","17,91","50,80","32,54","23,70","21,26","41,34","19,39","4,51","51,94","3,88","21,32","26,78","31,20","35,43","13,09"
10/09/2025 00:00:00,"11,68","21,92","3,36","9,81",,"10,52","44,25","28,91","12,31","21,54","13,21","15,52","28,74","6,07","44,40","14,81","18,29","3,71","16,78","9,90","4,70","2,63","35,03","10,63","7,33","30,01","7,75","28,71","2,02","13,17","26,84","13,78","7,72","28,50","79,24","15,64","43,59","34,96","12,07","14,52","16,29","15,68","6,87","6,86","40,00","22,38","23,05","11,73","44,96","21,73","9,92","30,22","34,05","5,11","17,17","15,02","24,74","21,86","8,73","14,40","7,70","7,68","26,98","8,64","13,96","32,50","29,62","7,53","37,63","47,61","16,72","14,51","6,72","35,41","11,16","35,56","26,56","35,69","13,03","23,62","11,55","14,33","23,39","17,81","49,72","32,47","24,55","21,06","42,04","19,59","4,47","52,30","3,86","21,47","27,08","31,00","35,72","13,17"
11/09/2025 00:00:00,"11,83","22,23","3,46","9,78",,"10,65","44,90","29,94","12,45","21,71","13,34","15,67","28,69","6,25","45,14","14,92","18,20","3,73","17,20","9,87","4,71","2,63","35,53","10,67","7,38","30,39","7,82","28,58","2,05","12,84","28,16","13,78","7,78","28,50","78,36","15,61","44,10","34,94","12,25","14,41","16,37","15,76","6,92","6,91","39,74","22,72","23,50","11,87","45,52","21,76","9,93","30,26","34,11","5,17","17,36","15,23","25,05","21,90","9,44","14,57","7,88","7,72","27,55","8,79","14,03","32,16","29,51","7,54","37,91","47,46","16,84","14,90","6,83","35,67","11,11","36,84","26,84","35,80","13,00","23,91","11,86","14,40","24,06","17,68","50,45","32,41","25,01","21,16","41,45","19,60","4,54","52,70","3,90","21,56","28,43","31,24","35,28","13,16"
12/09/2025 00:00:00,"11,89","22,08","3,42","9,75",,"10,71","44,90","29,59","12,29","21,80","13,20","15,48","28,45","6,41","44,35","15,00","18,04","3,78","16,89","9,79","4,74","2,55","35,40","10,70","7,43","31,24","7,83","28,97","2,01","12,88","27,97","14,09","7,77","28,37","75,81","15,92","43,70","34,69","12,34","14,60","15,69","15,87","6,90","6,66","39,33","21,82","23,33","11,70","44,77","21,76","9,84","30,00","33,60","5,15","17,24","14,92","25,71","21,89","9,29","14,43","7,92","7,56","27,31","8,75","13,99","31,88","29,31","7,61","38,15","47,14","17,32","14,71","6,90","35,52","11,02","36,06","26,55","36,17","13,06","23,72","11,73","14,30","24,35","17,28","49,36","32,41","25,12","21,25","42,12","19,76","4,52","52,69","3,73","21,61","28,07","31,30","35,40","12,51"
15/09/2025 00:00:00,"11,93","22,14","3,52","10,00",,"11,01","46,26","30,39","12,69","21,37","13,37","15,67","28,48","6,24","44,66","15,02","18,40","3,72","17,07","9,93","4,73","2,66","35,48","10,84","7,56","31,17","7,87","28,68","2,02","12,87","28,16","13,80","7,79","28,60","74,98","15,85","43,99","35,06","12,36","14,38","16,08","15,95","6,86","6,83","39,33","21,90","23,45","11,94","45,14","21,76","9,98","30,20","34,15","5,14","17,10","15,27","26,06","21,81","9,98","14,64","7,84","7,58","27,34","8,94","14,20","32,34","29,57","7,66","37,97","47,35","16,64","14,76","6,79","35,97","11,16","36,46","26,68","36,49","12,86","24,03","11,65","14,49","24,53","17,18","49,42","32,57","25,23","21,29","42,84","19,88","4,53","53,15","3,78","21,74","28,04","31,57","34,98","13,35"
16/09/2025 00:00:00,"12,01","22,48","3,57","9,98",,"10,96","46,51","30,36","12,79","21,44","13,37","15,63","28,63","6,32","44,82","15,10","18,68","3,87","17,68","10,01","4,81","2,69","35,66","10,89","7,73","31,31","8,07","28,72","2,06","13,01","28,23","13,81","7,80","28,42","74,95","15,92","44,08","34,77","12,33","14,42","16,16","16,03","6,89","6,84","38,14","21,93","23,62","11,88","45,75","21,92","9,97","30,05","34,07","5,20","17,03","15,91","27,52","22,71","10,13","14,55","7,91","7,60","27,62","8,75","14,14","32,29","29,64","7,73","38,47","47,60","16,77","14,78","6,67","36,49","11,24","37,23","26,74","36,25","12,86","23,93","11,57","14,34","24,81","17,25","49,60","32,83","25,32","21,35","43,64","19,97","4,59","53,33","3,84","21,60","28,13","31,16","35,23","13,34"
17/09/2025 00:00:00,"12,09","22,83","3,54","10,43",,"11,06","47,33","30,70","13,02","21,37","13,77","16,17","28,82","6,24","45,47","15,18","18,53","3,85","17,25","10,19","4,84","2,74","36,02","11,07","8,00","31,74","8,11","28,92","2,09","13,08","28,29","13,90","7,85","28,65","74,50","16,29","44,37","35,16","12,90","14,39","16,21","16,17","6,94","6,89","38,64","22,46","23,78","11,91","46,65","22,24","10,16","30,71","34,55","5,63","17,15","16,02","26,92","22,98","10,67","14,64","8,14","7,81","27,96","8,87","14,36","32,53","29,82","7,81","38,24","47,92","17,79","15,17","6,84","36,89","11,38","38,19","27,35","36,02","12,85","24,06","11,75","14,34","24,96","17,46","49,82","33,06","25,81","21,66","44,25","20,02","4,63","53,43","3,88","21,41","28,84","31,67","35,17","13,38"
18/09/2025 00:00:00,"11,83","22,90","3,47","10,14",,"10,77","47,52","29,67","13,03","21,59","13,63","16,01","29,04","6,29","45,51","15,23","18,88","3,79","16,91","10,10","4,81","2,72","35,89","11,05","7,85","31,67","7,91","28,83","2,03","13,25","28,23","13,93","7,81","28,79","75,26","16,34","44,36","35,11","12,71","14,35","16,19","16,22","6,89","6,89","38,80","22,93","23,87","11,85","46,68","22,09","10,17","30,56","34,60","5,73","16,99","16,05","26,55","22,85","10,60","14,97","8,27","7,73","27,88","10,33","14,47","32,29","29,53","7,92","38,89","48,18","17,39","14,93","6,85","37,43","11,34","38,00","27,12","36,39","12,73","24,47","11,55","14,12","24,94","17,28","49,65","32,98","25,63","21,56","44,48","20,29","4,38","53,32","3,76","21,36","29,08","31,47","35,19","13,15"
19/09/2025 00:00:00,"11,86","22,91","3,49","9,99",,"10,70","49,02","29,26","12,96","21,12","13,86","16,29","29,16","6,27","46,23","15,19","18,45","3,85","17,06","10,10","4,84","2,76","35,84","11,24","7,50","31,78","8,01","28,80","2,06","13,32","28,27","14,09","7,73","29,29","75,84","16,60","44,71","35,67","12,59","14,75","16,15","16,12","6,98","6,85","38,18","22,87","23,74","11,86","47,55","22,40","10,22","30,89","35,05","5,92","17,03","15,93","22,14","23,52","10,48","14,99","8,44","7,90","27,81","9,85","14,33","31,81","29,20","7,68","38,06","48,66","17,38","14,51","6,70","38,22","11,06","37,76","26,94","36,69","12,87","24,87","11,65","14,14","25,39","17,32","49,42","33,32","25,52","21,61","45,16","19,92","4,50","53,54","3,64","20,94","28,46","31,31","34,82","13,10"
22/09/2025 00:00:00,"11,68","22,71","3,49","9,67",,"10,57","48,24","28,62","12,81","21,02","13,89","16,32","29,45","6,19","45,90","15,20","18,66","3,71","16,60","10,09","4,88","2,78","36,00","11,08","6,14","31,99","7,95","28,56","2,04","13,31","27,67","14,08","7,63","29,00","79,35","16,38","44,26","35,08","12,43","14,73","16,12","16,12","6,90","6,87","37,56","22,15","23,65","11,48","46,10","22,01","10,11","30,51","34,55","5,80","16,92","15,32","21,12","23,02","10,23","14,85","8,10","7,81","27,66","9,36","14,13","32,15","29,49","7,53","38,18","48,22","16,89","14,81","6,45","37,77","11,07","37,26","26,70","35,99","12,70","24,51","10,53","13,88","25,06","17,15","49,28","33,21","25,30","21,60","44,89","19,95","4,44","53,61","3,52","20,90","28,26","31,27","35,55","12,92"
23/09/2025 00:00:00,"11,77","23,35","3,56","9,70",,"10,64","49,17","29,01","12,66","21,62","14,01","16,42","29,50","6,15","46,55","15,25","18,68","3,79","16,85","10,21","4,98","2,84","36,69","11,23","6,34","32,37","7,98","28,75","2,07","13,57","27,85","14,19","7,65","28,97","78,71","16,51","45,22","35,72","12,56","14,85","16,23","16,34","6,99","6,96","38,05","22,35","24,13","11,37","46,00","22,32","10,25","30,88","35,10","5,86","16,83","14,99","19,70","24,00","10,38","14,84","8,40","7,85","28,06","9,21","14,24","33,00","29,99","7,65","38,58","48,06","17,55","15,04","6,33","38,03","11,24","38,65","27,06","36,85","12,80","25,00","11,02","14,04","25,33","17,56","49,06","33,59","25,55","21,77","44,42","20,37","4,44","53,31","3,61","21,21","28,45","31,32","35,16","12,85"
24/09/2025 00:00:00,"11,70","23,19","3,47","9,56",,"10,63","49,17","28,68","12,57","21,60","13,89","16,29","29,18","6,29","46,57","15,19","18,61","3,73","16,81","10,24","4,96","2,85","36,87","11,14","6,70","32,40","8,04","28,75","2,02","13,56","28,03","14,23","7,60","28,52","79,15","16,52","45,08","35,41","12,43","15,02","16,08","16,31","6,92","6,91","37,30","22,27","23,84","11,31","45,40","22,29","10,19","30,80","34,87","5,87","16,89","15,22","19,72","23,95","10,27","14,61","8,29","7,88","27,69","8,97","14,00","33,84","30,67","7,61","38,91","48,19","17,53","15,17","6,31","37,64","11,21","38,61","26,76","36,54","12,79","24,80","11,37","13,99","24,84","17,86","48,89","33,53","25,49","21,57","45,34","20,30","4,45","53,51","3,56","21,16","28,10","31,31","35,34","12,93"
25/09/2025 00:00:00,"11,77","23,14","3,23","9,05",,"10,40","48,88","28,09","12,36","21,29","13,75","16,16","28,86","6,18","46,10","15,27","18,36","3,70","16,33","10,00","4,96","2,74","36,37","10,94","6,23","32,40","7,95","28,28","1,96","13,24","27,71","14,01","7,52","28,29","79,05","16,35","44,88","35,13","11,78","14,83","16,06","16,19","6,78","6,85","37,01","21,95","23,70","11,10","45,16","22,23","10,10","30,52","34,59","5,80","16,92","15,01","19,67","23,78","10,40","14,48","8,27","7,46","27,60","9,18","13,92","33,25","30,42","7,33","39,15","47,16","16,91","15,02","6,15","37,13","11,14","38,33","26,47","35,89","12,55","24,45","10,73","13,87","24,64","17,58","49,17","33,63","24,73","21,48","44,75","20,42","4,42","53,80","3,44","21,20","27,79","30,96","34,82","12,26"
26/09/2025 00:00:00,"11,77","23,18","3,36","9,23",,"10,37","49,16","27,91","12,62","21,60","13,82","16,25","28,75","6,26","46,77","15,04","18,23","3,70","16,35","10,07","4,94","2,79","36,03","10,92","6,20","32,58","7,99","28,75","1,97","13,56","28,02","14,33","7,51","28,20","79,84","16,66","44,70","35,23","12,07","14,86","16,00","16,40","6,79","6,85","36,59","22,04","23,81","10,96","45,63","22,79","10,18","30,64","34,76","5,87","16,92","15,10","19,30","24,44","10,56","14,55","8,62","7,31","27,80","9,40","13,99","33,04","30,32","7,29","39,24","46,49","17,06","15,12","6,18","37,53","11,11","38,66","27,09","36,13","12,76","24,28","10,92","13,97","25,21","17,58","48,40","33,82","25,05","21,53","44,32","20,27","4,40","52,77","3,52","21,32","27,91","30,90","34,80","12,30"
29/09/2025 00:00:00,"11,73","23,50","3,38","9,32",,"10,32","51,09","28,21","12,79","21,61","13,99","16,41","28,93","6,31","47,56","15,09","18,05","3,63","16,16","10,09","5,13","2,86","36,25","11,11","6,28","33,01","8,04","29,09","1,97","13,65","28,25","14,55","7,58","28,86","78,09","16,76","45,13","35,49","11,90","14,91","16,14","16,64","6,92","6,92","36,35","22,17","24,02","10,86","46,41","23,34","10,26","30,81","34,95","6,03","16,65","15,04","19,41","24,38","10,02","14,82","8,51","7,22","28,08","9,40","14,11","32,42","29,90","7,25","38,91","47,22","17,36","15,54","6,13","38,51","10,95","38,64","27,19","36,31","12,78","24,68","10,43","14,00","25,65","17,26","48,12","34,20","24,99","21,87","45,17","20,76","4,39","52,94","3,42","21,72","28,36","31,40","34,95","12,46"
30/09/2025 00:00:00,"11,42","23,47","3,37","9,38",,"10,27","50,93","27,40","12,79","21,58","14,20","16,55","29,46","6,51","46,98","15,06","17,87","3,55","15,74","10,16","5,14","2,92","36,49","11,15","6,17","33,27","7,90","29,84","1,95","13,96","28,31","14,66","7,55","28,59","79,34","16,55","45,15","35,44","12,09","14,91","15,99","16,74","6,88","6,85","35,85","21,92","24,05","10,76","47,58","23,08","10,27","30,98","35,12","6,05","16,77","14,44","19,42","24,92","9,06","14,69","8,30","7,45","28,21","9,35","13,94","31,91","29,58","7,14","38,13","47,44","17,66","15,86","6,15","38,31","10,77","38,05","27,23","36,54","12,88","25,00","9,79","13,83","25,60","17,12","48,84","34,11","24,76","22,24","45,25","20,97","4,23","53,22","3,30","21,67","27,97","31,92","35,16","12,33"
01/10/2025 00:00:00,"11,33","23,27","3,29","9,30",,"10,08","51,23","26,85","12,49","21,43","13,92","16,27","29,60","6,54","46,56","15,14","17,96","3,52","15,65","9,84","5,22","2,89","35,96","11,17","6,16","33,09","8,21","29,78","1,88","14,02","28,34","14,66","7,50","28,82","79,44","16,79","44,88","35,22","12,04","14,74","16,33","17,03","6,82","7,01","35,48","22,23","23,85","10,79","48,30","23,31","10,11","30,38","34,49","6,08","16,96","14,46","19,42","24,10","9,06","14,59","8,45","7,40","27,99","9,19","13,98","31,87","29,50","6,93","38,39","46,72","17,49","15,63","6,09","37,91","10,81","38,57","26,82","35,97","12,95","24,81","9,84","13,84","25,18","16,96","48,83","34,36","24,72","22,10","44,16","20,24","4,39","53,90","3,17","21,29","28,44","31,74","34,39","12,16"
02/10/2025 00:00:00,"11,27","22,91","3,16","9,14",,"10,09","50,82","25,47","12,25","21,26","13,73","16,00","29,31","6,53","45,99","15,26","17,61","3,58","15,17","9,85","5,15","2,76","35,46","10,93","5,97","32,74","8,16","29,06","1,80","13,84","28,04","14,38","7,34","28,51","74,81","16,53","44,30","34,77","11,91","14,78","16,53","16,91","6,77","7,09","35,55","22,13","23,47","10,60","47,03","23,17","9,99","30,09","34,11","5,96","16,83","14,13","18,87","23,39","8,64","14,20","8,06","7,21","27,45","9,02","13,83","31,47","29,22","7,04","38,30","46,49","17,28","15,79","5,84","37,82","10,58","37,41","26,76","35,46","12,75","24,07","9,45","13,77","24,31","16,80","49,03","33,96","24,24","21,96","43,22","20,23","4,37","54,26","3,13","21,00","27,75","31,17","34,72","11,79"
03/10/2025 00:00:00,"11,22","22,90","3,21","8,94",,"10,37","50,81","24,80","12,17","21,09","13,73","16,01","29,07","6,51","46,54","15,26","17,58","3,62","15,21","9,88","5,19","2,80","35,64","10,94","6,10","32,80","8,20","29,40","1,80","13,92","28,12","14,48","7,46","28,31","75,79","16,59","44,39","34,77","12,21","14,78","16,85","17,13","6,77","7,20","35,86","21,87","23,55","10,61","47,46","22,94","10,04","30,30","34,36","5,94","16,96","14,03","18,20","23,57","8,63","14,31","8,10","7,26","27,59","8,92","13,78","31,24","29,14","7,12","38,24","45,68","18,06","15,79","5,76","37,88","10,56","37,62","26,71","35,36","12,74","24,13","9,39","13,44","24,52","16,66","49,62","34,14","24,36","22,21","44,02","20,01","4,43","54,16","3,10","21,11","28,44","31,21","34,98","12,02"
06/10/2025 00:00:00,"11,20","22,48","3,17","8,86",,"10,42","50,86","24,12","12,06","20,92","13,62","15,92","29,06","6,38","46,37","15,46","17,48","3,95","14,81","9,88","5,36","2,77","35,70","10,82","6,04","32,57","8,73","28,88","1,77","14,01","27,66","14,28","7,35","28,06","76,99","16,43","44,06","34,63","11,97","14,71","16,80","17,02","6,60","7,23","36,00","21,67","23,03","10,35","47,18","22,94","10,00","29,96","33,96","5,86","16,53","13,74","17,88","22,98","8,45","14,10","8,21","7,18","27,08","8,59","13,51","31,06","28,88","7,01","37,91","44,73","18,03","15,64","5,73","37,90","10,55","36,87","26,48","35,63","13,00","24,09","9,14","13,35","24,24","16,38","48,45","33,84","23,68","22,19","43,48","19,83","4,58","55,08","3,07","20,71","27,86","30,94","34,29","12,04"
07/10/2025 00:00:00,"11,06","22,10","2,92","8,61",,"10,14","50,03","22,74","11,68","20,72","13,37","15,66","29,29","6,46","44,82","15,25","17,32","4,05","14,52","9,72","5,29","2,66","35,11","10,64","5,81","32,39","8,40","27,75","1,74","14,00","26,94","13,75","7,13","28,20","76,12","16,08","43,01","33,78","11,69","14,55","16,55","16,36","6,39","7,09","35,33","21,31","22,85","10,25","46,62","22,41","9,80","29,40","33,42","5,72","16,36","12,95","17,51","21,81","8,47","13,60","7,48","6,31","26,71","8,13","13,31","31,10","28,98","6,82","37,73","43,87","17,80","15,59","5,57","37,21","10,64","35,51","25,94","34,33","13,09","23,61","8,80","13,26","23,60","16,08","47,85","33,49","22,69","21,62","42,78","19,62","4,42","54,30","2,87","20,31","26,61","30,25","34,33","11,45"
08/10/2025 00:00:00,"11,23","22,19","3,01","8,54",,"10,37","50,60","22,94","12,08","20,64","13,57","15,91","29,02","6,34","46,19","15,25","16,79","4,38","14,77","9,73","5,28","2,70","35,09","10,61","5,93","32,04","8,46","27,57","1,77","13,83","27,54","13,84","7,22","27,97","76,82","16,47","42,86","33,85","11,68","14,42","16,88","16,64","6,40","7,25","36,13","20,24","22,94","10,22","46,13","22,46","9,87","29,55","33,49","5,76","16,28","13,18","17,56","22,29","8,58","13,79","7,42","6,35","26,70","8,29","13,37","30,78","28,81","6,88","37,64","43,37","18,31","15,62","5,64","37,32","10,47","35,47","25,88","34,07","13,01","23,43","8,75","13,28","23,81","16,13","46,81","33,69","23,16","21,57","42,90","20,71","4,42","54,72","2,84","20,76","26,83","30,35","34,11","11,37"
09/10/2025 00:00:00,"11,07","22,01","3,00","8,26",,"10,73","50,44","22,82","12,21","20,70","13,62","15,99","29,02","6,23","46,16","15,17","15,93","4,58","14,60","9,61","5,32","2,66","35,09","10,69","5,89","32,19","8,42","27,22","1,74","13,79","26,92","13,53","7,24","28,01","76,45","16,51","42,89","33,88","11,54","14,30","16,92","16,25","6,32","7,27","35,87","20,13","22,84","10,12","46,02","22,37","9,83","29,60","33,43","5,72","16,29","13,21","16,81","21,95","8,46","13,82","7,42","6,25","26,55","8,43","13,28","30,37","28,40","6,83","37,28","44,12","18,19","15,38","5,48","36,23","10,40","35,41","26,22","34,31","12,94","23,33","8,77","13,22","23,54","15,38","46,67","33,38","22,12","21,56","41,95","20,70","4,39","54,64","2,88","20,83","26,57","30,30","35,75","11,14"
10/10/2025 00:00:00,"11,16","21,80","2,97","8,11",,"10,65","50,38","22,58","12,03","20,14","13,42","15,78","28,88","6,30","45,89","15,21","15,54","4,36","14,54","9,63","5,12","2,64","35,10","10,67","5,87","32,39","7,91","26,99","1,70","13,78","26,76","13,29","7,12","28,41","76,29","16,42","42,54","33,81","11,29","14,25","16,71","16,20","6,28","7,22","33,71","20,30","22,63","9,95","45,82","22,35","9,80","29,58","33,40","5,59","16,15","13,34","16,58","21,63","8,31","13,76","7,28","6,26","26,29","8,40","13,27","30,14","28,15","6,76","36,02","44,09","17,98","15,42","5,28","36,23","10,09","34,53","25,66","34,42","12,84","23,12","8,49","13,32","23,36","15,33","47,16","33,33","22,51","21,29","42,28","20,28","4,25","54,41","2,82","20,69","26,52","30,32","35,26","11,03"
13/10/2025 00:00:00,"11,21","21,86","3,01","7,94",,"10,74","50,46","22,41","12,13","20,40","13,49","15,84","28,75","6,23","46,06","15,40","16,09","4,70","14,91","9,73","5,24","2,64","35,53","10,79","5,87","32,52","8,41","27,08","1,72","13,78","26,71","13,32","7,22","29,15","77,87","16,48","42,79","33,94","11,52","14,27","17,06","16,39","6,25","7,37","33,76","20,66","22,64","10,15","45,59","22,44","9,84","29,79","33,53","5,63","16,29","13,50","15,89","21,76","8,11","13,82","7,25","6,22","26,34","8,47","13,45","30,43","28,42","6,84","36,30","44,41","17,96","15,36","5,24","36,19","10,39","34,86","25,70","35,03","12,98","23,37","8,45","13,19","23,56","15,23","47,18","33,51","22,35","21,36","42,17","20,43","4,52","55,23","2,81","20,83","26,44","30,23","36,36","11,05"
14/10/2025 00:00:00,"11,39","21,62","3,06","8,08",,"10,46","50,28","22,72","11,98","20,23","13,63","16,07","28,77","6,39","45,17","15,32","15,55","4,72","15,13","9,77","5,27","2,53","35,95","10,79","5,88","32,86","8,45","27,17","1,72","13,77","26,57","13,31","7,16","28,13","81,67","16,31","42,65","33,82","11,33","14,18","17,05","16,25","6,14","7,37","32,96","20,62","22,47","10,20","45,18","22,40","9,85","29,74","33,68","5,56","16,22","13,67","15,30","21,72","8,28","13,73","7,17","6,24","26,23","8,24","13,36","30,41","28,22","6,79","35,32","44,35","18,05","15,26","5,29","36,61","10,26","34,60","25,43","35,45","12,88","23,61","8,43","13,22","23,66","15,23","46,97","33,35","21,98","21,43","42,00","20,14","4,65","55,23","2,78","20,73","26,45","30,25","35,87","11,00"
15/10/2025 00:00:00,"11,33","21,98","3,13","8,57",,"10,55","51,45","22,78","12,06","19,85","13,80","16,26","28,36","6,50","46,18","15,40","15,20","4,95","15,68","9,77","5,25","2,63","36,09","10,82","5,97","34,70","8,52","27,65","1,73","13,53","26,77","13,51","7,37","27,97","79,67","16,52","43,41","34,23","11,36","14,30","17,25","16,47","6,19","7,48","33,40","20,73","22,75","10,22","45,19","22,50","9,85","29,65","33,68","5,73","16,27","13,60","15,33","22,26","8,41","13,94","7,26","6,54","26,51","8,23","13,48","29,98","27,97","6,80","34,60","44,42","18,87","15,47","5,39","36,89","10,45","35,49","25,87","35,94","13,01","23,95","8,47","13,31","24,42","15,17","46,62","33,80","22,52","21,87","41,68","20,37","4,75","56,25","2,85","21,02","27,22","30,49","35,96","11,40"
16/10/2025 00:00:00,"11,48","21,75","3,01","8,26",,"10,76","51,68","22,25","12,03","19,90","13,91","16,44","28,18","6,50","44,56","15,33","14,74","4,96","15,65","9,78","5,20","2,67","36,24","11,06","5,70","34,43","8,30","27,48","1,67","13,59","26,58","13,46","7,31","28,28","79,74","16,67","43,43","34,41","11,61","14,19","17,01","16,22","6,11","7,35","32,62","20,74","22,70","10,17","45,16","22,59","9,83","29,69","33,59","5,60","16,42","13,66","15,46","22,21","7,74","14,07","7,07","6,41","26,29","8,26","13,44","29,75","27,69","6,75","34,20","44,11","18,81","14,95","5,46","36,96","10,40","34,82","25,95","35,81","12,84","24,40","8,29","13,26","23,80","15,14","46,78","33,74","22,30","21,95","41,43","20,12","4,79","55,74","2,82","20,57","27,27","30,49","36,93","11,29"
17/10/2025 00:00:00,"11,69","21,87","3,01","8,31",,"10,93","52,98","22,56","11,99","20,42","14,05","16,56","28,31","6,55","45,15","15,33","15,13","5,05","15,93","9,87","5,19","2,74","36,57","11,28","5,87","34,49","8,34","27,66","1,67","13,65","26,53","13,57","7,37","28,14","79,66","16,70","44,60","34,84","11,65","14,39","17,33","16,56","6,15","7,45","32,90","21,16","22,83","10,15","44,91","22,66","9,84","29,79","33,71","5,63","16,08","13,59","15,67","22,12","7,93","14,24","6,89","6,45","26,44","8,16","13,60","29,89","27,95","6,80","36,12","44,08","18,86","15,36","5,82","37,14","10,53","35,31","26,12","35,28","12,92","24,38","8,22","13,26","24,01","15,00","46,62","34,12","22,20","22,37","40,72","20,11","4,86","55,58","2,82","20,70","28,19","30,92","38,58","11,43"
20/10/2025 00:00:00,"11,68","22,05","3,07","8,31",,"10,80","53,27","23,13","12,08","20,29","14,30","16,87","28,45","6,61","45,45","15,64","14,99","5,06","16,37","9,92","5,41","2,87","37,13","11,44","5,85","34,65","8,72","28,45","1,70","13,86","27,34","14,13","7,58","28,03","80,52","16,74","44,85","35,01","12,19","13,77","17,58","16,60","6,21","7,55","33,04","21,57","23,23","10,14","45,46","22,86","10,05","30,20","34,31","5,75","16,23","13,65","15,76","22,19","7,87","14,67","6,93","6,55","26,67","8,53","13,82","29,81","27,97","7,03","35,41","44,90","18,75","15,37","5,71","37,39","10,46","35,66","26,77","35,44","12,76","24,64","8,28","13,30","24,30","14,93","46,69","33,93","22,37","22,48","40,73","19,94","4,86","56,29","2,78","20,78","28,50","30,81","38,00","11,92"
21/10/2025 00:00:00,"11,55","22,08","3,01","8,36",,"11,00","53,27","23,29","11,77","20,07","14,16","16,64","28,27","6,61","45,64","15,57","14,11","4,99","16,44","9,81","5,29","2,86","37,17","11,52","6,01","34,66","8,65","28,49","1,68","13,82","27,43","14,19","7,52","27,86","84,65","16,50","44,82","34,78","12,37","13,72","17,51","16,56","6,16","7,57","32,63","22,10","23,32","10,24","45,13","22,68","9,95","30,08","33,99","5,70","16,10","13,97","15,65","21,84","7,89","14,82","7,01","6,64","26,65","8,60","13,79","29,50","27,74","7,09","35,15","44,75","18,86","15,46","5,79","37,82","10,47","36,03","26,64","35,36","12,95","24,63","8,31","13,36","24,11","14,85","46,47","33,95","21,97","22,26","41,08","19,69","4,96","56,20","2,97","20,47","28,93","30,96","38,12","11,93"
22/10/2025 00:00:00,"11,41","22,17","3,09","7,77",,"11,42","52,48","23,72","11,88","20,22","14,21","16,66","28,44","6,65","46,05","15,73","14,42","5,01","15,96","9,79","5,31","2,93","37,65","11,71","5,95","34,92","8,61","28,90","1,69","13,72","27,45","14,33","7,60","27,63","83,74","16,60","44,90","35,07","12,35","13,35","17,33","16,48","6,18","7,50","32,36","22,20","23,34","10,36","45,59","22,79","10,06","30,34","34,27","5,74","16,37","13,81","15,71","21,91","7,87","15,05","7,18","6,87","26,71","8,51","13,71","29,99","28,06","7,00","36,21","44,93","18,73","15,26","5,73","38,34","10,64","36,45","26,85","33,69","12,79","24,61","8,55","13,37","24,48","14,49","47,19","33,99","22,09","22,45","40,89","19,47","4,94","57,20","3,13","20,55","29,23","31,04","38,46","12,11"
23/10/2025 00:00:00,"11,45","22,26","3,18","8,01",,"11,65","52,47","25,04","12,02","20,18","14,34","16,84","28,36","6,83","46,03","15,64","14,78","5,10","16,08","9,86","5,38","2,97","37,70","11,80","6,16","35,05","8,76","29,14","1,70","13,57","27,62","14,52","7,61","27,68","84,97","16,70","45,36","35,18","12,25","13,12","17,51","16,60","6,22","7,53","32,23","22,13","23,62","10,61","45,70","22,94","10,06","30,44","34,24","5,78","16,55","14,15","15,26","22,08","7,43","14,87","7,14","7,02","26,80","8,53","13,83","30,21","28,38","7,02","36,86","45,08","18,67","15,44","6,00","38,28","10,77","36,85","27,07","33,61","12,70","24,71","8,67","13,33","24,58","14,61","47,63","34,24","22,38","22,80","41,36","19,79","4,97","57,09","3,12","21,05","29,49","31,44","39,82","12,43"
24/10/2025 00:00:00,"11,44","22,38","3,27","8,12",,"11,45","52,52","25,48","11,93","20,05","14,45","16,93","28,42","6,82","46,39","15,68","14,37","5,25","16,03","9,76","5,40","3,04","37,79","11,85","6,00","36,21","8,63","29,59","1,79","13,56","27,78","14,64","7,64","27,58","85,36","17,41","46,15","35,58","12,38","13,35","17,53","16,67","6,25","7,55","32,43","22,83","23,98","10,80","46,99","22,94","10,10","30,38","34,20","5,83","16,70","14,13","15,03","22,31","7,62","15,15","7,33","7,12","26,86","8,74","13,86","29,99","28,05","6,97","37,05","44,80","18,86","15,27","5,98","38,48","10,66","37,38","27,48","33,98","12,69","25,18","9,02","13,42","24,80","14,42","48,05","34,40","21,97","23,21","41,71","20,21","4,94","57,06","3,20","21,24","30,04","32,23","39,75","12,65"
27/10/2025 00:00:00,"11,48","22,54","3,29","8,30",,"11,77","52,71","26,07","11,96","20,37","14,50","17,07","28,50","6,79","46,50","15,79","14,31","5,57","16,21","9,90","5,39","3,01","38,34","11,91","6,12","35,79","8,92","29,81","1,86","13,80","27,86","14,67","7,68","28,00","85,65","17,88","46,39","35,75","12,50","13,52","17,54","16,72","6,30","7,53","32,39","22,61","24,11","11,00","47,77","23,23","10,13","30,65","34,49","5,91","16,52","14,15","16,00","22,61","8,04","15,33","7,51","7,24","27,07","8,81","13,94","30,20","28,20","7,01","37,00","45,28","19,07","15,45","6,03","38,74","10,71","37,93","27,75","33,32","12,73","24,97","9,14","13,39","24,60","14,21","48,06","34,72","22,19","23,63","41,78","20,17","5,46","56,99","3,19","21,26","30,06","32,42","40,04","12,40"
28/10/2025 00:00:00,"11,37","22,28","3,21","8,32",,"11,05","52,63","25,83","12,05","20,48","14,57","17,08","28,95","6,85","46,68","15,88","14,46","5,44","15,67","10,09","5,54","3,13","38,44","11,81","6,06","36,52","9,12","29,77","1,80","13,86","27,78","14,62","7,62","27,92","88,31","17,80","45,17","34,61","12,82","13,54","17,77","16,53","6,23","7,65","32,12","22,50","23,91","10,91","46,48","23,27","10,17","30,76","34,60","5,91","16,83","13,92","18,50","21,91","8,17","15,54","7,39","7,03","26,81","8,73","13,82","30,23","28,19","7,04","36,43","45,67","18,71","15,69","5,96","38,79","10,74","37,78","27,71","33,63","12,58","24,94","8,90","13,36","24,10","14,14","48,42","35,04","20,84","23,75","42,86","20,05","5,49","57,49","3,13","21,03","29,92","32,44","40,67","12,56"
29/10/2025 00:00:00,"11,37","22,38","3,18","8,39",,"10,72","53,28","25,54","12,06","20,73","14,93","17,63","28,72","6,65","48,25","16,14","14,37","5,28","15,99","10,13","5,58","3,13","38,51","11,96","6,08","36,15","9,31","30,26","1,82","13,81","27,62","14,95","7,60","28,14","86,97","18,05","45,99","35,20","13,30","13,39","18,53","16,56","6,23","7,96","31,60","23,59","24,06","10,72","46,79","23,27","10,37","31,47","35,38","6,08","16,70","13,97","17,05","22,36","8,05","15,36","7,50","7,11","26,95","8,70","13,73","30,17","28,22","7,05","36,00","45,60","18,97","15,53","5,85","38,98","10,59","38,36","28,16","33,48","12,65","24,83","8,90","13,33","23,94","14,13","48,05","35,03","21,77","23,61","42,57","19,80","5,45","58,54","3,07","20,69","29,64","32,22","40,41","12,41"
30/10/2025 00:00:00,"11,90","22,56","3,23","8,45",,"10,63","53,87","26,03","12,03","21,13","14,40","16,95","29,07","6,68","47,82","16,19","14,47","5,19","15,87","10,25","5,61","3,18","38,61","11,95","6,07","36,29","9,36","30,54","1,83","14,00","27,78","15,13","7,66","27,97","86,85","18,12","45,95","35,30","13,54","13,37","18,02","16,54","6,29","7,81","31,57","24,76","23,97","10,74","47,79","23,80","10,33","31,37","35,33","6,16","16,71","13,93","17,38","22,71","8,02","15,30","7,45","7,41","27,02","8,73","13,84","29,91","28,10","7,07","35,77","46,21","19,13","15,88","5,96","38,97","10,58","37,85","28,89","33,54","12,48","24,94","9,04","13,38","24,16","13,82","47,65","35,46","21,82","23,64","43,08","20,28","5,57","58,98","3,09","21,11","30,23","32,04","39,83","12,52"
31/10/2025 00:00:00,"12,01","22,76","3,46","8,49",,"10,99","54,04","26,09","12,08","21,40","14,44","17,01","29,10","6,93","47,53","16,49","14,67","5,17","15,61","10,33","5,64","3,27","38,53","12,10","6,15","36,46","9,44","30,77","1,88","13,83","28,09","15,39","7,68","28,10","85,96","18,31","46,01","35,15","13,64","13,44","18,24","16,85","6,38","7,98","31,28","24,92","24,04","10,92","47,91","23,70","10,43","31,43","35,47","6,22","16,77","14,17","17,87","23,02","7,99","15,67","7,59","7,56","26,67","9,01","13,86","29,76","27,97","6,32","36,03","45,72","19,26","15,81","6,05","39,46","10,61","38,04","29,39","34,01","12,38","24,94","9,06","13,61","24,16","13,84","47,85","35,45","22,37","22,98","43,71","20,43","5,67","60,32","3,10","20,97","30,55","30,12","40,46","13,57"
03/11/2025 00:00:00,"12,20","22,78","3,27","8,42",,"10,83","54,51","25,67","12,25","21,57","14,63","17,19","29,45","7,12","47,22","16,94","14,76","5,00","15,23","10,44","5,67","3,25","39,55","12,30","6,09","36,40","9,30","30,74","1,86","13,95","28,22","15,32","7,68","28,31","85,96","18,79","46,46","36,06","13,77","13,42","18,01","16,71","6,24","7,86","30,40","24,79","24,16","10,78","48,48","24,19","10,54","31,91","36,06","6,23","16,71","14,08","17,55","23,28","7,87","15,91","7,92","7,59","26,94","9,05","13,83","30,03","28,30","5,81","36,44","45,70","19,10","15,50","5,95","39,24","10,79","38,25","29,75","34,03","12,58","25,21","9,06","13,58","23,81","13,42","47,52","35,92","22,00","22,95","42,66","20,41","5,54","60,40","3,05","20,87","29,93","30,32","41,13","13,23"
04/11/2025 00:00:00,"12,44","23,04","3,27","8,37",,"11,11","54,96","25,79","12,25","21,76","14,68","17,25","29,80","7,18","47,74","16,80","14,97","4,89","15,35","10,53","5,55","3,28","39,90","12,34","5,90","36,40","9,13","30,81","1,91","14,09","28,54","15,48","7,79","29,05","83,13","18,71","46,49","36,21","13,78","13,44","17,89","16,83","6,18","7,82","30,55","24,40","24,37","10,73","50,17","24,54","10,51","31,78","35,95","6,32","17,21","14,29","17,56","23,98","7,91","16,04","8,46","7,62","26,95","9,02","14,15","30,31","28,44","5,79","36,75","46,42","18,76","15,54","5,96","39,11","10,92","39,45","29,86","34,34","12,43","25,27","9,28","13,76","24,05","13,30","48,36","36,73","21,87","23,22","42,81","20,42","5,51","59,73","3,21","20,79","30,36","31,04","41,08","13,30"
05/11/2025 00:00:00,"12,45","23,68","3,41","8,83",,"11,60","56,02","26,42","12,60","22,09","14,95","17,61","29,90","7,16","49,06","17,05","15,26","4,96","16,65","10,77","5,54","3,33","39,68","12,56","6,12","36,91","8,71","30,97","1,94","14,16","29,20","15,47","8,04","29,65","86,18","18,90","47,86","36,97","13,75","13,68","18,38","17,29","6,34","8,03","31,60","24,16","24,89","11,06","50,99","24,69","10,56","31,99","36,10","6,48","17,35","14,76","17,83","24,79","8,25","15,82","8,94","7,76","27,81","9,12","14,54","30,86","29,00","5,79","37,81","46,56","19,45","15,67","6,10","39,86","10,81","40,10","30,68","34,62","11,40","25,77","9,98","13,84","24,44","13,68","47,86","37,23","22,30","23,67","43,66","21,09","5,55","60,76","3,49","21,43","30,54","31,82","41,81","12,98"
06/11/2025 00:00:00,"12,36","23,87","3,26","8,65",,"11,67","56,44","25,62","12,50","22,34","14,90","17,54","30,32","6,20","48,89","17,06","14,25","5,06","15,74","10,69","5,45","3,27","39,43","12,34","6,08","36,92","8,50","31,31","1,84","14,30","29,59","15,64","8,18","30,13","84,23","19,15","47,35","37,47","13,61","13,95","18,41","16,95","6,36","7,98","31,36","23,82","24,77","11,01","49,87","24,84","10,60","32,04","36,10","6,41","17,09","13,90","17,24","24,52","7,54","15,97","8,63","7,63","27,59","9,20","14,46","30,89","29,15","5,53","38,46","47,21","20,19","15,51","5,97","43,19","10,70","39,69","30,40","35,24","11,65","25,80","9,55","13,58","23,31","13,07","47,61","37,44","21,54","23,16","44,97","21,11","5,42","60,54","3,40","21,77","31,16","31,56","42,20","12,60"
07/11/2025 00:00:00,"12,40","23,83","3,47","8,95",,"11,33","56,91","26,12","12,39","22,37","14,94","17,56","29,96","5,90","49,25","16,70","14,53","5,03","15,92","10,54","5,39","3,05","39,68","12,42","6,13","36,36","8,35","32,00","1,84","14,56","30,73","15,81","8,27","29,86","85,28","19,07","46,79","37,66","13,90","14,50","18,32","16,91","6,35","7,99","31,07","23,97","24,90","10,97","49,34","25,07","10,57","31,99","36,14","6,50","16,98","13,32","18,25","25,52","7,68","15,69","8,65","7,69","27,81","9,35","14,45","32,38","30,25","5,67","38,85","47,19","20,71","15,53","6,05","43,07","10,01","39,44","30,57","34,77","11,78","25,93","9,59","14,14","23,72","13,15","46,61","37,73","23,47","23,22","44,50","21,39","5,49","59,88","3,40","21,87","31,36","31,61","43,24","12,59"
10/11/2025 00:00:00,"12,45","24,11","3,78","9,02",,"11,55","57,70","25,59","12,52","22,26","15,17","17,89","30,42","5,98","49,86","16,81","14,53","5,32","16,15","10,68","5,34","3,12","40,39","12,64","6,17","36,34","8,29","32,10","1,83","14,57","30,75","15,91","8,35","30,38","85,48","19,35","47,16","37,96","14,04","14,57","18,39","17,09","6,27","8,02","31,36","24,15","25,20","11,19","49,82","25,22","10,59","32,24","36,38","6,52","16,89","13,84","18,77","25,19","7,94","15,92","8,43","7,66","28,19","9,20","14,64","32,66","30,42","5,75","39,23","47,47","21,30","15,70","6,00","42,50","10,05","40,58","30,82","34,92","11,77","25,91","9,53","14,23","23,48","13,25","45,70","38,10","24,27","23,26","45,42","21,56","5,39","60,27","3,41","22,27","31,68","31,39","43,60","12,94"
11/11/2025 00:00:00,"12,84","24,47","3,82","9,51",,"11,53","59,16","26,12","12,91","22,93","15,46","18,27","29,73","6,20","51,02","16,83","14,72","5,24","17,34","11,06","5,44","3,15","41,36","12,53","6,68","36,55","8,31","32,44","2,04","14,56","31,94","16,04","8,70","30,75","85,83","19,29","48,22","38,98","14,08","14,61","18,47","17,49","6,51","8,01","31,58","24,86","25,62","11,53","51,08","25,66","10,87","32,74","37,08","6,68","16,85","14,27","20,30","25,61","8,58","16,04","9,78","8,06","28,49","7,76","15,06","33,45","31,21","5,71","40,30","43,85","22,06","16,21","6,21","41,73","10,26","41,72","31,54","35,50","11,98","26,04","10,65","14,24","24,37","13,60","45,56","39,48","25,31","23,68","45,99","22,00","5,29","60,12","3,61","22,55","31,27","32,59","44,23","13,19"
12/11/2025 00:00:00,"12,87","24,72","3,67","9,54",,"11,45","59,84","26,86","13,48","22,28","15,50","18,22","29,49","6,20","52,25","17,05","14,74","5,09","16,78","10,94","5,67","3,09","42,15","12,52","6,41","36,93","8,73","32,28","1,87","14,25","31,76","16,28","9,20","31,15","83,40","19,25","48,15","39,36","14,34","14,91","18,62","17,19","6,37","8,04","32,69","24,83","25,54","11,56","50,48","25,92","10,62","31,95","36,24","6,74","17,30","14,26","20,88","25,39","8,63","16,12","9,63","8,14","28,38","7,85","15,32","32,45","30,41","5,59","40,01","43,58","22,01","16,29","6,18","42,78","9,74","41,54","31,53","35,45","11,78","26,75","10,33","14,16","23,84","13,78","47,05","41,76","24,56","23,48","46,80","21,80","5,36","60,78","3,51","22,56","32,47","33,07","43,14","13,06"
13/11/2025 00:00:00,"12,88","25,85","3,54","9,39",,"11,28","59,74","26,70","13,81","21,98","15,56","18,26","29,53","6,07","52,57","16,95","14,57","4,89","16,41","10,82","5,63","3,13","41,68","12,71","6,10","37,24","8,61","32,72","1,80","14,51","31,29","16,40","9,35","30,70","82,49","19,29","47,67","39,14","14,57","14,64","18,48","17,06","6,18","7,93","18,89","24,93","25,73","11,35","49,45","25,82","10,69","32,03","36,38","6,68","16,99","14,16","21,79","25,65","8,55","15,79","9,43","8,56","28,57","7,88","15,08","32,74","30,54","5,69","39,83","44,25","21,84","16,31","6,24","42,20","9,62","40,55","31,70","35,32","11,63","26,62","10,04","13,95","23,32","13,35","46,64","41,82","24,01","23,29","46,40","20,76","5,27","60,70","3,48","22,43","32,55","33,09","43,07","12,93"
14/11/2025 00:00:00,"12,94","26,29","3,47","9,36",,"11,17","60,71","27,02","13,78","21,93","15,52","18,25","29,93","6,30","51,98","16,95","14,56","4,72","16,78","10,24","5,60","3,02","42,70","12,71","6,19","37,96","8,65","33,28","1,81","14,62","32,50","16,90","9,39","30,32","82,31","19,49","48,19","39,32","14,63","14,69","18,34","17,18","5,55","7,92","17,79","24,70","26,09","11,53","48,24","25,88","10,70","32,14","36,52","6,88","16,90","14,47","24,40","25,20","9,05","15,96","9,92","8,42","28,86","7,82","15,07","32,99","30,74","5,71","39,79","44,26","22,02","16,41","6,29","41,94","9,46","42,49","31,88","35,51","11,51","27,07","10,53","14,03","23,51","13,63","46,35","41,87","23,77","23,54","47,43","21,37","5,27","60,33","3,59","22,68","32,53","32,71","42,70","12,03"
17/11/2025 00:00:00,"13,00","25,54","3,29","9,61",,"11,09","61,05","26,39","13,51","21,98","15,39","18,11","29,99","6,43","51,58","17,05","14,43","5,10","16,37","10,51","5,45","2,99","43,15","12,61","6,00","37,14","8,35","32,70","1,87","14,79","31,63","16,72","9,19","30,31","83,09","19,39","47,60","39,12","15,18","14,58","18,27","17,07","5,44","7,86","18,00","24,67","25,64","11,54","47,73","25,90","10,67","31,89","36,25","6,62","17,05","14,44","25,60","24,78","8,61","15,70","9,70","8,54","28,69","7,77","14,93","33,01","30,91","5,63","39,85","43,87","22,26","14,92","6,12","41,14","9,44","41,64","31,61","35,20","11,33","26,31","10,20","13,92","23,03","13,59","47,47","42,76","23,15","23,39","46,26","20,97","5,23","60,28","3,35","22,83","32,43","32,18","42,25","11,80"
18/11/2025 00:00:00,"12,98","25,45","3,43","9,39",,"11,60","61,31","27,55","13,41","21,38","15,25","17,90","29,67","6,56","51,01","17,07","14,54","5,00","16,47","10,44","5,43","3,28","43,85","12,57","5,95","36,74","8,15","32,81","1,96","14,89","31,85","16,87","9,20","30,37","83,40","19,29","47,93","39,04","15,04","14,45","18,22","17,08","5,27","7,83","17,00","24,79","25,76","11,55","47,59","25,86","10,60","31,67","36,07","6,84","16,82","14,39","23,54","24,04","8,94","15,69","9,70","8,37","28,94","7,75","14,87","33,01","31,01","5,83","40,04","43,68","22,78","15,30","6,00","41,03","9,62","41,48","31,55","34,58","11,12","25,74","10,35","13,83","22,89","13,59","47,50","42,20","23,41","23,68","46,37","21,43","5,20","60,10","3,38","23,29","32,33","32,75","41,74","12,08"
19/11/2025 00:00:00,"12,67","25,20","3,44","9,11",,"11,57","60,82","27,01","13,22","21,09","15,14","17,72","29,52","6,29","50,74","16,94","14,38","5,10","16,26","10,12","5,32","3,24","44,25","12,19","5,84","36,77","8,11","32,89","1,97","14,83","31,50","16,68","9,20","30,11","85,38","19,01","47,13","38,78","15,00","14,44","18,07","16,81","5,08","7,75","17,34","24,53","25,43","11,51","46,86","25,60","10,52","31,49","35,85","6,76","16,78","14,24","21,51","24,79","8,80","15,67","9,43","8,25","28,76","7,76","14,77","32,93","30,85","5,89","39,41","43,07","22,34","15,58","5,83","40,72","9,41","41,24","31,32","34,20","11,02","25,85","10,31","13,71","23,47","13,33","47,30","41,04","23,64","22,97","45,68","21,23","5,13","60,03","3,35","22,81","31,81","32,32","41,95","12,24"
21/11/2025 00:00:00,"12,87","24,86","3,39","8,89",,"11,80","61,03","27,62","13,26","21,50","15,06","17,61","29,47","6,13","49,86","16,99","13,98","4,93","16,42","10,03","5,35","3,30","44,17","12,02","5,85","36,55","8,10","33,10","1,83","14,85","31,44","16,54","9,08","29,95","81,67","19,05","47,02","38,71","14,69","14,16","18,05","16,69","4,98","7,79","17,42","24,29","24,99","11,66","46,81","25,58","10,54","31,55","35,96","6,77","16,57","14,50","20,70","24,21","9,09","15,46","9,33","8,38","28,32","7,61","14,76","32,65","30,62","5,89","38,80","43,48","22,04","15,22","5,87","40,62","9,29","40,55","31,22","33,68","10,94","25,93","10,28","13,64","23,01","13,25","47,28","40,32","23,58","23,39","42,64","20,80","5,18","60,23","3,25","22,83","31,52","32,41","41,53","12,01"
24/11/2025 00:00:00,"13,01","25,60","3,33","9,24",,"12,07","61,58","26,95","13,34","21,34","15,02","17,62","29,73","6,14","49,84","17,16","13,81","5,15","16,90","10,21","5,02","3,27","44,56","12,13","5,91","36,85","8,11","33,70","1,73","15,14","31,82","16,66","9,46","30,51","81,54","19,10","47,65","38,62","14,87","14,07","18,17","16,65","5,07","7,88","17,13","24,41","25,39","11,96","47,29","25,89","10,57","31,71","35,82","6,97","16,34","14,41","20,80","25,06","9,34","15,73","9,66","8,71","28,47","7,47","15,00","32,48","30,59","5,84","38,54","44,25","22,34","15,14","5,94","41,41","9,19","41,45","31,23","34,52","11,20","26,60","10,65","13,71","23,18","13,10","46,96","40,80","23,55","23,47","42,09","21,00","5,13","60,16","3,37","23,09","32,03","32,63","41,50","12,05"
25/11/2025 00:00:00,"12,98","25,85","3,53","9,28",,"11,89","62,56","26,67","13,52","21,47","15,15","17,76","30,24","6,10","50,40","17,33","13,64","5,30","17,52","10,27","5,13","3,34","44,65","12,34","5,87","37,86","8,31","34,01","1,75","15,10","31,96","16,61","9,77","30,44","81,28","19,41","47,74","39,01","14,90","13,88","18,33","16,75","5,03","7,92","17,06","24,50","25,65","11,99","47,70","26,04","10,57","31,94","35,90","6,85","16,57","14,54","20,12","24,63","9,68","15,78","10,03","8,90","28,64","7,67","15,15","32,17","30,35","5,74","37,52","44,33","22,08","15,32","6,06","41,44","8,95","41,97","31,71","35,10","11,25","26,60","10,98","13,50","23,65","12,93","46,78","40,75","23,57","23,57","42,66","21,13","5,46","60,64","3,47","23,52","33,09","32,81","41,28","12,30"
26/11/2025 00:00:00,"12,92","25,78","3,63","9,87",,"12,17","64,10","27,34","14,04","21,71","15,55","18,30","30,65","6,07","51,28","17,79","13,59","5,35","17,77","10,43","5,19","3,39","45,42","12,64","6,08","38,14","8,64","34,22","1,75","15,37","32,25","16,64","10,19","31,17","82,22","20,20","49,31","39,56","14,87","14,34","18,69","17,20","5,17","8,10","15,84","25,11","25,94","12,37","47,62","26,20","10,83","32,89","36,75","7,05","16,71","14,75","20,05","24,77","9,54","15,94","10,75","8,89","28,96","8,00","15,75","32,07","30,30","5,78","37,99","45,21","22,71","16,72","6,34","42,71","9,17","43,18","32,27","35,48","11,24","26,76","12,20","13,86","24,56","13,50","46,84","41,31","24,73","23,72","42,30","21,04","5,47","61,54","3,70","23,44","34,59","33,11","42,67","12,63"
27/11/2025 00:00:00,"12,96","25,76","3,70","9,93",,"12,36","63,20","26,71","14,06","21,65","15,50","18,26","30,55","6,02","51,27","17,71","13,52","5,37","17,96","10,45","5,17","3,41","45,63","12,61","6,11","39,94","8,48","34,22","1,87","15,47","32,06","16,61","10,26","31,19","82,45","20,04","49,06","39,52","15,11","14,45","18,67","17,13","5,10","8,07","15,00","25,50","25,82","11,76","49,02","26,29","10,77","32,87","36,62","7,02","16,74","15,16","19,61","24,16","9,55","15,94","10,63","9,00","29,03","7,93","15,88","32,32","30,46","5,72","37,71","45,20","22,79","16,91","6,39","41,93","9,07","43,12","32,30","35,64","11,22","26,83","12,18","13,91","24,76","13,45","47,17","41,32","25,27","23,69","41,89","21,28","5,35","61,31","3,68","23,92","34,47","33,24","42,33","12,64"
28/11/2025 00:00:00,"13,10","26,14","3,76","9,33",,"12,27","62,50","27,11","14,28","21,95","15,64","18,42","30,22","6,01","52,57","18,05","13,56","5,66","17,06","10,48","5,17","3,41","45,17","12,57","6,16","40,16","8,44","34,55","1,88","15,28","32,94","16,78","10,43","30,13","83,04","19,87","48,78","39,62","15,68","14,83","18,61","17,63","5,10","8,05","14,10","25,85","25,93","11,90","48,80","26,50","11,03","34,17","37,46","7,24","16,73","15,03","19,33","25,02","9,70","15,76","10,87","9,30","29,26","8,29","16,06","31,53","29,89","5,81","37,21","44,90","23,12","16,73","6,62","42,45","9,14","43,65","32,28","36,86","11,28","26,67","12,51","13,94","25,19","13,76","46,57","41,35","26,05","23,97","42,17","20,98","5,41","62,30","3,67","24,23","34,39","33,41","42,52","12,99"
01/12/2025 00:00:00,"13,24","26,18","3,69","9,13",,"12,22","62,68","26,36","14,21","21,75","15,52","18,14","30,66","5,84","52,25","18,23","13,57","5,94","16,33","10,26","5,11","3,37","45,02","12,55","6,15","41,26","8,45","34,04","1,81","15,00","33,15","16,68","10,76","29,86","81,69","20,55","47,96","39,16","15,72","14,70","18,71","17,38","5,03","8,10","14,06","25,43","25,97","11,74","48,65","26,11","10,98","33,99","37,17","7,21","16,74","15,04","18,36","24,44","9,76","15,93","11,27","9,27","28,89","8,19","15,96","31,73","29,94","5,75","37,56","45,43","22,59","16,46","6,51","41,61","8,97","43,79","32,01","36,00","11,48","26,43","12,81","13,78","24,70","13,07","46,47","40,38","26,81","23,09","42,68","20,60","5,39","62,78","3,71","24,24","34,06","32,83","43,42","13,01"
02/12/2025 00:00:00,"13,23","26,72","3,72","9,25",,"12,64","63,84","27,01","14,41","22,11","15,68","18,34","30,83","5,89","53,72","18,55","13,66","5,95","16,63","10,32","5,20","3,38","46,06","12,68","6,40","42,07","8,58","34,18","1,93","15,23","33,95","16,84","10,73","30,55","83,73","21,02","49,09","40,06","15,91","14,87","18,67","16,96","5,23","8,10","14,60","25,45","26,68","12,00","49,55","26,40","11,24","34,63","38,00","7,33","16,84","15,07","18,43","24,46","9,99","16,15","11,70","9,36","29,50","8,36","16,08","31,90","30,15","5,85","37,58","45,72","23,41","16,71","6,72","42,32","9,10","45,87","32,85","38,00","11,46","27,21","13,51","13,87","25,43","12,82","47,17","40,38","26,59","22,92","43,33","21,29","5,40","63,30","3,95","24,72","34,73","33,09","43,83","13,00"
03/12/2025 00:00:00,"13,37","26,83","3,70","9,01",,"12,86","64,69","26,67","14,12","21,98","15,27","17,83","30,78","5,94","54,60","18,89","13,51","6,14","16,35","10,32","5,33","3,39","45,93","12,72","6,50","41,43","9,05","33,41","2,00","15,24","33,93","16,37","10,74","30,30","85,44","20,53","48,82","40,02","15,91","14,87","19,18","17,10","5,16","8,34","14,64","25,84","26,57","12,00","49,04","26,24","11,26","34,74","38,00","7,47","17,07","14,76","19,21","23,48","10,61","16,22","12,08","9,31","29,38","8,39","16,22","32,30","30,37","5,74","39,33","45,74","23,17","16,55","6,60","41,71","9,12","45,55","32,42","38,20","11,46","26,82","13,53","14,03","25,30","13,08","47,91","39,90","25,19","22,54","43,66","21,54","5,81","65,34","3,98","24,84","35,35","32,35","43,29","13,38"
04/12/2025 00:00:00,"13,18","27,39","3,90","9,36",,"12,89","66,65","26,69","14,34","22,37","15,44","18,08","31,27","6,04","55,42","19,25","13,65","6,11","14,87","10,46","5,37","3,49","46,55","12,85","6,60","41,38","9,29","34,80","2,02","15,31","35,31","16,95","11,00","30,72","83,79","20,79","50,50","41,11","16,23","15,06","19,15","17,57","5,24","8,38","15,55","26,59","27,01","12,34","49,63","26,64","11,58","35,45","38,93","7,67","17,33","14,36","20,06","23,72","10,99","16,36","12,64","9,23","29,79","8,72","16,36","32,48","30,57","5,93","39,59","46,23","23,19","16,77","6,80","43,17","9,45","47,85","32,75","38,85","11,57","27,13","14,30","14,08","26,03","13,10","48,48","40,19","25,81","22,61","46,84","22,40","5,86","66,48","3,97","25,21","35,25","33,01","44,17","13,65"
05/12/2025 00:00:00,"12,86","25,12","3,43","8,46",,"12,20","63,10","24,03","13,37","20,78","14,57","17,00","30,56","5,93","51,03","18,70","13,40","6,01","13,69","10,10","5,21","3,22","44,97","12,25","6,09","40,28","8,91","32,88","1,90","15,00","31,81","15,51","10,02","29,15","83,37","19,85","47,92","39,10","14,99","14,18","18,66","16,30","4,92","8,14","14,47","24,45","24,81","11,79","46,46","25,36","11,08","34,04","37,13","7,31","17,59","13,25","19,49","22,13","9,92","15,43","11,17","8,47","27,14","8,08","15,62","31,02","29,49","5,60","39,26","45,00","22,04","16,01","6,21","40,15","9,27","44,31","31,31","37,51","11,14","25,99","12,81","13,77","23,88","12,99","49,42","39,16","23,49","22,02","45,23","20,87","5,65","64,91","3,75","23,97","32,22","31,48","45,33","12,17"
08/12/2025 00:00:00,"12,87","25,41","3,39","8,08",,"12,24","63,82","23,92","13,70","21,22","14,65","17,12","31,38","5,91","51,54","18,68","13,48","6,22","13,53","10,13","5,22","3,24","45,11","12,24","6,03","41,89","8,76","32,55","1,90","15,39","33,14","15,60","10,12","29,59","85,12","19,73","47,21","38,80","15,05","14,19","18,62","16,63","4,90","8,10","13,60","23,85","24,95","12,05","51,20","25,59","11,14","34,19","37,31","7,28","17,63","13,59","19,53","22,13","9,94","15,36","11,17","8,34","27,45","7,85","15,55","31,44","29,76","5,68","39,35","45,72","22,61","15,69","6,23","40,50","9,25","44,39","31,01","35,83","11,27","25,95","12,67","14,24","24,14","13,13","49,32","39,45","23,59","22,24","44,81","20,75","5,70","64,46","3,73","24,34","32,52","31,78","46,37","12,13"
09/12/2025 00:00:00,"12,89","25,79","3,40","8,03",,"12,29","64,79","23,96","13,48","21,11","14,53","16,90","31,23","5,85","50,82","18,77","13,53","6,18","13,51","10,09","5,26","3,21","45,38","12,26","5,89","41,40","9,05","31,97","1,95","15,42","32,29","15,59","10,04","29,64","87,67","19,93","47,32","38,42","15,15","14,10","18,64","16,66","4,77","8,16","13,51","23,39","25,03","11,75","51,16","25,29","11,08","33,85","37,23","7,17","17,77","13,34","19,51","21,78","9,45","15,29","10,42","8,30","27,63","7,85","15,81","31,63","29,95","5,64","39,80","46,23","22,92","15,46","6,13","40,22","9,25","43,41","30,35","36,15","11,20","25,79","12,37","14,32","23,80","13,26","49,38","39,27","23,35","22,18","44,53","20,55","5,91","64,50","3,61","23,95","32,00","31,48","46,26","12,04"
10/12/2025 00:00:00,"12,85","26,15","3,45","7,90",,"12,21","63,56","23,37","13,56","21,22","14,72","17,20","31,39","5,91","52,02","19,13","13,58","6,25","12,97","10,04","5,41","3,25","45,20","12,26","6,01","41,85","9,63","31,98","1,97","15,33","32,54","15,81","9,99","29,79","88,29","20,03","47,41","38,37","15,24","14,50","19,14","16,71","4,75","8,34","13,48","22,84","25,27","11,98","50,61","25,49","11,12","34,06","37,53","7,25","18,13","13,38","19,62","22,12","9,43","15,30","10,55","8,35","28,06","7,76","15,63","31,70","30,03","5,61","39,60","45,89","23,18","15,56","6,12","40,17","9,28","44,36","30,06","36,20","11,18","25,54","12,28","14,66","23,68","15,19","50,57","39,75","23,92","22,48","44,52","20,76","6,15","65,68","3,48","24,23","32,62","32,13","47,05","11,92"
11/12/2025 00:00:00,"13,02","26,43","3,44","7,77",,"12,33","62,84","23,27","13,65","21,19","14,81","17,40","31,16","5,93","53,33","19,29","13,35","6,25","12,96","9,98","5,46","3,25","45,25","12,33","5,96","41,63","9,77","31,97","1,98","15,25","32,85","15,82","10,08","29,81","86,04","20,22","47,70","38,75","14,86","14,49","19,41","16,86","4,82","8,44","13,94","22,97","25,46","11,96","50,86","25,72","11,21","34,32","37,50","7,43","17,69","13,44","19,65","22,17","9,04","15,45","10,39","8,22","27,93","7,91","16,69","31,06","29,53","5,70","38,93","46,43","23,93","15,63","6,20","40,31","9,08","45,10","30,19","36,01","11,32","25,44","12,00","14,54","23,96","14,54","48,42","39,47","23,47","22,17","44,79","21,08","5,98","66,55","3,45","24,40","33,49","31,38","47,13","11,85"
12/12/2025 00:00:00,"13,27","26,88","3,56","8,09",,"12,26","63,89","23,75","13,68","21,31","14,99","17,51","31,55","5,82","53,83","19,41","13,37","6,25","13,00","10,13","5,49","3,32","46,43","12,46","5,83","42,14","9,70","32,69","2,00","15,47","33,14","15,96","10,19","29,95","86,63","20,56","48,63","39,69","15,06","14,75","19,48","16,91","4,83","8,44","14,70","22,82","25,53","12,20","52,39","25,85","11,30","34,58","37,83","7,49","17,68","13,78","19,86","22,54","9,31","15,96","10,45","8,30","27,83","7,97","16,92","31,44","29,70","5,69","39,41","47,04","24,25","15,68","5,94","40,97","9,15","45,81","30,16","36,68","11,23","25,88","12,06","14,75","24,53","14,93","48,01","39,69","23,53","22,16","45,56","21,50","5,94","66,74","3,48","24,84","34,65","31,54","48,07","11,94"
15/12/2025 00:00:00,"13,49","27,10","3,58","7,88",,"12,41","65,15","23,18","13,75","21,62","15,16","17,75","31,67","5,81","54,97","19,88","13,66","6,39","13,30","10,23","5,41","3,34","47,80","12,65","5,90","42,25","9,58","32,92","1,99","15,57","33,05","15,87","10,30","30,47","86,70","20,85","49,34","40,31","15,07","14,87","19,91","16,95","4,75","8,59","15,29","22,73","25,73","12,19","53,24","27,01","11,50","35,17","38,40","7,55","18,10","14,04","20,20","22,49","9,28","16,07","10,37","8,34","27,89","8,07","17,28","31,38","29,80","5,71","39,50","47,21","23,96","15,73","6,06","42,90","9,19","46,07","31,09","36,49","11,27","26,29","11,94","14,60","24,96","15,05","47,67","40,38","24,29","22,26","46,00","21,75","6,00","67,15","3,43","25,13","34,94","31,96","48,23","12,19"
16/12/2025 00:00:00,"13,38","26,12","3,38","7,58",,"12,15","63,12","22,59","13,09","21,32","14,74","17,27","31,22","5,71","52,10","19,89","13,99","6,49","12,65","10,02","5,37","3,17","47,21","12,20","5,50","41,06","9,68","31,16","1,95","15,28","31,47","15,01","9,90","29,81","87,65","20,23","47,17","38,85","13,98","14,45","20,18","16,71","4,65","8,72","14,47","21,98","24,70","11,79","51,47","26,59","11,11","34,07","37,41","7,34","18,05","13,52","19,63","21,29","8,96","15,07","9,84","8,01","26,83","7,91","17,05","30,52","28,90","5,57","38,55","46,80","22,77","14,64","5,92","42,05","8,89","43,70","29,98","36,15","11,13","25,30","11,14","14,44","23,33","15,28","47,88","39,25","22,56","21,54","44,92","20,56","5,98","67,40","3,30","24,50","33,81","31,16","48,48","11,90"
17/12/2025 00:00:00,"13,25","25,61","3,28","7,29",,"12,01","62,41","22,47","12,65","21,17","14,62","17,12","30,93","5,61","50,38","20,16","14,51","6,30","12,38","10,00","5,28","3,13","46,75","11,96","5,31","41,89","9,56","30,59","1,94","15,09","31,00","14,37","9,71","29,87","85,38","19,78","46,47","37,96","13,60","14,25","19,85","16,05","4,60","8,68","14,51","21,50","24,37","11,61","50,64","25,82","11,05","33,84","37,08","7,15","18,17","13,03","19,55","20,62","8,68","14,98","9,72","8,04","26,41","7,73","17,28","30,73","29,22","5,47","38,57","44,73","22,65","14,45","5,69","40,93","9,03","42,07","29,80","36,00","10,85","25,29","10,39","14,22","22,89","15,54","48,73","38,58","22,62","21,53","44,42","20,37","5,96","68,25","3,20","23,95","32,08","31,00","48,34","11,75"
18/12/2025 00:00:00,"13,15","25,73","3,40","7,10",,"12,08","62,34","22,84","12,69","21,21","14,70","17,20","31,26","5,60","51,37","20,27","15,41","6,63","12,41","10,00","5,25","3,09","46,88","12,00","5,28","41,92","9,59","30,34","1,94","14,89","30,50","13,87","9,72","30,15","86,48","19,97","46,72","38,42","13,72","14,38","19,96","15,95","4,63","8,78","14,23","21,59","24,57","11,68","50,47","25,93","11,11","33,99","37,27","7,29","18,59","12,98","19,56","21,15","8,82","14,95","9,53","7,90","26,47","7,53","17,53","30,65","29,05","5,44","38,55","45,22","22,38","14,55","5,61","41,44","9,22","42,29","30,25","37,21","10,85","25,59","10,06","14,28","22,72","15,09","51,53","38,33","22,48","21,49","43,91","20,34","5,92","68,43","3,16","23,97","32,57","31,03","48,54","11,87"
19/12/2025 00:00:00,"13,24","25,82","3,36","7,13",,"11,98","62,80","23,22","12,78","21,06","14,83","17,36","31,25","5,63","51,36","20,22","15,41","6,47","12,24","10,10","5,03","3,14","47,34","11,88","5,27","42,26","9,28","30,61","2,02","15,03","29,77","13,83","9,86","30,57","87,69","19,92","46,75","38,58","13,42","14,22","19,91","15,81","4,43","8,74","14,26","22,06","24,40","11,62","51,73","25,88","11,21","34,79","37,61","7,35","18,29","13,15","19,54","21,27","8,73","15,08","9,27","7,81","26,62","7,36","17,00","30,87","29,15","5,47","38,21","44,23","22,41","14,39","5,56","41,05","9,16","42,74","30,51","38,43","10,85","25,79","10,04","14,22","23,03","15,16","51,31","38,84","22,67","21,59","42,96","20,59","5,86","68,92","3,24","24,18","33,01","30,95","48,26","11,80"
22/12/2025 00:00:00,"13,08","25,52","3,21","7,01",,"11,80","48,65","23,40","12,64","20,92","14,68","17,12","31,07","5,59","50,67","20,59","15,60","6,76","11,88","10,06","5,08","2,99","46,49","11,73","5,14","42,18","9,20","29,78","1,98","15,06","29,04","13,38","9,75","29,89","89,17","19,65","45,59","37,47","13,11","14,32","20,10","15,59","4,39","8,83","14,06","21,97","23,88","11,33","51,73","26,21","11,20","34,67","37,69","7,30","18,51","12,69","19,27","21,22","8,48","14,82","9,38","7,61","25,88","7,26","16,89","31,02","29,24","5,78","39,41","44,25","22,61","14,32","5,32","40,05","9,39","42,39","30,83","37,89","10,75","25,82","9,77","14,16","22,58","15,05","51,19","38,30","22,67","21,11","42,08","20,44","5,88","70,93","3,10","24,19","32,09","30,61","47,45","11,42"
23/12/2025 00:00:00,"13,43","26,19","3,31","7,12",,"11,93","49,95","23,82","12,91","21,36","14,82","17,27","31,49","5,66","51,95","20,30","15,66","6,89","12,64","10,30","5,18","3,16","47,69","11,93","5,28","43,32","9,21","30,63","2,03","15,35","29,55","14,01","10,04","30,69","89,57","20,26","46,83","38,30","13,40","14,68","20,28","15,96","4,47","8,86","14,15","22,36","24,75","11,48","52,10","26,64","11,33","35,07","38,31","7,53","18,61","13,15","19,53","21,91","8,77","15,04","9,57","7,74","26,68","7,23","17,20","31,15","29,39","5,84","40,42","45,46","22,69","14,53","5,45","41,28","9,49","43,83","32,19","39,31","11,07","26,68","10,18","14,22","23,35","15,42","51,49","38,74","23,67","21,19","42,29","20,93","5,90","70,91","3,19","24,58","33,33","30,72","48,06","11,97"
26/12/2025 00:00:00,"13,68","26,35","3,26","7,16",,"11,94","49,88","24,46","13,09","21,46","14,83","17,27","31,69","5,68","51,55","20,49","15,88","7,16","12,69","10,49","5,22","3,19","49,31","12,00","5,40","42,62","9,16","30,34","2,07","15,60","29,63","14,03","10,08","30,85","88,87","20,09","46,80","38,37","13,30","14,57","20,28","15,91","4,50","8,89","14,55","22,53","24,85","11,46","53,20","26,83","11,34","35,33","38,32","7,56","18,60","13,24","20,01","22,00","8,73","15,08","9,46","7,69","26,71","7,36","17,32","31,25","29,49","5,94","40,60","45,59","22,79","14,63","5,57","41,06","9,50","43,82","32,36","38,99","11,06","26,62","10,24","14,36","23,16","15,14","51,67","39,30","23,76","21,17","41,91","20,86","5,92","71,12","3,27","24,59","33,02","31,14","48,53","11,99"
29/12/2025 00:00:00,"13,83","26,20","3,22","7,14",,"11,80","49,90","24,82","13,16","21,33","14,82","17,35","31,95","5,73","51,54","20,00","16,68","7,09","12,44","10,45","5,17","3,09","49,19","11,88","5,30","42,56","8,93","29,91","2,11","15,65","28,99","13,83","10,00","30,49","89,57","19,92","46,41","38,37","13,32","14,45","20,06","16,05","4,48","8,72","14,75","22,66","24,68","11,42","52,08","26,26","11,33","35,29","38,20","7,46","18,72","13,10","19,94","21,60","8,82","14,84","9,77","7,69","26,48","7,23","17,35","31,45","29,80","5,93","41,14","45,75","23,09","14,51","5,54","40,37","9,60","43,91","31,49","39,06","11,12","26,30","10,16","14,35","22,92","14,97","51,54","39,42","23,55","21,35","41,33","20,85","5,93","70,15","3,24","24,53","32,89","31,16","48,49","12,06"
30/12/2025 00:00:00,"13,82","26,44","3,25","7,18",,"11,87","50,61","25,16","13,26","21,53","14,92","17,43","32,02","5,71","51,82","19,90","16,74","7,15","12,76","10,57","5,22","3,14","49,36","12,07","5,32","43,27","8,94","30,67","2,16","15,69","29,62","14,12","10,22","30,94","88,27","20,18","46,64","38,50","13,50","14,68","19,92","16,16","4,51","8,78","14,73","23,01","25,12","11,38","52,15","26,67","11,42","35,63","38,45","7,51","18,76","13,05","19,98","23,31","8,86","15,01","9,76","7,79","26,73","7,45","17,48","31,68","29,89","5,89","41,42","46,54","23,20","14,66","5,65","40,23","9,67","42,53","32,15","39,63","11,14","26,49","10,18","14,27","23,14","14,91","51,44","40,01","24,10","21,05","41,61","20,90","5,95","70,00","3,23","24,67","33,24","31,32","48,29","12,17"
02/01/2026 00:00:00,"13,61","26,61","3,23","7,18",,"11,63","50,00","25,39","13,18","21,29","14,96","17,46","31,66","5,33","51,44","20,08","16,57","7,01","12,41","10,53","5,07","3,11","49,80","11,96","5,25","42,82","8,70","29,99","2,20","15,61","23,96","13,63","10,13","30,70","88,26","20,02","46,57","38,30","13,47","14,51","20,04","16,06","4,49","8,70","14,56","22,79","24,86","11,37","50,85","26,05","11,37","35,61","38,39","7,43","19,09","12,98","19,64","23,00","8,75","14,90","9,90","7,72","26,53","7,20","17,35","31,42","29,78","5,81","41,76","46,32","23,44","14,65","5,46","40,09","9,41","42,40","31,84","40,19","11,14","26,43","10,24","14,79","22,82","14,59","51,86","39,88","22,79","21,35","40,52","20,97","5,98","70,40","3,25","25,09","32,26","30,98","48,03","12,19"
05/01/2026 00:00:00,"13,67","26,69","3,26","7,37","3,84","11,78","50,25","25,06","13,69","21,49","15,47","18,20","31,77","5,19","52,83","20,37","15,61","7,44","10,46","10,56","5,25","3,21","49,69","12,07","5,25","41,91","9,05","31,33","2,28","15,63","25,27","14,33","10,28","30,69","92,55","20,10","46,82","38,60","13,72","14,68","20,24","16,53","4,40","8,84","15,17","22,91","25,15","11,51","51,58","26,29","11,64","36,21","38,94","7,46","18,52","12,59","19,10","24,63","8,87","15,06","9,51","8,19","26,81","7,35","17,47","30,90","29,29","5,94","41,15","46,51","23,99","14,74","5,67","40,56","9,46","42,70","32,19","40,35","11,57","26,07","10,31","14,64","23,41","14,29","50,42","40,13","24,49","21,32","40,94","21,10","6,16","71,12","3,23","24,86","31,30","31,31","47,86","12,50"
06/01/2026 00:00:00,"13,66","27,09","3,46","7,79","3,86","11,90","51,96","25,16","14,23","21,73","15,52","18,30","31,98","5,16","53,53","21,15","15,60","7,70","10,69","10,49","5,39","3,31","49,37","12,25","5,21","42,43","9,32","30,95","2,32","15,73","25,14","14,07","10,72","30,99","92,73","20,37","47,35","38,99","13,86","15,25","20,57","16,72","4,49","9,01","16,49","23,48","25,30","11,60","51,24","26,15","11,69","36,71","39,18","7,50","18,52","13,05","19,17","26,65","9,06","15,43","10,28","8,41","27,18","7,42","17,79","30,30","28,74","5,92","40,82","48,12","24,39","14,74","5,98","42,10","9,46","43,26","32,18","40,93","12,06","25,91","10,67","14,66","23,17","14,11","50,22","39,98","25,36","21,40","41,81","21,08","6,41","73,80","3,32","24,91","30,30","31,31","47,95","12,90"
07/01/2026 00:00:00,"13,66","26,81","3,94","7,31","3,76","11,53","49,51","25,00","14,01","21,31","15,35","18,07","31,36","5,12","52,48","21,37","16,03","7,94","10,46","10,38","5,42","3,56","48,52","11,94","5,10","42,06","9,85","30,39","2,29","15,58","24,22","13,65","10,51","30,47","93,56","20,02","46,21","38,25","13,76","15,02","20,78","16,53","4,47","9,05","16,14","23,11","24,93","11,49","49,78","25,96","11,50","35,99","38,55","7,49","18,35","12,74","18,62","27,02","9,20","15,30","9,80","8,01","26,78","7,28","17,63","30,33","28,93","5,85","41,07","47,78","23,92","14,56","6,14","40,60","9,40","42,91","31,45","41,03","11,34","25,76","10,43","14,36","22,97","14,01","49,93","39,29","24,11","21,41","42,09","20,83","6,48","74,24","3,26","24,81","29,93","30,99","47,49","12,60"
08/01/2026 00:00:00,"13,60","26,94","4,07","7,35","3,73","11,52","51,20","24,71","14,11","21,43","15,17","17,77","30,70","5,13","53,62","21,16","16,95","8,29","10,68","10,33","5,34","3,52","50,05","12,19","5,11","43,11","9,86","30,94","2,35","15,42","24,49","13,78","10,60","30,43","94,49","20,53","46,94","38,80","14,51","14,82","20,72","17,17","4,48","9,00","15,37","22,61","25,17","11,37","49,76","25,95","11,80","36,40","39,15","7,63","18,52","13,02","18,64","27,30","9,13","15,18","10,00","8,09","27,00","7,34","17,82","31,09","29,29","5,86","41,83","45,60","24,04","14,74","6,17","40,29","9,41","42,53","32,00","42,67","11,17","26,11","10,61","14,45","23,16","13,89","49,56","38,52","24,92","21,65","42,87","21,03","6,59","73,52","3,31","24,93","30,32","31,38","45,50","12,84"
09/01/2026 00:00:00,"13,86","27,25","4,09","7,04","3,77","11,62","51,35","23,69","14,19","21,47","15,21","17,79","31,00","5,26","53,93","21,02","16,56","8,61","10,79","10,34","5,34","3,66","49,59","12,63","5,18","43,65","9,84","32,12","2,52","15,60","24,77","13,92","10,58","30,52","95,49","20,76","47,09","38,89","14,25","15,17","20,57","17,50","4,45","8,97","15,25","23,01","26,08","11,34","49,67","25,87","11,84","36,33","39,07","7,75","18,72","12,90","19,00","26,60","8,80","15,49","9,90","8,17","28,15","7,35","17,97","31,03","29,38","5,86","42,68","45,66","23,70","14,73","6,34","40,80","9,63","42,18","32,37","43,60","11,13","26,11","10,55","14,58","23,04","14,70","50,98","38,07","24,72","21,99","43,55","21,32","6,55","72,68","3,30","24,86","30,95","31,60","45,89","12,75"
12/01/2026 00:00:00,"13,86","27,43","4,00","7,36","3,45","11,62","50,70","23,66","14,22","21,48","15,06","17,65","30,83","5,33","53,29","21,14","17,30","9,01","10,51","10,28","5,41","3,63","50,02","12,69","5,25","43,85","9,92","30,84","2,59","15,79","24,58","13,58","10,65","30,76","97,57","20,73","47,13","38,30","14,04","15,17","20,76","16,91","4,47","9,08","15,26","22,81","26,15","11,29","49,54","25,65","11,73","36,15","38,72","7,96","18,84","13,01","19,78","26,64","8,50","15,32","9,80","7,98","28,27","7,51","17,94","31,08","29,44","5,96","43,24","45,31","23,47","14,79","6,54","40,77","9,83","41,88","32,21","43,98","11,01","25,27","10,88","15,05","22,84","16,27","52,10","38,10","23,54","22,18","43,54","21,47","6,67","72,70","3,57","24,85","30,92","31,65","46,54","13,04"
13/01/2026 00:00:00,"13,87","26,96","3,91","7,25","3,35","11,66","49,47","23,67","14,04","20,82","14,94","17,45","30,73","5,32","52,62","21,32","17,49","8,80","10,27","10,11","5,43","3,56","48,39","12,27","5,14","43,34","10,05","30,25","2,60","15,45","24,78","13,35","10,34","29,85","96,73","20,48","46,40","37,33","14,19","14,80","21,17","16,54","4,54","9,24","13,98","22,55","26,08","11,03","49,12","25,09","11,69","35,61","38,41","7,90","18,64","12,85","19,29","25,90","8,12","14,94","9,27","8,05","28,15","7,51","17,35","32,14","30,20","5,81","42,80","44,75","23,41","14,21","6,33","39,84","9,74","40,87","31,77","43,32","10,45","24,72","10,71","15,06","22,49","15,82","51,50","37,67","23,19","21,56","42,26","21,55","6,68","73,29","3,57","24,74","29,50","30,63","46,19","12,42"
14/01/2026 00:00:00,"14,16","27,00","3,97","7,35","3,39","11,55","50,93","24,16","14,45","21,12","15,19","17,77","30,85","5,33","53,71","22,24","17,84","8,68","10,48","10,13","5,66","3,64","48,13","12,26","5,14","43,58","10,27","30,11","2,64","15,52","24,92","13,39","10,39","30,50","95,92","21,29","46,49","37,59","14,16","15,22","21,70","16,83","4,68","9,47","13,89","23,09","26,25","11,04","50,03","25,38","11,76","35,92","38,83","7,85","19,01","13,12","19,44","24,87","8,32","15,05","9,44","7,62","28,10","7,55","17,16","33,31","31,02","5,68","44,07","45,31","24,04","13,60","6,40","39,96","9,96","40,92","32,23","43,10","10,50","24,81","10,88","15,23","22,60","16,17","52,16","37,80","23,44","22,49","43,09","21,94","6,81","76,77","3,68","25,23","29,29","31,28","46,80","12,39"
15/01/2026 00:00:00,"14,00","27,27","3,96","7,29","3,37","11,73","51,39","23,82","14,84","21,08","15,43","18,13","30,93","5,40","54,29","22,21","17,90","8,36","9,94","10,18","5,53","3,63","48,04","12,41","5,01","43,48","9,95","30,02","2,70","15,53","24,95","13,50","10,12","30,15","98,60","20,90","46,33","37,75","14,12","15,39","21,77","16,65","4,59","9,50","13,25","23,07","26,49","10,90","49,96","25,46","11,90","36,32","39,16","8,03","18,73","13,11","19,62","24,80","8,66","15,06","10,59","7,78","28,89","7,52","17,23","32,97","30,83","5,82","43,78","44,27","24,49","13,63","6,55","39,94","9,96","40,98","31,44","44,00","10,63","24,68","11,77","15,44","20,75","15,78","52,34","37,89","23,32","22,84","43,51","22,26","6,59","76,70","3,96","25,28","27,37","30,95","46,23","12,38"
16/01/2026 00:00:00,"14,06","26,80","3,93","7,45","3,14","11,54","50,50","23,59","14,96","20,99","15,51","18,14","31,11","5,48","53,62","22,19","17,00","8,35","9,51","10,16","5,39","3,65","47,44","12,12","5,13","44,58","9,51","30,14","2,41","15,59","24,70","12,73","10,13","30,05","98,93","20,60","46,28","37,44","13,81","15,10","21,54","16,30","4,59","9,43","12,99","22,97","26,31","10,40","50,91","25,12","11,76","36,23","38,84","7,99","18,61","12,93","19,61","24,14","8,38","15,20","9,63","7,48","28,55","7,63","17,12","33,06","31,07","5,84","44,17","44,27","24,83","13,51","6,51","39,87","9,73","39,73","31,40","43,81","10,63","24,56","10,47","15,22","20,59","16,21","51,59","37,53","22,42","22,57","42,61","22,12","6,42","76,73","3,60","24,96","26,92","30,72","46,11","12,11"
19/01/2026 00:00:00,"14,05","26,50","3,68","7,45","3,18","11,50","50,80","23,76","14,82","20,93","15,55","18,13","31,25","5,53","54,03","22,11","17,12","8,48","9,67","10,18","5,38","3,58","47,29","12,09","5,05","44,34","9,21","31,02","2,51","15,64","24,62","13,07","10,01","30,33","98,96","20,85","46,14","37,47","13,48","15,26","21,51","16,41","4,59","9,42","13,49","22,79","26,27","10,51","52,73","25,18","11,71","36,08","38,78","8,12","18,59","12,99","19,28","24,02","8,28","15,19","9,72","7,37","28,70","7,37","17,11","33,23","31,20","5,83","44,93","44,48","24,34","13,45","6,58","40,07","9,85","39,84","31,62","43,60","10,72","24,62","10,59","15,05","20,75","15,94","51,84","37,86","22,35","22,79","43,10","21,96","6,36","76,43","3,52","24,70","26,84","30,98","46,01","11,88"
20/01/2026 00:00:00,"14,03","26,56","3,73","7,48","3,12","11,43","51,30","23,95","14,40","21,16","15,75","18,39","31,53","5,63","54,31","22,40","17,52","8,74","10,09","10,25","5,30","3,63","48,01","12,27","5,04","44,83","8,93","30,82","2,39","15,81","25,36","13,05","9,99","30,81","98,24","20,94","46,88","37,96","13,62","15,30","21,69","16,71","4,56","9,48","13,23","23,18","26,18","10,52","52,55","25,23","11,84","36,04","39,14","8,31","18,50","13,21","19,31","24,15","8,32","15,27","9,68","7,38","29,04","7,47","17,19","33,51","31,31","5,89","45,41","44,41","24,69","13,31","6,62","39,76","9,98","39,76","32,25","43,22","10,78","25,39","10,47","15,15","20,77","16,27","51,34","38,06","23,25","23,92","44,14","22,57","6,17","77,89","3,47","25,12","27,05","32,21","46,22","12,01"
21/01/2026 00:00:00,"14,27","27,16","4,34","7,72","3,22","11,75","52,83","24,75","15,21","22,00","16,27","18,96","32,06","5,87","56,90","23,11","17,63","9,01","10,89","10,53","5,58","4,03","49,12","12,69","5,34","46,19","9,37","31,75","2,40","16,09","26,49","13,46","10,37","31,86","99,32","21,55","48,38","39,09","13,88","15,67","22,05","17,19","4,80","9,69","13,88","24,08","26,75","10,79","53,05","25,79","12,43","37,69","40,86","8,64","18,97","14,06","19,64","25,00","8,73","15,81","10,42","7,61","29,78","7,73","17,52","35,05","32,42","6,07","46,88","45,39","25,37","13,95","6,75","40,66","10,34","41,60","33,32","44,16","11,05","25,98","11,47","15,48","21,35","16,27","52,19","38,68","23,92","23,65","44,99","23,50","6,27","80,25","3,73","26,24","28,08","32,69","47,38","13,08"
22/01/2026 00:00:00,"14,55","27,68","4,86","8,00","3,32","11,93","54,69","24,92","15,33","23,03","16,84","19,47","33,03","5,84","57,47","23,38","17,61","8,75","11,10","10,82","5,65","4,33","50,94","13,09","5,48","47,50","9,54","31,79","2,38","16,75","26,90","13,73","11,03","32,78","102,58","22,38","49,76","40,25","14,08","16,11","22,55","17,97","4,88","9,95","13,79","24,57","26,91","11,03","54,11","26,58","12,89","39,27","42,24","8,67","19,28","14,51","20,00","25,42","8,88","16,47","10,89","7,77","30,14","8,03","17,85","35,29","32,57","6,18","46,25","46,77","24,39","14,12","6,66","42,98","10,24","42,83","33,88","45,17","11,24","26,82","12,02","15,56","21,75","15,71","52,18","40,12","24,14","23,83","45,95","24,14","6,33","80,72","3,79","27,16","29,86","34,16","49,01","13,22"
23/01/2026 00:00:00,"14,86","28,02","4,74","8,05","3,39","11,90","54,37","25,43","15,52","23,85","17,11","19,94","32,77","6,06","58,24","23,98","17,90","9,30","11,37","11,05","5,80","4,39","51,09","13,32","5,65","48,31","10,14","32,30","2,42","16,43","28,02","13,78","11,61","32,77","103,57","22,49","51,23","40,91","14,37","16,41","22,72","18,17","4,93","10,04","13,74","24,76","27,42","11,31","53,62","27,10","13,06","39,94","42,72","9,06","19,42","14,41","20,47","25,91","9,28","16,96","11,00","7,94","30,69","8,23","17,95","36,69","33,98","6,35","48,52","46,50","24,49","14,71","6,81","43,54","10,46","43,68","34,44","46,67","11,29","27,63","12,06","15,90","21,88","15,83","52,24","40,89","24,22","24,23","46,19","24,55","6,52","82,70","3,86","27,66","28,35","35,02","49,65","13,58"
26/01/2026 00:00:00,"15,01","28,07","4,95","8,23","3,31","11,79","53,38","25,75","15,39","23,97","17,29","20,03","32,84","6,14","59,36","23,56","17,90","9,76","11,26","10,78","5,78","4,53","50,82","13,39","5,65","49,37","9,96","32,52","2,51","16,59","28,06","13,66","11,52","32,92","102,02","22,06","50,99","40,72","15,07","16,42","22,21","18,39","4,86","9,84","13,59","24,68","27,43","11,39","54,43","27,18","13,18","40,40","43,29","9,22","19,19","14,31","19,74","26,37","9,38","16,88","11,57","8,10","30,92","8,44","18,02","36,82","34,29","6,34","48,50","46,69","24,22","14,75","6,84","43,67","10,44","44,60","34,23","46,71","11,26","27,58","12,04","16,02","21,74","15,51","51,66","41,12","24,74","24,31","46,69","24,65","6,40","80,80","3,95","27,78","28,22","35,01","51,38","13,80"
27/01/2026 00:00:00,"14,83","28,70","5,14","8,68","3,31","11,47","53,91","26,76","15,86","24,25","17,69","20,56","32,75","6,09","60,81","24,21","18,16","9,77","11,51","10,97","6,00","4,53","50,57","13,50","5,82","50,26","10,67","33,73","2,65","16,66","29,79","13,96","11,52","33,01","103,04","21,46","52,47","41,50","15,08","16,64","22,96","18,71","5,01","10,16","13,87","25,06","28,05","11,84","55,96","27,75","13,54","41,59","44,44","9,30","19,41","14,78","19,52","26,46","9,55","16,94","12,59","8,33","31,45","8,63","18,79","37,85","35,04","6,47","49,01","47,46","24,65","14,95","6,83","43,19","10,55","46,56","35,32","47,90","11,19","27,90","12,77","16,20","22,36","15,28","51,27","41,96","24,89","24,27","45,98","24,98","6,54","82,58","4,12","28,02","27,69","35,24","52,46","14,76"
28/01/2026 00:00:00,"14,91","29,34","5,17","8,95","3,32","11,69","55,50","27,40","16,20","24,95","17,89","20,84","33,47","6,10","61,32","24,81","18,72","10,11","12,50","10,94","6,24","4,57","49,14","13,29","6,03","50,59","10,89","33,33","2,64","16,97","30,05","14,21","11,74","33,09","99,40","21,53","52,39","41,40","15,40","16,73","23,19","19,05","5,04","10,28","13,75","25,56","28,24","12,03","58,45","27,46","13,72","42,21","45,44","9,10","19,59","15,09","19,03","27,30","9,99","16,95","12,33","8,27","31,98","8,86","18,58","38,95","36,21","6,52","50,50","47,99","24,53","15,04","6,80","43,73","10,81","47,81","36,14","47,88","11,31","28,15","13,12","15,98","22,80","15,37","51,75","41,09","26,50","24,90","46,82","25,41","6,97","84,60","4,11","28,33","27,50","35,82","51,34","14,68"
29/01/2026 00:00:00,"14,72","28,97","5,04","8,67","3,39","11,32","54,76","27,04","16,37","25,05","17,64","20,57","33,26","6,13","60,09","24,61","18,87","10,31","12,02","10,86","5,96","4,50","47,89","12,89","5,91","49,70","10,52","32,57","2,23","16,66","29,70","13,88","11,50","33,07","97,00","21,17","50,86","40,82","14,89","16,44","22,22","18,82","4,89","9,75","13,43","24,63","27,82","12,11","57,36","27,25","13,57","42,15","45,25","9,20","19,00","14,84","18,72","27,94","9,63","16,65","12,45","8,08","32,03","8,68","18,47","39,20","36,56","6,42","51,51","47,69","24,22","14,78","6,71","42,33","10,64","46,98","35,61","47,64","11,33","27,73","13,35","15,82","22,29","15,38","49,35","40,51","26,69","24,59","45,34","25,30","6,63","85,02","4,10","27,92","27,33","35,47","51,84","14,32"
30/01/2026 00:00:00,"14,81","29,09","5,13","8,57","3,49","11,26","54,37","26,74","15,85","24,77","17,54","20,44","33,05","6,14","59,09","23,81","18,79","10,14","11,93","10,83","5,72","4,53","47,67","12,98","5,90","50,39","10,07","32,88","2,62","16,69","29,90","13,95","11,39","32,32","96,59","21,12","50,45","40,92","14,89","16,26","21,91","18,74","4,81","9,63","13,00","24,62","27,99","12,10","56,18","27,22","13,35","41,13","44,61","9,19","19,16","14,49","18,67","28,58","9,70","16,70","12,45","8,07","32,32","8,77","18,61","39,29","36,62","6,37","50,99","48,35","24,24","14,66","6,44","41,99","10,64","47,24","35,00","46,68","11,18","28,04","13,12","16,05","21,99","15,06","49,32","39,56","27,08","24,19","44,07","25,38","6,30","82,02","3,99","28,01","28,18","35,37","51,49","14,67"
02/02/2026 00:00:00,"15,02","29,44","5,03","8,67","3,36","11,16","55,60","26,19","16,04","24,85","17,73","20,70","33,75","6,16","60,24","24,02","18,30","10,24","12,45","10,95","5,82","4,48","47,34","12,99","5,82","51,60","10,01","34,67","2,49","17,26","30,63","14,87","11,33","33,05","96,88","21,00","50,09","40,95","15,01","16,51","22,07","18,95","4,92","9,76","12,74","24,82","28,08","12,26","57,67","27,94","13,55","41,92","45,00","9,41","19,21","14,60","18,87","29,10","9,74","16,94","12,64","8,28","32,25","8,75","18,83","38,51","36,11","6,49","50,88","49,81","24,93","14,65","6,44","43,47","10,30","48,39","35,49","46,59","12,05","28,51","13,14","15,94","22,36","15,00","48,72","40,16","27,56","24,33","44,57","25,87","6,48","82,50","4,07","28,84","28,57","35,44","51,72","14,49"
03/02/2026 00:00:00,"15,34","29,79","4,76","8,85","3,34","11,17","56,74","26,41","16,14","25,23","17,83","20,82","33,92","6,25","60,34","25,18","18,14","10,16","12,50","11,17","5,99","4,32","47,38","13,34","5,99","53,69","10,37","34,64","2,55","17,62","32,00","14,79","10,97","33,31","95,39","21,17","51,09","41,21","15,27","16,58","22,51","18,90","5,02","10,03","12,80","25,03","28,16","12,55","57,20","28,43","13,69","42,07","45,26","9,57","19,25","15,13","19,29","29,50","10,03","17,15","13,15","8,41","32,39","8,95","18,83","38,99","36,44","6,42","51,50","49,80","26,42","14,97","6,49","42,24","10,51","49,44","34,64","47,00","12,10","28,90","13,33","16,21","22,38","15,66","49,09","40,27","28,26","24,76","43,11","26,11","6,64","86,56","4,37","29,36","28,82","36,45","53,76","14,00"
04/02/2026 00:00:00,"15,26","29,19","4,69","8,59","3,22","10,96","54,98","25,45","15,48","24,65","17,30","20,14","32,91","5,99","57,36","25,29","17,94","10,18","12,47","10,91","5,90","4,02","46,60","12,97","5,82","52,67","10,23","34,19","2,58","17,23","30,51","14,44","10,35","32,79","91,83","20,81","49,53","40,26","15,18","16,12","21,89","18,58","4,93","9,80","12,46","22,45","27,60","12,00","55,69","27,67","13,27","40,78","43,77","9,12","19,32","14,75","18,92","28,84","9,64","16,67","12,85","8,18","32,29","8,74","18,20","38,77","36,39","6,14","50,25","50,55","25,32","15,16","6,32","41,27","10,19","48,87","33,70","46,31","11,87","28,50","12,90","15,79","21,86","14,78","49,59","39,41","27,69","24,45","37,55","25,99","6,52","86,99","4,14","29,01","28,60","36,07","51,17","13,37"
05/02/2026 00:00:00,"15,44","29,62","4,69","8,70","3,17","10,95","56,90","24,71","15,96","24,01","17,41","20,31","32,96","6,04","58,13","24,46","17,48","10,20","12,66","10,88","5,78","3,92","46,52","13,14","5,64","52,98","9,90","35,46","2,55","17,38","31,10","14,79","10,52","32,85","91,46","21,58","49,46","40,43","15,54","16,48","21,51","18,39","4,95","9,61","12,05","22,81","28,08","11,78","55,19","28,44","13,53","41,71","44,65","9,37","19,43","14,75","18,88","29,56","9,56","16,87","12,97","8,74","32,40","8,94","18,09","38,21","35,88","6,16","49,15","48,66","25,99","15,08","6,28","41,22","10,06","48,88","33,30","46,61","11,86","28,80","13,14","15,59","21,82","14,44","50,42","39,62","28,56","25,19","37,05","26,12","6,37","84,09","4,40","30,08","29,11","36,72","51,98","13,53"
06/02/2026 00:00:00,"15,38","29,73","4,78","8,78","3,29","11,40","57,63","24,82","16,72","23,90","17,07","19,79","32,98","6,09","59,40","24,23","17,37","10,17","13,04","10,71","5,72","3,79","45,67","13,20","5,77","53,05","9,51","37,11","2,51","17,53","31,13","15,81","10,52","32,89","91,41","21,89","50,01","40,89","15,72","16,57","21,47","18,64","4,97","9,64","11,77","23,10","28,13","11,88","55,25","28,27","13,86","42,62","45,86","9,38","19,30","15,04","18,82","31,19","10,10","16,97","13,63","8,94","32,75","9,11","17,89","37,81","35,54","6,27","50,63","50,20","26,37","15,14","6,23","41,14","10,13","49,78","32,72","45,93","11,80","28,57","13,55","15,47","21,66","14,89","50,19","39,44","29,15","25,16","37,45","26,67","6,23","83,29","4,46","30,93","29,15","36,80","51,62","13,50"
09/02/2026 00:00:00,"15,35","29,66","4,76","8,78","3,17","11,46","58,63","25,68","17,29","24,38","17,31","20,08","33,10","6,07","59,33","24,58","17,82","10,14","13,02","10,78","5,82","3,77","46,50","13,51","6,04","54,56","9,85","36,76","2,51","17,64","30,79","15,81","10,43","32,99","93,66","21,94","50,71","41,41","15,58","16,57","21,74","18,66","4,97","9,72","11,45","23,17","28,52","12,13","56,48","28,78","14,26","43,90","47,39","9,34","19,82","14,96","18,95","30,76","10,87","17,12","13,81","9,10","33,08","9,26","18,12","38,58","36,19","6,36","51,05","50,86","26,36","15,36","6,39","41,76","10,30","49,37","34,68","46,46","11,79","29,44","13,57","15,82","21,68","15,21","51,33","40,33","29,39","25,80","38,37","26,94","6,25","84,93","4,46","30,90","28,94","37,58","53,51","13,71"
10/02/2026 00:00:00,"15,62","29,45","4,71","8,90","3,10","11,55","58,85","25,85","17,12","24,36","17,38","20,09","33,86","5,85","58,09","24,30","18,22","10,16","12,60","10,80","5,59","3,67","46,33","13,78","6,10","54,94","9,39","37,62","2,50","17,77","31,13","15,88","10,21","33,31","93,58","19,82","50,93","41,38","15,35","16,54","21,64","18,83","5,06","9,68","11,33","23,32","28,49","12,12","56,45","28,79","14,29","44,04","47,49","9,31","19,83","14,62","18,68","31,34","10,50","16,93","13,90","9,48","32,99","9,48","18,25","38,78","36,22","6,39","51,47","50,84","26,41","15,79","6,42","40,91","10,38","49,29","35,21","46,74","11,84","29,98","13,45","15,79","21,70","14,89","51,11","40,46","30,07","25,64","38,90","26,85","6,18","84,67","4,38","30,53","29,10","38,32","52,16","13,45"
11/02/2026 00:00:00,"15,73","29,69","4,76","9,23","2,97","11,71","59,55","25,74","16,97","24,47","17,86","20,68","34,51","5,80","58,36","24,90","18,04","10,17","12,87","11,25","5,71","3,63","46,41","13,95","6,43","56,29","9,62","37,71","2,72","17,84","31,28","15,82","10,39","34,49","93,02","20,21","51,55","42,05","15,37","16,78","22,13","19,05","5,21","10,00","11,19","23,10","28,71","12,07","58,21","29,41","14,70","44,86","48,43","9,30","21,02","14,82","19,07","31,28","11,00","17,09","13,65","9,85","33,15","9,54","18,35","39,94","36,93","6,44","53,60","51,04","26,71","16,34","6,48","41,75","10,36","49,87","35,52","47,63","11,93","30,40","13,75","16,05","21,62","16,35","57,92","42,21","30,67","27,65","38,22","27,34","6,31","87,63","4,55","31,12","29,75","38,61","53,35","13,40"
12/02/2026 00:00:00,"16,47","29,32","4,62","9,70","2,97","11,82","58,89","25,02","17,04","25,57","17,58","20,38","33,45","5,68","57,66","24,65","17,48","10,16","12,72","11,18","5,40","3,54","46,79","13,75","6,11","55,62","8,70","37,99","2,56","17,62","30,83","15,85","10,08","33,66","93,05","19,84","51,42","41,37","15,09","16,97","21,68","18,71","5,23","9,81","10,72","22,92","28,60","12,11","58,40","29,61","14,34","44,07","47,32","9,15","20,53","14,64","18,92","31,75","10,06","16,59","13,52","9,85","32,67","9,16","17,95","38,71","35,99","6,28","52,23","49,86","26,17","16,18","6,31","42,00","10,01","50,37","33,98","46,80","11,88","30,31","13,18","15,88","20,69","15,39","58,24","41,68","31,65","27,91","37,05","27,11","6,03","86,79","4,46","30,99","29,90","39,29","53,79","12,92"
13/02/2026 00:00:00,"16,30","28,87","4,60","9,90","3,00","11,64","58,43","24,48","17,13","24,98","17,39","20,13","32,18","5,68","58,73","23,89","17,58","10,17","12,86","11,10","5,30","3,44","47,00","13,76","6,12","54,98","8,73","39,32","2,42","17,39","30,64","16,19","10,01","33,24","92,50","21,44","51,03","41,00","15,00","17,14","21,16","18,70","5,41","9,48","10,40","22,76","27,93","12,23","57,61","28,92","14,27","43,50","46,86","9,28","20,39","14,89","18,80","32,16","10,13","16,31","13,22","9,79","32,16","9,19","17,75","38,62","35,78","6,28","52,56","49,08","25,67","16,13","6,35","42,26","10,22","50,21","33,25","46,17","11,81","30,28","12,86","15,89","20,54","15,20","58,33","41,43","32,03","26,92","37,60","26,98","6,32","84,65","4,37","30,90","29,80","38,78","53,56","12,88"
18/02/2026 00:00:00,"16,09","29,12","4,83","9,64","2,97","11,62","58,58","24,74","17,28","25,36","17,28","20,08","31,87","5,57","59,45","23,37","18,03","10,16","12,97","11,00","5,18","3,52","45,92","13,87","6,30","56,11","8,59","39,53","2,33","17,06","31,52","16,59","10,07","32,81","93,98","21,29","50,78","40,85","15,28","17,37","21,13","19,13","5,54","9,47","10,12","22,73","28,16","12,33","55,86","28,77","14,26","44,05","47,07","9,28","20,21","15,04","18,53","32,45","10,18","16,14","13,09","9,84","32,51","9,28","17,81","39,05","36,07","6,43","53,78","49,30","25,64","15,99","6,42","42,43","10,59","50,08","33,87","46,19","12,01","30,21","12,89","15,84","20,73","15,37","57,19","41,50","31,82","26,62","37,97","27,16","6,32","81,63","4,39","30,67","30,40","38,39","53,15","12,98"
19/02/2026 00:00:00,"16,13","29,78","4,91","9,46","3,02","11,77","61,18","25,42","17,42","25,99","17,60","20,48","31,95","5,62","60,96","23,29","18,63","10,16","13,29","11,20","5,18","3,57","46,33","14,06","6,40","57,29","8,53","39,82","2,36","17,17","31,68","16,77","10,34","33,26","94,28","21,90","51,90","41,27","15,48","17,56","21,03","19,45","5,58","9,48","10,79","23,19","28,56","12,48","57,43","29,03","14,46","44,48","47,62","9,56","20,17","15,13","18,76","33,82","10,48","16,14","13,37","10,03","33,31","9,35","18,07","40,07","36,67","6,45","54,93","49,96","26,13","16,34","6,55","44,22","10,71","51,18","34,30","46,71","12,32","30,49","13,34","16,15","21,15","15,53","57,12","42,34","33,49","26,65","38,51","27,50","6,22","81,18","4,49","30,74","31,34","38,69","51,14","13,32"
20/02/2026 00:00:00,"15,99","30,29","4,90","9,50","3,05","11,72","61,20","26,14","17,74","26,51","17,96","20,89","32,40","5,70","61,28","23,76","18,74","10,12","13,08","11,28","5,18","3,61","46,09","14,28","6,53","57,83","8,58","40,16","2,44","17,31","31,95","16,88","10,53","33,18","95,35","22,20","52,71","41,71","15,79","17,48","21,15","19,55","5,58","9,48","10,50","23,27","28,95","12,75","57,68","29,04","14,73","45,19","48,29","9,70","20,10","15,14","18,80","34,28","10,70","16,35","14,04","10,34","33,49","9,45","18,22","39,83","36,82","6,46","55,02","49,90","26,21","16,40","6,52","44,66","11,01","51,57","35,37","47,36","12,18","30,40","13,96","16,27","21,30","15,87","56,85","42,77","32,43","26,62","39,06","27,78","6,22","84,44","4,67","31,00","30,75","38,51","51,76","13,46"
23/02/2026 00:00:00,"16,15","30,19","4,76","9,27","2,90","11,83","60,53","26,18","17,53","26,35","17,62","20,38","32,46","5,60","59,74","24,27","18,40","10,15","12,88","11,21","5,18","3,56","46,40","14,18","6,60","58,01","8,53","38,89","2,43","17,41","31,47","16,58","10,25","33,20","93,19","21,82","52,84","41,51","15,49","17,17","21,12","19,24","5,63","9,51","9,97","23,15","28,83","12,69","58,17","28,78","14,26","43,36","46,54","9,58","20,00","15,07","19,53","33,19","10,27","16,64","13,56","10,20","33,40","9,38","18,06","40,60","37,42","6,54","53,45","49,92","25,72","16,57","6,48","43,15","10,91","50,08","33,36","47,29","12,17","30,23","13,32","16,09","20,61","16,18","56,99","42,79","31,61","27,11","37,90","27,36","6,33","85,00","4,53","29,49","30,25","39,76","51,74","13,15"
24/02/2026 00:00:00,"16,53","30,44","5,03","9,79","2,97","11,93","61,38","26,52","17,88","26,86","17,81","20,55","33,15","5,35","60,27","24,48","18,62","10,15","12,65","11,48","5,26","3,65","47,39","14,65","6,80","56,37","8,53","38,50","2,37","17,71","31,73","16,49","10,44","33,71","93,95","22,07","53,83","42,36","15,55","17,22","20,65","19,50","5,86","9,27","10,49","23,54","29,08","13,29","62,39","29,27","14,50","44,06","47,25","9,74","20,32","15,41","20,44","33,41","10,04","16,94","14,83","10,35","34,19","9,98","18,13","41,53","38,37","6,70","54,68","50,59","25,67","17,04","6,71","43,06","11,29","50,81","34,49","47,02","12,54","30,58","13,83","16,34","21,12","17,21","58,57","42,76","30,62","27,96","37,93","27,63","6,53","85,34","4,82","30,19","31,90","40,33","51,18","13,96"
25/02/2026 00:00:00,"16,33","30,53","4,98","9,36","2,99","11,73","62,03","26,23","17,80","27,31","17,63","20,33","33,31","5,23","60,91","25,28","18,55","10,16","12,83","11,64","5,32","3,58","47,12","14,65","6,50","56,32","8,62","37,78","2,25","17,53","31,69","16,15","10,27","32,95","92,14","21,55","53,72","42,24","15,51","17,19","20,92","19,15","5,78","9,38","10,26","23,52","29,09","12,80","61,64","27,97","14,29","43,54","46,88","9,70","20,67","15,31","20,30","33,60","9,40","16,62","14,22","10,34","34,21","9,88","18,39","41,65","38,37","6,58","53,63","50,61","25,17","16,55","6,76","43,11","11,27","49,58","33,13","47,27","12,48","31,15","12,81","16,53","20,55","17,23","58,89","41,83","29,75","27,67","37,46","26,75","6,79","87,51","4,70","29,93","32,00","39,90","50,05","13,90"
26/02/2026 00:00:00,"16,36","31,24","5,00","9,45","3,03","12,21","62,92","26,52","17,61","27,02","17,49","20,14","33,41","5,19","61,15","24,93","18,46","10,14","13,27","11,58","5,35","3,53","47,84","14,72","6,64","54,81","8,63","38,07","2,30","17,88","31,60","16,60","10,37","33,34","94,01","21,60","54,69","42,90","15,46","16,87","20,60","18,96","5,80","9,22","10,75","23,20","29,49","13,71","61,39","28,41","14,32","43,70","46,76","9,69","20,81","15,57","20,24","33,71","9,49","16,77","14,55","10,43","35,12","9,61","18,83","41,59","38,41","6,94","52,34","50,76","25,38","16,51","6,80","41,16","11,55","49,25","33,18","46,40","12,78","30,88","12,80","16,62","20,65","17,59","58,97","42,42","30,10","27,77","37,73","26,70","6,91","86,78","4,56","29,99","32,35","40,61","49,16","13,56"
27/02/2026 00:00:00,"16,22","31,06","5,03","9,34","3,01","11,86","61,27","26,17","17,57","26,69","17,61","20,31","33,00","5,18","60,38","24,83","18,53","10,11","12,94","11,39","5,28","3,48","46,64","14,44","6,29","53,89","8,62","37,45","2,30","17,16","30,71","16,32","10,32","33,22","92,08","21,40","53,26","42,11","15,54","16,46","20,51","18,41","5,72","9,11","10,49","22,54","28,87","13,75","60,11","28,05","13,95","42,75","45,88","9,61","20,56","15,12","20,68","32,95","9,26","16,59","14,81","10,24","34,53","9,11","18,58","41,57","38,14","6,79","54,49","50,36","24,81","15,86","6,64","39,92","11,60","49,55","32,29","45,10","14,56","30,56","12,40","16,48","20,06","17,71","57,99","41,98","29,70","27,52","37,42","25,80","7,07","86,06","4,40","29,14","31,15","40,95","49,48","13,27"
02/03/2026 00:00:00,"15,87","30,62","4,83","9,25","3,03","11,65","62,36","26,44","18,14","26,69","17,53","20,38","33,07","5,06","60,21","24,83","19,05","10,16","12,77","11,26","5,30","3,44","45,82","14,51","6,16","54,52","8,42","37,14","2,23","17,33","30,65","16,00","10,25","32,85","92,56","21,28","52,95","41,70","15,23","16,54","20,33","18,31","5,66","9,05","10,36","22,22","28,59","13,47","59,51","28,16","13,84","42,30","45,06","9,47","20,61","15,06","20,52","32,29","9,10","16,45","14,74","10,01","33,46","8,99","18,66","43,49","39,89","6,60","57,28","49,86","24,22","15,64","6,56","39,33","11,99","50,50","32,31","44,99","13,64","30,37","12,42","16,64","19,87","18,10","58,05","41,42","29,29","26,93","36,91","25,91","6,90","85,75","4,37","29,49","30,83","40,08","48,47","13,01"
03/03/2026 00:00:00,"15,53","29,81","4,54","8,65","3,02","11,56","59,49","25,12","17,21","25,59","16,80","19,41","32,73","4,82","56,68","23,38","18,50","10,10","12,09","10,89","5,11","3,27","44,08","14,16","5,97","52,94","7,91","35,32","2,10","16,95","29,24","15,23","9,69","31,82","91,37","20,49","51,75","40,49","14,72","16,07","19,30","18,02","5,44","8,62","10,01","21,39","27,88","12,97","56,99","27,51","13,31","41,10","43,55","9,02","19,88","14,51","19,54","30,81","8,92","15,71","13,39","9,53","32,42","8,57","18,00","43,17","39,71","6,52","55,12","48,72","23,67","15,36","6,39","38,29","11,58","47,73","31,51","42,71","13,44","29,43","11,21","16,23","19,18","17,71","57,26","40,10","27,88","26,39","36,20","25,36","6,65","82,17","4,13","28,91","30,83","39,42","47,19","12,10"
04/03/2026 00:00:00,"15,56","30,42","4,72","8,36","3,11","12,04","61,34","25,51","17,82","25,76","16,98","19,69","32,71","4,79","59,03","23,57","18,70","10,09","12,14","11,14","5,20","3,28","44,73","14,72","6,04","53,70","8,00","35,58","2,15","17,05","29,71","15,40","9,87","32,56","92,10","21,06","53,45","41,79","14,90","16,22","19,41","18,30","5,41","8,69","9,96","21,57","28,48","13,49","56,96","28,03","13,58","41,56","44,17","9,15","20,00","14,71","19,48","32,82","9,44","16,30","13,95","9,70","32,99","9,01","18,01","42,86","39,28","6,61","55,52","49,05","24,27","15,61","6,40","38,95","11,77","49,16","32,21","42,26","13,68","30,06","11,66","16,31","19,30","17,54","56,49","41,04","28,07","27,06","36,68","25,86","6,81","81,79","4,34","29,51","31,35","40,41","47,13","12,30"
05/03/2026 00:00:00,"15,25","29,60","4,44","8,17","3,08","11,55","59,27","25,04","17,23","24,82","16,44","19,06","32,09","4,48","56,33","23,03","18,75","10,06","11,91","10,91","5,01","3,17","43,49","14,37","5,71","52,15","7,51","34,30","2,07","16,89","28,34","14,78","9,39","31,37","86,84","20,31","52,27","40,50","14,58","15,68","18,88","17,81","5,18","8,44","9,60","21,18","27,50","13,63","54,79","27,43","13,13","40,25","42,69","8,74","19,69","14,28","18,38","31,80","9,07","15,77","13,11","9,34","31,79","8,69","17,53","42,77","39,46","6,49","56,96","47,72","23,73","15,51","6,20","37,77","12,10","45,78","31,16","40,95","13,65","29,03","11,38","16,21","18,76","18,01","55,79","40,31","26,83","26,41","36,37","25,99","6,66","79,07","4,26","29,09","30,30","39,60","46,50","12,09"
06/03/2026 00:00:00,"15,19","29,15","4,26","8,19","3,09","11,50","58,99","24,54","16,92","24,58","16,14","18,79","32,54","4,46","55,19","22,42","19,61","10,06","11,80","10,91","4,99","3,12","43,91","14,23","5,59","51,39","7,19","34,39","2,04","16,98","28,01","15,02","9,21","31,69","79,84","20,09","52,32","40,47","14,52","15,67","18,47","17,81","5,25","8,33","9,58","21,49","27,08","13,32","54,26","27,49","13,04","40,05","42,12","8,69","19,53","14,33","18,07","31,09","9,24","15,53","12,08","9,30","31,32","8,73","17,30","44,53","40,89","6,26","59,39","47,38","23,48","15,37","6,00","38,05","12,12","44,74","30,38","40,63","13,63","28,75","10,89","16,39","18,67","18,62","54,91","40,54","29,50","26,30","35,67","26,43","6,51","76,71","3,95","29,76","29,99","39,33","46,41","11,87"
09/03/2026 00:00:00,"15,37","29,32","4,41","8,25","3,15","11,69","59,59","25,86","17,00","24,53","16,15","18,79","32,45","4,38","55,88","22,70","19,40","10,18","11,35","11,02","5,05","3,15","45,54","14,31","5,74","52,35","7,19","34,30","2,00","17,03","27,80","15,10","9,21","31,93","82,04","21,09","53,00","40,90","14,31","15,58","18,32","17,61","5,23","8,27","9,42","21,34","27,17","13,94","54,16","27,82","13,16","40,30","42,35","8,82","19,68","14,14","17,66","31,80","9,43","15,65","12,23","8,57","31,82","8,74","17,45","45,48","41,86","6,26","59,70","48,08","23,41","15,83","6,05","38,20","12,11","44,66","30,46","40,99","13,63","28,99","11,12","16,75","18,57","18,19","54,79","40,68","29,50","26,41","36,23","26,71","6,60","77,10","3,84","30,27","29,00","39,35","46,37","11,93"
10/03/2026 00:00:00,"15,41","29,35","4,51","8,37","3,18","12,16","60,70","27,52","17,77","24,96","16,48","19,25","32,84","4,42","57,08","22,79","19,39","10,20","12,02","11,23","5,06","3,19","45,57","14,64","6,11","52,87","7,27","34,52","2,07","17,25","28,52","14,52","9,41","32,15","84,30","21,38","53,80","41,66","14,26","15,92","18,42","17,86","5,31","8,36","9,52","21,51","27,48","13,78","55,46","28,02","13,32","40,91","42,98","8,89","19,72","14,77","17,20","32,40","10,05","15,96","12,85","8,71","31,74","8,87","17,78","45,39","41,63","6,23","58,90","48,12","23,49","16,93","6,16","38,39","12,14","46,11","31,08","41,78","13,79","29,41","11,56","16,96","18,61","18,72","55,59","40,63","29,04","26,91","36,71","26,95","6,73","78,36","3,96","30,82","28,76","39,92","46,98","12,24"
11/03/2026 00:00:00,"15,39","28,72","4,47","8,28","3,13","11,91","60,48","27,93","17,65","25,16","16,43","19,16","32,98","4,44","57,38","22,65","19,52","10,26","12,11","11,18","5,04","3,16","45,16","14,47","5,97","52,62","7,13","35,95","2,08","17,41","28,53","14,75","9,42","31,92","83,67","21,29","53,71","41,40","14,58","15,90","18,34","17,83","5,20","8,26","9,58","21,33","27,17","13,89","54,48","27,91","13,33","41,13","43,07","8,82","19,75","15,21","16,47","32,75","9,95","15,89","12,65","8,62","31,36","8,87","17,74","47,61","43,45","6,15","59,35","47,71","23,69","16,98","5,99","38,07","12,14","45,73","30,84","40,99","13,90","29,35","11,36","16,83","19,03","18,51","54,89","40,69","29,60","26,53","37,15","27,09","6,70","77,67","3,90","30,71","28,42","39,17","46,67","12,07"
12/03/2026 00:00:00,"14,91","28,00","4,00","7,81","3,04","11,68","58,18","27,49","16,82","24,06","16,00","18,63","32,71","4,31","55,29","22,55","18,21","10,37","11,33","11,02","4,85","2,95","44,68","13,96","5,64","51,24","6,10","34,89","1,92","17,47","27,52","13,97","8,83","31,16","74,45","20,35","52,67","40,15","13,79","15,32","17,71","17,36","5,02","8,01","9,24","20,84","26,64","13,69","53,34","27,36","13,05","40,56","41,89","8,58","19,29","14,57","16,99","30,63","9,31","15,03","11,90","8,12","30,38","8,59","16,92","48,30","43,64","5,99","59,50","47,10","23,40","16,37","5,53","36,91","12,11","44,09","29,47","39,71","13,31","28,64","10,96","17,56","18,16","17,26","53,46","40,01","28,55","25,85","35,71","26,05","6,44","77,08","3,72","28,42","26,37","38,39","45,61","10,28"
13/03/2026 00:00:00,"14,96","27,48","4,00","7,72","2,89","11,66","58,00","27,52","16,56","23,58","15,75","18,25","33,35","4,29","54,32","22,10","17,80","10,36","11,12","11,06","4,70","2,94","44,60","13,88","5,42","51,30","5,72","34,64","1,89","17,50","26,58","13,51","8,67","31,12","73,59","20,04","51,69","40,00","13,26","15,06","17,42","16,85","5,13","7,86","8,67","20,92","26,04","13,70","53,74","27,42","12,88","40,27","41,60","8,33","19,11","14,61","16,90","29,70","9,25","14,82","11,30","7,68","29,35","8,66","16,03","48,04","43,32","5,82","57,80","47,45","23,33","16,15","4,99","36,25","12,09","42,58","29,12","39,47","13,13","28,82","10,62","18,00","18,05","16,89","53,39","40,10","28,49","26,24","34,20","26,12","6,38","76,16","3,53","28,62","25,00","38,54","46,00","10,17"
16/03/2026 00:00:00,"15,06","28,03","3,99","7,81","2,94","11,88","58,91","28,04","17,03","23,73","15,75","18,26","33,19","4,36","55,09","22,45","18,53","10,39","11,51","11,28","4,76","2,97","45,17","14,18","5,45","52,53","6,03","35,17","1,95","17,70","26,99","13,99","8,85","31,54","76,67","20,50","52,27","40,54","13,40","15,21","17,49","17,05","5,02","7,90","8,88","21,35","26,74","14,16","54,07","27,94","13,10","40,87","42,19","8,64","19,19","14,75","16,83","30,48","9,75","15,20","11,68","7,65","30,07","8,63","16,19","48,76","44,47","5,85","59,80","45,56","23,11","16,29","4,80","36,69","12,37","43,72","29,36","40,73","13,14","28,92","10,81","18,09","18,40","17,39","53,14","40,51","28,75","26,12","34,73","25,94","6,49","76,69","3,61","29,05","25,30","38,50","45,76","10,40"
17/03/2026 00:00:00,"14,98","28,08","3,95","7,95","2,93","11,78","57,76","28,00","17,27","23,50","15,66","18,12","33,23","4,33","55,29","22,46","17,91","10,34","11,61","11,25","4,78","2,91","45,12","14,18","5,22","53,76","6,34","34,99","1,94","17,69","27,40","13,93","8,77","31,44","76,22","21,16","51,04","40,56","13,31","15,16","17,35","16,46","4,96","7,84","8,62","21,49","26,61","14,53","54,13","27,95","13,11","40,83","41,91","8,56","19,28","14,67","16,62","30,48","8,96","15,14","11,80","7,67","30,27","9,36","16,11","49,35","44,98","5,88","62,69","46,19","23,17","16,20","4,86","36,82","12,86","43,56","29,01","41,54","13,20","29,69","10,72","18,32","18,61","17,81","53,10","40,21","29,49","26,32","34,29","26,43","6,62","76,80","3,54","29,75","25,08","38,87","45,99","10,38"
18/03/2026 00:00:00,"14,70","28,25","3,86","7,75","2,87","11,58","57,60","27,11","16,80","23,25","15,43","17,90","32,85","4,27","54,62","22,00","18,15","10,25","11,29","11,14","4,67","2,84","44,44","14,97","5,19","53,40","6,06","33,96","1,93","17,41","27,30","13,90","8,47","31,16","75,99","24,35","49,96","40,13","13,29","15,01","17,08","16,45","4,85","7,75","8,21","21,58","26,62","14,45","53,71","27,78","13,09","40,38","41,49","8,62","19,00","14,64","17,03","30,75","8,77","15,10","11,95","7,59","30,04","9,35","16,35","50,23","45,58","5,79","66,03","45,85","22,93","15,97","4,72","36,67","12,94","43,06","28,58","41,42","13,03","29,24","10,67","18,01","18,36","17,93","52,55","39,76","29,88","25,98","33,40","26,22","6,47","75,02","3,48","29,02","24,69","38,53","45,95","9,90"
19/03/2026 00:00:00,"14,73","28,27","3,82","7,73","2,89","11,84","57,82","27,50","16,60","23,34","15,45","17,91","32,98","3,81","54,32","21,79","17,36","10,30","11,33","11,50","4,70","2,82","44,11","15,24","5,24","54,52","6,09","33,00","1,92","17,46","27,11","13,89","8,27","31,65","75,55","25,30","50,47","41,30","13,45","15,01","17,18","16,48","4,15","7,75","9,44","21,79","26,85","14,08","53,53","27,81","13,14","40,71","41,78","8,52","18,80","14,70","17,06","30,90","8,69","15,07","12,22","7,57","30,19","9,75","16,56","50,17","45,37","5,83","65,82","46,67","22,86","16,08","4,83","36,82","12,65","43,36","28,90","42,09","13,20","30,35","10,53","18,21","18,52","18,73","51,11","40,03","29,67","26,31","33,77","26,78","6,37","74,54","3,38","29,34","25,04","38,72","46,38","10,13"
20/03/2026 00:00:00,"14,43","27,36","3,73","7,36","2,80","11,30","55,65","26,62","15,89","23,11","15,17","17,62","32,44","3,61","51,98","21,36","16,79","10,28","11,23","11,55","4,61","2,80","42,29","14,61","5,10","52,66","5,99","31,86","1,98","16,73","25,05","13,41","7,53","30,88","72,06","24,99","48,30","39,98","12,99","14,59","17,14","15,91","4,15","7,68","8,96","21,62","25,51","13,68","52,15","26,98","12,94","40,08","41,11","8,08","18,40","14,40","16,60","28,93","8,26","14,72","11,80","7,16","29,35","9,21","16,31","48,97","44,29","5,70","67,89","45,66","22,24","16,01","4,70","36,88","11,98","42,18","28,19","42,67","12,93","29,70","10,11","18,21","18,01","18,52","50,17","38,80","28,59","25,78","33,58","26,16","6,31","73,49","3,19","28,33","25,59","38,19","45,75","10,27"
23/03/2026 00:00:00,"14,62","28,40","4,03","8,02","2,96","11,83","58,27","27,58","16,94","23,79","15,77","18,26","32,97","3,93","54,43","22,02","17,39","10,27","11,90","11,76","4,75","2,96","43,67","15,13","5,35","54,24","6,54","33,88","2,12","17,10","27,22","14,09","8,08","31,61","77,07","25,10","49,96","41,36","13,63","15,22","17,68","16,78","4,48","8,00","9,44","22,40","27,06","14,43","54,27","28,10","13,40","41,35","42,32","8,62","18,90","15,19","18,98","31,60","8,68","15,48","13,17","7,65","30,89","9,90","16,90","49,30","44,64","6,05","65,96","47,32","23,03","16,73","5,02","38,53","12,32","45,92","29,07","44,85","13,23","30,51","11,03","18,25","18,91","18,88","51,61","40,34","30,99","26,55","34,66","27,42","6,60","75,37","3,50","29,77","26,64","38,38","47,14","11,00"
24/03/2026 00:00:00,"14,66","28,36","4,03","7,93","2,99","11,66","57,65","26,80","17,06","23,48","15,64","18,20","32,79","4,12","54,83","22,24","17,73","10,23","11,94","11,64","4,89","2,99","43,42","15,04","5,32","54,37","6,57","34,26","2,12","16,99","27,21","13,99","7,89","31,27","75,66","24,98","49,75","41,17","13,66","15,07","17,92","16,62","4,42","8,09","9,60","22,37","26,70","14,55","54,55","28,04","13,33","40,95","42,09","8,38","19,14","15,21","19,62","31,57","8,61","15,31","12,80","7,74","30,65","9,72","16,88","50,54","45,84","6,04","67,63","47,15","23,30","16,41","5,10","38,45","12,33","45,33","28,88","41,91","13,21","30,54","11,00","18,48","18,73","19,67","51,16","39,90","30,32","26,75","34,60","27,86","6,72","75,97","3,57","30,04","26,42","38,93","47,34","11,11"
25/03/2026 00:00:00,"14,97","28,77","4,15","8,21","3,01","11,91","58,74","26,26","17,66","23,69","16,01","18,53","33,14","4,13","55,86","22,48","18,81","10,30","12,41","11,98","4,85","3,04","43,65","15,13","5,43","56,24","6,60","35,22","2,17","17,14","28,48","14,12","8,03","32,00","76,88","25,22","51,16","42,21","14,11","15,39","18,13","16,90","4,62","8,15","10,05","22,79","27,55","14,61","53,92","28,51","13,52","41,56","42,64","8,65","19,45","15,20","19,75","32,96","8,81","15,67","13,11","8,32","31,17","9,90","17,10","50,82","46,06","6,14","67,28","47,89","24,20","16,49","5,02","39,05","12,50","46,46","29,03","43,25","13,48","31,27","11,26","18,52","19,32","20,10","51,39","40,52","31,07","27,07","34,80","28,46","6,82","77,38","3,73","30,89","27,58","39,19","48,07","11,42"
26/03/2026 00:00:00,"14,79","28,12","4,08","8,21","3,01","11,53","56,93","25,11","17,44","22,90","15,80","18,09","32,96","4,12","54,40","22,26","19,75","10,30","12,18","11,83","4,77","3,03","43,22","14,95","5,25","55,45","6,44","34,26","2,08","16,89","27,45","13,31","7,97","31,25","74,71","24,54","49,75","40,00","13,54","15,12","18,11","16,46","4,69","8,11","9,94","22,59","26,68","13,72","52,44","28,32","13,26","40,33","41,49","8,32","19,26","14,95","20,58","31,06","8,36","15,22","12,55","8,03","30,21","9,52","16,50","51,92","46,57","6,04","68,76","47,28","23,51","15,89","5,07","38,02","12,53","45,16","28,54","43,06","13,33","30,57","10,89","18,37","18,68","20,41","50,79","39,73","29,43","26,49","34,42","28,54","6,68","76,76","3,75","30,62","26,79","38,15","47,41","11,16"
27/03/2026 00:00:00,"14,72","27,74","3,93","8,69","3,01","11,46","55,97","24,37","16,89","22,50","15,57","17,80","32,73","4,04","52,76","22,15","19,44","10,30","12,00","11,85","4,71","2,96","43,40","14,75","5,11","54,31","6,18","32,70","1,98","16,80","25,93","12,97","7,71","31,11","73,13","23,91","49,27","39,08","13,16","15,07","17,81","16,11","4,53","7,98","9,69","21,63","26,24","13,53","51,46","27,71","13,09","40,29","41,01","8,26","19,21","14,66","21,83","30,27","8,01","15,21","12,19","7,66","29,82","9,24","16,42","52,82","47,92","5,94","70,82","46,89","23,05","15,62","5,06","37,51","12,79","44,07","28,25","42,71","13,21","30,22","10,46","18,64","18,36","20,09","50,43","39,06","28,87","26,31","34,04","28,32","6,59","76,84","3,77","30,35","25,75","38,00","47,30","11,17"
30/03/2026 00:00:00,"14,80","27,84","3,97","8,81","3,17","11,63","56,28","24,93","16,72","22,24","15,58","17,75","32,64","4,11","52,63","22,35","20,02","10,34","11,48","11,84","4,72","2,98","44,15","14,79","5,07","55,60","6,14","33,01","1,95","16,80","26,56","12,91","7,98","31,46","72,97","24,19","49,73","39,60","13,24","15,34","18,04","15,92","4,50","8,06","9,93","21,54","26,26","13,64","51,08","27,99","13,19","40,81","41,16","8,39","19,16","13,97","22,33","30,20","7,93","15,19","12,40","7,58","30,08","9,24","17,14","53,16","48,17","5,94","72,10","47,58","23,04","15,49","5,32","37,65","13,14","44,46","28,45","43,06","13,16","30,82","10,59","18,58","18,45","21,12","50,55","39,54","28,97","26,62","33,81","28,34","6,63","77,33","3,63","30,70","25,20","37,97","48,94","11,59"
31/03/2026 00:00:00,"15,21","29,12","4,22","9,48","3,44","11,94","58,56","25,70","18,06","22,84","16,03","18,42","33,12","4,22","55,48","23,06","20,45","10,46","12,10","12,12","4,81","3,14","45,16","15,20","5,38","57,33","6,33","34,10","1,98","17,70","27,32","13,30","8,13","32,38","76,66","24,54","51,89","40,77","13,75","15,59","18,67","16,70","4,70","8,38","10,10","22,74","27,60","14,36","53,02","28,82","13,81","42,38","43,02","9,05","19,51","14,72","21,64","32,25","8,69","15,75","12,91","7,87","31,50","10,44","17,84","52,44","47,20","6,12","66,21","49,15","23,28","16,14","5,55","38,76","13,21","46,40","29,53","44,53","13,36","31,65","11,28","18,71","19,09","20,90","51,89","40,87","30,62","27,25","34,73","28,72","6,74","80,23","3,72","31,12","25,91","39,16","50,89","12,11"
01/04/2026 00:00:00,"15,32","29,73","4,46","9,30","3,48","12,03","59,48","25,45","18,25","23,46","16,28","18,67","33,40","4,31","56,77","23,25","19,70","10,54","12,21","12,14","4,81","3,19","44,93","15,59","5,43","57,22","6,52","35,57","2,01","17,70","28,52","13,58","8,72","32,43","80,30","24,99","52,42","40,61","13,99","15,68","19,37","16,51","4,66","8,67","10,48","22,92","28,11","14,41","52,52","28,56","14,00","42,78","43,38","9,45","19,55","14,72","20,79","32,85","8,76","16,00","13,56","8,05","32,17","10,35","18,18","50,52","45,94","6,15","64,13","49,37","22,52","16,07","5,49","39,23","12,81","47,16","30,07","45,80","13,66","31,23","11,60","18,17","19,42","19,43","52,08","40,66","30,72","27,37","34,70","29,27","6,77","80,73","3,77","30,76","26,54","39,56","50,89","12,03"
02/04/2026 00:00:00,"15,24","29,08","4,36","9,13","3,52","12,57","59,28","25,16","18,32","23,23","16,09","18,39","33,71","4,25","56,44","23,38","20,35","10,48","12,04","12,27","4,78","3,16","45,62","15,68","5,37","57,58","6,47","34,79","2,01","17,80","27,52","13,37","8,85","32,82","80,67","24,88","52,64","40,50","13,95","15,54","19,46","16,28","4,60","8,71","10,62","22,71","27,44","14,41","53,03","28,56","13,75","42,23","42,86","9,70","19,32","14,61","20,79","32,48","8,67","16,13","13,00","7,93","31,69","10,35","18,48","51,66","46,69","6,12","67,77","50,05","21,63","15,99","5,34","39,57","12,90","47,08","30,10","45,63","13,66","31,52","11,24","18,47","19,02","20,07","50,84","40,70","30,81","26,93","34,78","29,22","6,77","81,27","3,69","30,99","26,30","39,24","50,19","11,72"
06/04/2026 00:00:00,"15,41","29,24","4,37","8,92","3,57","12,53","58,95","24,00","18,16","23,27","16,14","18,59","33,72","4,25","56,88","23,46","20,97","10,46","11,96","12,32","4,74","3,21","44,79","15,58","5,27","57,13","6,41","34,73","1,97","18,11","26,89","13,38","8,89","32,84","81,37","25,52","52,43","40,46","14,02","15,58","19,27","16,14","4,57","8,59","10,68","22,59","27,55","13,59","53,64","28,89","13,71","42,50","43,05","10,49","19,05","14,42","20,51","31,78","8,74","16,02","12,07","7,94","31,46","10,51","18,16","52,25","47,46","6,15","67,30","49,76","21,63","15,82","5,15","39,52","13,08","46,55","29,93","45,51","13,65","31,20","11,07","18,38","18,65","19,42","49,59","40,80","30,87","26,52","34,89","29,30","6,82","80,82","3,58","30,79","26,03","38,67","50,50","11,77"
07/04/2026 00:00:00,"15,44","29,30","4,34","8,86","3,49","12,55","59,47","23,15","17,78","23,28","16,28","18,77","33,75","4,04","57,37","23,64","21,16","10,50","11,82","12,42","4,75","3,13","45,25","15,56","5,26","57,26","6,36","32,94","1,92","18,16","25,68","12,81","8,62","32,68","81,29","25,24","53,22","41,09","13,41","15,57","19,35","16,06","4,49","8,66","10,26","22,93","27,58","13,50","53,07","28,95","13,78","42,84","43,02","11,21","18,46","14,57","20,06","30,09","8,70","15,95","12,07","7,19","31,65","10,23","18,25","52,10","47,04","6,11","67,82","49,85","22,13","16,29","5,11","39,71","13,28","46,56","29,65","45,26","14,01","31,35","11,15","17,71","18,62","18,64","46,43","40,73","29,00","26,90","34,49","29,93","6,93","81,41","3,54","31,21","25,80","38,92","50,53","11,85"
08/04/2026 00:00:00,"15,82","30,45","4,43","9,44","3,50","13,23","61,99","23,10","18,43","24,32","16,93","19,71","34,11","4,21","61,22","24,28","20,45","10,58","12,65","12,80","4,94","3,20","47,38","15,99","5,24","57,72","6,72","34,50","1,91","18,55","27,35","13,82","8,99","33,73","84,87","25,83","54,73","43,15","14,19","15,78","20,08","16,46","4,62","8,94","11,19","23,48","28,66","13,60","54,76","29,92","14,30","44,31","44,52","11,63","18,77","15,26","19,81","31,47","8,87","16,38","12,45","7,67","32,93","10,35","19,11","49,80","45,20","6,32","64,10","51,25","23,26","16,03","5,48","40,39","12,97","48,75","30,27","44,91","14,42","32,22","11,30","18,21","19,31","18,24","47,34","41,91","32,26","27,36","35,36","28,98","7,24","83,25","3,82","31,31","27,44","40,13","52,65","11,89"
09/04/2026 00:00:00,"16,02","30,99","4,46","9,75","3,64","13,90","64,35","23,34","18,88","24,55","17,15","19,82","34,16","4,17","62,14","24,33","21,17","10,61","13,29","13,00","4,94","3,28","48,96","16,29","5,48","59,96","6,79","35,67","1,89","18,72","28,06","14,22","9,27","33,99","85,03","26,00","55,86","43,80","14,80","16,42","20,95","16,61","4,67","9,36","11,72","23,51","29,11","13,89","56,22","30,51","14,56","45,40","45,28","12,25","19,04","15,66","19,25","32,64","9,14","16,64","12,69","7,91","33,32","10,20","19,66","51,26","46,45","6,54","65,45","51,92","23,31","16,01","5,61","40,77","13,18","49,42","30,82","45,51","15,13","33,28","11,55","18,61","19,33","18,05","47,60","42,66","33,37","27,52","34,23","29,74","7,68","82,38","4,00","32,48","27,98","40,61","52,38","11,85"
10/04/2026 00:00:00,"16,08","31,58","4,22","9,78","3,63","13,90","65,33","20,80","19,22","24,56","17,24","19,97","34,65","4,22","61,87","24,58","21,64","10,61","13,60","13,28","4,88","3,18","49,84","16,41","5,58","58,61","6,42","34,57","1,89","18,91","27,81","14,33","9,57","35,56","86,30","26,71","56,72","44,77","14,76","16,56","20,92","16,17","4,57","9,34","13,25","23,10","28,83","13,68","55,25","30,61","14,63","45,48","45,60","12,24","19,06","15,47","19,83","32,49","9,06","16,89","12,67","7,80","33,18","10,20","20,40","52,53","47,55","6,67","67,65","52,72","23,66","16,32","5,56","41,18","13,47","48,39","30,96","45,44","15,40","34,10","11,29","18,81","18,87","18,18","47,16","42,97","33,14","27,75","33,63","30,43","7,21","83,25","3,97","33,23","27,26","40,79","52,76","11,51"
13/04/2026 00:00:00,"15,89","31,81","4,15","9,88","3,72","13,76","65,57","21,53","18,98","24,58","17,43","20,12","34,30","4,20","62,88","24,88","21,12","10,64","13,49","13,22","4,86","3,11","50,59","16,48","5,53","56,48","6,52","34,88","1,97","19,09","28,00","14,27","9,60","36,73","86,68","26,85","57,17","44,65","15,27","16,89","20,75","16,27","4,71","9,13","13,07","23,09","28,94","13,95","55,24","30,92","14,53","45,45","45,36","12,32","19,18","15,56","21,00","33,26","9,12","16,84","12,86","7,92","33,42","10,32","20,51","53,46","48,28","6,61","66,80","53,10","23,73","16,13","5,58","41,45","13,04","48,20","30,87","42,64","15,83","33,70","11,34","19,10","18,78","17,99","47,80","42,91","33,39","26,97","34,28","30,53","7,03","84,98","4,12","33,12","26,85","39,75","51,92","11,75"
14/04/2026 00:00:00,"15,85","31,96","4,21","10,15","3,77","13,96","67,15","22,14","19,39","25,20","17,59","20,30","34,00","4,20","62,34","25,40","21,02","10,60","13,21","13,12","4,93","3,26","51,90","16,67","5,50","57,34","6,64","35,07","1,97","19,06","28,00","14,71","9,84","37,43","86,70","27,14","57,51","45,04","15,62","17,30","21,22","16,77","4,82","9,35","13,05","23,29","29,15","14,12","56,48","31,39","14,65","45,93","46,05","12,75","19,53","15,42","21,87","33,61","9,16","17,47","13,38","7,91","33,99","10,40","20,84","51,09","46,43","6,85","65,08","51,86","24,03","16,80","5,57","42,18","12,87","50,36","30,91","42,48","15,87","33,79","11,20","19,32","18,93","18,09","48,51","43,14","34,10","27,03","34,59","30,14","7,03","85,89","4,21","32,74","27,10","39,35","51,78","11,90"
15/04/2026 00:00:00,"15,79","32,22","4,33","10,16","3,70","14,25","66,27","22,71","19,55","24,23","17,56","20,32","33,35","4,15","63,40","25,30","21,10","10,56","13,20","13,11","4,87","3,27","52,32","16,58","5,49","57,29","6,64","33,79","2,01","18,19","27,60","14,37","9,83","37,88","85,46","27,27","57,51","45,35","15,51","16,68","21,42","16,53","4,84","9,34","12,65","23,18","30,05","14,07","57,78","31,63","14,81","46,29","46,56","12,84","19,16","15,35","19,60","32,65","9,30","17,52","13,43","7,82","34,27","10,25","20,97","50,10","45,47","6,76","63,19","53,26","23,90","16,84","5,59","39,79","12,72","51,30","30,53","41,91","15,74","34,10","11,09","18,35","18,51","17,14","47,83","43,30","33,20","27,12","35,06","30,69","6,98","86,03","4,29","33,66","27,57","39,69","49,84","11,83"
16/04/2026 00:00:00,"15,39","31,93","4,32","9,26","3,66","14,31","65,56","22,22","19,49","24,11","17,68","20,37","33,31","4,09","63,41","25,05","20,73","10,54","13,05","13,00","4,82","3,22","52,11","16,55","5,34","57,03","6,62","32,97","1,96","18,21","27,25","14,27","9,62","37,66","82,72","27,14","57,07","45,26","15,18","16,72","21,15","16,25","4,60","9,19","12,35","22,75","29,63","14,11","56,66","31,20","14,63","46,40","46,50","12,94","18,95","14,81","19,65","32,29","9,16","17,22","13,28","7,61","34,07","10,10","20,70","52,20","47,11","6,77","64,25","53,17","23,09","16,47","5,46","39,04","12,79","50,15","30,31","41,38","15,71","33,58","10,97","18,10","18,18","16,96","47,53","42,09","32,01","26,34","34,56","30,38","6,99","85,05","4,15","33,06","27,50","38,90","48,29","11,69"
17/04/2026 00:00:00,"15,29","32,44","4,46","9,45","3,79","14,45","63,49","22,12","19,14","24,23","17,86","20,77","33,23","4,12","62,68","25,49","19,43","10,59","13,27","13,11","4,98","3,25","50,95","16,41","5,25","56,98","6,79","33,84","2,13","18,25","27,72","14,91","9,88","36,99","84,24","27,12","56,72","45,19","15,76","16,29","21,16","16,81","4,61","9,33","12,23","23,16","30,19","14,38","56,97","30,89","14,63","46,37","46,32","13,49","18,78","15,19","19,61","33,21","9,20","17,55","14,06","7,69","34,45","10,15","20,70","49,43","44,82","6,92","61,66","53,79","22,98","16,43","5,59","39,82","12,26","50,51","30,45","40,85","15,69","33,74","12,12","17,74","18,66","16,16","47,93","42,77","32,23","26,60","35,22","29,76","7,21","87,30","4,41","32,68","27,67","38,65","48,54","11,71"
20/04/2026 00:00:00,"15,27","32,15","4,48","9,55","3,83","14,61","63,93","21,87","18,97","24,11","17,63","20,55","33,57","4,10","63,21","25,18","20,28","10,61","12,98","13,20","5,04","3,28","51,33","16,65","5,30","57,66","6,82","33,32","2,13","18,35","27,77","14,90","9,65","36,90","84,48","27,29","56,84","45,06","15,91","16,32","21,06","16,51","4,66","9,28","12,38","23,20","29,87","14,41","57,26","30,83","14,56","45,88","45,90","13,76","18,76","14,91","19,57","33,34","9,26","17,39","14,43","7,67","34,09","10,18","20,83","50,33","45,60","7,01","61,63","54,88","23,20","16,36","5,58","39,23","12,34","51,33","30,45","42,15","15,51","35,21","12,60","17,85","18,75","16,26","47,80","43,57","32,12","26,65","34,66","29,87","7,27","86,31","4,57","32,83","27,51","38,95","48,37","11,79"
22/04/2026 00:00:00,"14,96","31,54","4,18","9,57","3,87","14,14","63,08","21,43","18,79","23,24","17,16","19,94","33,02","4,01","61,14","24,58","20,40","10,55","12,47","12,90","4,94","3,05","49,66","16,46","5,17","57,45","6,64","32,89","2,12","18,06","27,09","14,43","9,20","36,22","79,39","27,03","55,32","43,75","15,51","16,14","21,34","15,85","4,57","9,37","12,65","22,72","29,36","15,00","54,34","30,47","14,23","44,53","44,57","13,85","18,70","14,39","18,69","32,94","8,87","16,81","14,36","7,59","33,34","10,16","20,35","51,27","46,23","6,79","62,70","53,50","22,56","16,12","5,46","38,43","12,81","49,87","29,52","42,45","15,32","34,58","12,39","17,68","18,62","16,07","47,35","42,97","31,94","25,46","33,60","29,26","7,25","84,84","4,58","32,68","27,12","37,47","47,08","11,15"
23/04/2026 00:00:00,"14,70","30,88","4,10","9,55","3,75","14,00","63,28","21,93","18,75","22,84","16,80","19,51","32,61","3,96","60,08","24,06","20,17","10,60","11,74","12,83","4,80","2,94","50,15","16,56","5,09","56,19","6,39","32,38","2,03","17,86","27,05","13,87","8,91","36,43","78,47","26,94","54,89","43,92","15,10","15,97","21,30","15,70","4,52","9,35","13,30","22,38","28,53","14,94","53,36","30,02","13,98","43,44","43,73","13,30","18,11","14,11","18,28","31,83","8,57","16,48","13,81","7,46","32,53","10,15","20,29","51,97","46,98","6,66","62,72","50,90","21,90","15,81","5,46","37,66","12,85","48,78","29,27","42,85","15,08","34,42","11,85","17,53","18,18","15,93","46,69","42,43","31,11","25,85","32,42","28,94","7,21","83,62","4,32","32,72","26,30","37,94","48,17","10,75"
24/04/2026 00:00:00,"14,46","30,61","4,05","9,42","3,68","14,07","62,87","22,15","18,70","22,54","16,70","19,46","32,63","3,97","60,00","23,95","19,01","10,58","11,55","12,55","4,74","2,96","49,39","16,34","5,11","56,95","6,43","31,55","2,00","17,71","26,60","13,70","8,93","36,16","78,06","27,33","54,68","44,11","15,25","15,86","21,39","15,56","4,85","9,32","14,09","22,27","28,47","14,58","52,93","29,49","14,04","43,89","43,92","13,11","17,94","14,05","18,10","31,86","8,65","16,48","13,55","7,30","32,41","10,15","20,13","51,47","46,38","6,61","62,63","51,38","22,37","15,71","5,32","38,50","12,69","48,68","29,10","43,61","14,81","34,46","11,39","17,37","17,94","16,41","45,64","41,91","30,71","25,90","31,87","29,08","7,61","83,53","4,18","32,77","26,14","38,16","47,69","10,50"
27/04/2026 00:00:00,"14,50","30,28","4,02","9,58","3,55","13,82","62,45","21,90","18,44","22,35","16,56","19,28","32,31","3,90","59,64","23,85","18,99","10,61","11,20","12,31","4,76","2,91","48,91","16,05","5,00","55,65","6,40","29,11","1,98","17,58","25,06","13,09","8,71","35,70","78,02","27,21","53,71","43,39","14,40","15,65","21,28","15,36","4,55","9,28","13,15","22,43","28,21","14,35","51,80","29,21","13,92","43,36","43,54","12,67","17,87","13,75","18,16","29,53","8,53","16,08","12,88","6,90","32,17","10,26","19,78","51,64","46,59","6,63","64,35","51,04","22,28","15,49","5,28","38,23","12,34","47,72","29,09","41,55","14,62","33,97","10,98","17,24","17,38","15,78","45,30","41,44","28,05","25,58","31,14","29,15","8,14","83,17","4,08","32,44","25,46","37,72","48,08","10,14"
28/04/2026 00:00:00,"14,54","30,01","4,06","9,03","3,46","13,92","62,08","21,50","18,26","22,38","16,46","19,12","32,39","3,93","59,31","23,71","19,04","10,58","11,35","12,30","4,67","2,89","47,75","15,89","5,18","54,86","6,42","28,67","1,97","17,51","24,20","13,01","8,59","34,66","78,38","27,08","53,14","42,64","14,13","15,58","22,16","15,12","4,45","9,70","12,04","21,74","27,85","13,73","52,14","29,17","13,87","43,45","43,65","12,51","17,82","13,79","18,09","30,43","8,54","15,99","12,94","6,95","31,93","10,21","19,43","52,02","46,73","6,45","64,40","50,63","21,90","15,48","5,26","38,23","12,20","46,72","28,84","41,09","14,51","33,40","11,01","16,85","17,04","15,83","45,45","40,99","27,95","25,03","31,40","29,45","8,17","82,09","4,06","32,44","24,90","37,07","47,18","9,92"
29/04/2026 00:00:00,"14,29","29,17","3,90","8,74","3,39","13,74","60,50","21,15","17,62","21,56","16,12","18,67","32,12","3,80","57,73","22,61","18,90","10,54","10,96","11,93","4,59","2,74","46,88","15,53","4,95","53,46","6,16","28,26","1,93","17,11","23,40","12,76","8,39","34,17","76,01","26,56","51,41","41,70","13,69","15,68","22,06","14,83","4,30","9,61","11,75","22,45","27,36","13,66","51,49","28,73","13,49","42,27","42,43","12,45","17,61","13,21","17,39","29,60","8,08","15,54","12,23","6,78","31,25","10,10","19,38","53,66","48,15","6,40","66,38","49,02","21,30","15,47","5,19","37,54","12,06","44,64","28,08","40,40","14,65","32,99","10,64","16,98","16,68","15,92","44,82","40,45","26,84","24,62","31,01","29,12","8,00","77,27","3,91","31,91","24,95","36,25","44,00","9,66"
30/04/2026 00:00:00,"14,47","29,68","3,97","8,85","3,39","13,89","62,05","21,62","17,76","22,05","16,32","18,88","32,24","3,80","58,48","22,94","19,13","10,59","11,32","12,06","4,67","2,78","48,93","15,90","5,04","53,69","6,23","28,97","1,93","17,45","23,49","12,85","8,47","34,82","76,75","27,08","52,24","42,32","13,72","15,73","22,21","15,08","4,34","9,75","12,39","22,26","27,33","13,99","52,54","29,51","13,75","43,12","42,75","12,32","17,48","13,39","17,43","30,19","8,23","16,00","12,14","6,92","31,41","10,19","20,38","53,92","48,27","6,48","66,41","49,31","21,79","15,73","5,31","38,17","12,21","45,34","28,47","40,54","15,17","33,15","10,80","17,00","17,21","15,94","43,84","41,28","27,58","25,56","31,67","29,94","8,29","78,96","3,96","32,77","25,81","37,39","44,76","9,86"
04/05/2026 00:00:00,"14,40","29,27","3,90","9,01","3,45","13,87","61,89","21,85","17,61","21,76","15,98","18,47","32,21","3,98","57,27","22,53","18,74","10,62","11,15","11,94","4,59","2,73","48,10","15,87","5,10","54,08","6,08","28,13","2,38","17,21","22,32","12,76","8,21","34,67","78,71","27,23","51,91","42,05","13,41","15,94","22,25","14,72","4,38","9,67","11,50","22,50","27,18","13,73","50,92","29,32","13,43","42,00","41,98","11,61","17,28","13,31","18,00","29,00","8,00","15,64","11,57","6,68","30,92","10,32","19,89","53,49","48,52","6,35","70,16","48,92","21,35","16,24","5,24","37,70","12,05","44,42","28,00","41,32","14,94","32,84","10,54","17,33","16,94","16,59","42,58","40,29","27,42","25,63","32,34","29,93","8,23","76,51","3,85","32,30","25,86","37,20","44,26","9,91"
05/05/2026 00:00:00,"16,60","29,38","3,98","9,16","3,49","13,94","62,06","22,73","17,74","21,77","16,15","18,77","32,78","4,06","57,10","22,34","18,48","10,62","11,47","11,82","4,60","2,73","49,41","15,90","5,29","54,20","6,27","28,38","2,44","17,08","22,78","12,93","8,38","34,04","78,44","27,32","52,46","42,93","13,52","16,03","23,33","14,68","4,45","10,07","11,71","22,92","27,39","13,63","52,66","29,27","13,49","41,85","42,04","11,96","17,40","13,83","17,65","29,73","8,00","15,60","12,07","6,73","31,07","10,39","20,20","52,75","47,85","6,28","69,50","48,71","22,02","16,29","5,27","38,52","12,15","45,33","28,20","42,49","15,84","33,29","10,65","17,37","17,63","16,44","42,40","40,19","28,18","26,33","32,73","29,67","8,65","76,25","3,96","32,29","26,65","37,85","43,44","10,06"
06/05/2026 00:00:00,"16,90","30,22","4,15","9,35","3,63","14,02","61,80","22,35","18,09","21,91","16,26","18,85","33,14","3,97","58,17","22,88","18,14","10,64","12,28","11,73","4,81","2,81","49,74","15,75","5,30","54,90","6,70","30,34","2,47","17,29","23,20","13,55","9,07","33,82","83,61","27,59","53,46","43,68","14,06","16,47","23,93","14,86","4,53","10,33","11,91","23,18","28,25","13,73","52,81","30,51","13,39","41,53","41,37","12,44","17,14","14,46","17,79","30,80","8,03","15,94","12,10","7,04","32,07","10,52","20,80","50,76","46,49","6,38","66,54","49,13","21,61","16,69","5,36","40,14","11,91","47,06","28,75","43,57","15,55","32,87","10,91","17,55","18,12","16,66","43,01","40,99","30,96","24,26","32,90","29,79","8,74","79,01","4,01","32,31","28,27","37,33","44,84","10,21"
07/05/2026 00:00:00,"16,36","29,33","3,87","9,20","3,67","13,83","58,12","22,32","17,52","21,54","15,73","18,11","32,64","4,12","56,38","22,71","17,53","10,68","12,04","11,44","4,75","2,78","48,23","15,29","5,25","53,41","6,58","30,11","2,50","17,21","22,87","13,16","8,89","33,87","83,01","26,98","51,63","42,20","13,82","15,90","23,35","15,23","4,57","10,12","11,85","22,98","27,67","15,07","52,34","29,82","13,13","40,40","40,39","11,89","17,02","14,70","17,01","29,24","7,94","15,67","11,70","6,92","31,10","10,70","20,00","49,80","45,46","6,37","64,40","49,82","20,86","16,29","5,28","37,54","11,41","45,77","27,86","42,49","14,68","31,66","10,39","17,41","20,23","16,22","43,30","39,65","29,66","22,86","36,01","29,36","8,81","77,88","3,71","31,82","27,76","36,30","44,21","10,16"
08/05/2026 00:00:00,"16,27","29,39","3,84","9,28","3,65","13,78","58,75","20,40","17,67","21,65","15,78","18,18","32,85","4,10","57,80","23,01","17,54","10,62","12,23","11,53","4,81","2,82","48,94","15,47","5,14","54,09","6,68","30,14","2,21","17,40","22,33","13,21","8,60","34,29","73,51","27,27","52,15","42,31","13,20","16,22","23,46","14,81","4,59","10,25","11,81","23,08","27,95","15,09","52,63","30,37","13,33","41,00","40,86","11,12","17,19","14,12","17,26","29,57","7,15","15,87","11,74","6,69","31,49","10,69","20,64","49,37","44,91","6,44","63,27","50,99","20,83","16,93","5,45","38,11","11,71","49,26","27,99","42,33","15,09","31,13","10,30","17,33","20,15","16,57","43,70","39,77","29,64","23,15","34,99","30,16","8,99","78,59","3,76","33,26","24,77","36,54","45,41","10,96"
11/05/2026 00:00:00,"16,20","28,86","3,63","8,96","3,42","13,33","57,10","20,06","17,33","21,39","15,42","17,69","32,64","4,30","56,14","23,45","17,57","10,64","11,29","11,56","4,89","2,64","47,45","15,07","4,97","52,66","6,68","29,43","2,17","17,10","21,85","12,85","8,26","33,65","74,09","26,76","51,23","41,52","12,68","15,99","23,28","14,39","4,39","10,21","11,44","23,19","27,29","14,95","52,23","30,08","13,09","40,08","39,93","11,08","17,00","13,50","16,84","29,00","6,93","15,45","10,55","6,42","30,71","10,50","20,21","50,06","45,66","6,17","63,63","50,35","20,45","16,18","5,25","35,78","11,47","46,44","27,28","41,77","14,34","30,42","9,91","17,39","19,33","16,63","43,13","40,19","28,75","22,73","33,30","29,71","9,07","81,17","3,65","32,65","24,00","34,31","44,06","10,68"
12/05/2026 00:00:00,"16,09","28,47","3,60","8,94","3,48","13,06","57,35","19,40","17,05","21,17","15,28","17,56","32,55","4,25","56,18","23,32","17,65","10,62","10,97","11,24","4,97","2,65","46,59","15,00","4,81","52,66","6,55","29,31","2,17","16,98","22,22","13,30","8,07","33,16","72,39","26,44","49,94","40,90","13,03","15,90","23,20","14,05","4,32","10,18","12,50","22,94","26,89","15,04","52,48","29,74","12,87","39,77","39,48","10,93","16,82","13,47","16,89","28,84","7,16","15,15","10,42","6,31","30,37","9,91","20,00","49,48","44,92","6,10","64,63","49,58","20,31","15,75","5,14","35,79","11,51","45,51","27,11","41,53","14,30","29,55","10,03","17,45","19,67","17,20","42,68","39,14","29,06","22,53","32,84","30,08","8,97","80,98","3,63","33,17","23,68","34,61","43,29","10,25"
13/05/2026 00:00:00,"15,87","27,55","3,41","8,43","3,36","12,66","54,94","18,50","16,40","20,61","15,05","17,26","32,38","4,05","54,14","23,25","17,92","10,60","10,44","11,02","4,82","2,54","45,47","14,56","4,60","50,98","6,37","29,46","2,13","17,07","21,80","13,09","7,60","32,85","72,37","25,80","48,51","39,25","12,81","15,56","23,08","13,64","4,10","10,01","12,74","22,29","25,81","14,41","50,66","28,81","12,69","39,60","39,24","10,60","16,81","12,93","16,93","27,40","6,96","14,67","9,86","6,13","29,02","9,51","19,46","48,25","43,83","5,92","65,45","47,86","19,36","15,29","4,91","34,60","11,26","42,59","26,49","40,18","13,82","29,10","9,38","17,62","18,69","17,30","43,00","38,05","28,55","22,15","31,48","29,26","9,16","82,00","3,46","32,35","22,60","33,88","43,21","9,87"
14/05/2026 00:00:00,"15,73","27,96","3,42","8,59","3,35","12,71","55,35","18,85","16,68","20,61","15,18","17,45","32,81","4,09","54,59","22,85","18,19","10,57","11,05","11,05","4,77","2,61","45,21","14,93","4,65","51,92","6,67","29,49","1,89","17,23","21,88","13,46","7,64","32,50","72,27","25,95","48,54","38,80","13,14","15,62","23,34","13,66","4,29","10,16","13,26","23,09","26,35","14,61","51,84","28,89","13,01","40,43","40,00","10,53","16,86","13,50","17,42","28,09","6,91","14,76","9,86","6,43","29,60","9,79","19,74","48,65","44,26","6,11","67,29","48,23","19,51","15,27","4,95","34,57","11,33","43,39","26,61","40,38","13,80","29,52","9,30","17,34","18,74","18,14","42,62","38,00","29,26","22,43","31,41","29,55","9,89","80,61","3,49","32,86","23,00","33,90","43,62","9,74"
15/05/2026 00:00:00,"15,65","27,83","3,31","8,50","3,36","12,65","54,67","19,05","16,45","20,55","15,01","17,30","32,47","4,40","53,71","22,99","18,69","10,57","10,99","11,04","4,72","2,54","44,52","14,85","4,41","51,37","6,42","29,27","1,81","17,08","21,84","12,98","7,58","32,57","71,00","25,06","47,93","38,59","12,58","15,26","23,11","13,35","4,34","10,05","12,45","22,75","26,23","14,36","51,94","28,54","12,80","39,88","39,31","10,48","16,43","13,34","17,42","27,40","6,79","14,71","9,67","6,22","29,18","9,94","19,38","49,70","44,72","6,05","68,80","47,46","19,46","14,97","4,87","34,66","11,45","42,45","26,39","37,66","13,67","29,03","9,07","17,19","18,64","18,00","41,70","37,68","28,58","22,02","30,95","29,13","9,12","81,22","3,41","32,59","22,94","33,84","43,03","9,56"
18/05/2026 00:00:00,"15,77","27,73","3,25","8,29","3,27","12,42","54,31","19,34","16,47","20,28","14,99","17,27","32,47","4,35","53,40","22,66","19,17","10,54","11,06","11,27","4,28","2,50","44,72","14,85","4,41","53,16","6,15","28,92","1,81","17,31","21,74","12,64","7,52","32,33","70,25","24,99","47,74","38,61","12,73","15,28","23,03","13,19","4,23","10,04","12,83","22,52","26,13","14,29","52,23","28,34","12,68","39,71","39,23","10,34","16,30","13,55","16,81","27,40","6,61","14,74","9,55","6,14","29,46","9,75","19,54","51,02","45,67","5,96","68,82","48,23","18,99","14,90","4,98","34,59","11,76","42,44","26,32","37,65","13,54","29,16","8,85","17,28","18,48","18,13","41,97","37,94","28,66","21,90","31,27","29,28","9,03","79,60","3,34","32,73","22,80","33,62","42,24","9,56"
19/05/2026 00:00:00,"15,77","27,17","3,11","8,16","3,21","12,28","53,82","18,78","15,66","20,09","14,78","17,01","32,27","4,22","52,30","22,40","18,76","10,56","10,54","11,08","4,08","2,46","43,72","14,70","4,13","52,43","5,90","28,28","1,78","17,22","21,40","12,48","7,58","31,77","68,40","24,21","47,10","37,82","12,48","14,99","22,79","13,02","4,13","9,91","12,71","21,64","25,65","14,17","51,31","27,94","12,50","39,03","38,40","9,98","16,10","13,42","16,50","26,88","6,49","14,68","8,97","6,11","28,84","9,74","19,18","50,90","45,33","5,83","69,32","47,18","18,40","14,61","4,89","33,92","11,45","41,57","26,22","37,03","13,32","28,54","8,60","16,79","18,50","18,09","41,05","37,45","28,48","22,04","30,45","28,37","9,13","78,81","3,24","32,15","22,29","32,95","41,72","9,32"
20/05/2026 00:00:00,"16,17","28,04","3,39","8,61","3,29","12,60","55,00","19,60","16,54","20,55","15,13","17,47","33,03","4,26","53,42","23,03","19,75","10,58","11,15","11,30","4,50","2,54","44,37","15,12","4,32","52,46","6,13","30,69","1,80","17,62","22,14","13,34","7,92","32,36","70,13","25,21","48,17","38,55","13,04","15,46","23,23","13,45","4,42","10,14","13,27","22,39","26,47","14,39","52,74","28,64","12,84","40,09","39,28","10,55","16,52","14,47","17,67","27,80","6,73","15,23","9,55","6,44","29,82","10,00","19,80","48,94","43,86","5,98","68,63","48,75","19,00","15,02","5,00","34,80","11,80","43,92","26,91","38,09","13,28","29,15","9,24","16,52","19,47","17,82","42,20","37,95","30,56","22,33","31,90","29,02","9,61","79,76","3,41","32,81","22,66","33,72","42,48","9,78"
21/05/2026 00:00:00,"16,35","28,10","3,32","8,48","3,31","12,64","54,68","19,95","16,77","20,67","15,21","17,51","33,06","4,03","53,59","23,08","20,15","10,60","11,17","11,13","4,43","2,51","43,70","14,90","4,40","50,81","6,34","30,59","1,78","17,46","22,12","13,12","7,86","32,34","70,56","25,52","47,96","38,14","13,08","15,35","23,26","13,30","4,43","10,17","12,34","22,41","26,34","14,10","52,27","28,41","12,83","40,35","39,73","10,60","16,51","14,62","17,30","28,10","6,77","15,00","9,58","6,23","29,84","10,20","19,68","49,56","44,21","5,98","68,00","48,98","18,52","14,67","5,00","34,41","11,83","43,49","27,05","37,62","13,23","28,62","9,10","16,50","19,43","17,39","42,26","37,81","31,79","22,48","32,07","29,15","9,80","80,37","3,37","32,88","22,32","33,62","42,37","9,73"
22/05/2026 00:00:00,"16,06","27,52","3,29","8,44","3,32","12,45","54,00","20,72","16,41","20,79","15,06","17,23","32,80","3,78","53,15","23,17","19,78","10,60","11,19","10,99","4,48","2,45","43,31","14,73","4,29","51,96","6,73","29,94","1,77","17,17","21,25","12,82","7,56","32,31","72,07","24,96","47,39","37,67","12,79","15,35","23,77","13,11","4,39","10,31","12,05","22,28","25,74","13,68","51,62","28,20","12,71","39,88","39,04","10,36","16,46","14,83","16,60","27,03","6,63","14,50","9,45","6,03","29,31","10,10","19,17","49,41","43,74","5,93","68,40","48,70","18,07","14,21","5,07","33,89","11,92","42,81","26,57","37,52","12,82","28,46","8,96","16,07","18,88","17,35","41,70","38,12","30,34","22,33","31,30","28,70","10,35","80,83","3,25","32,23","22,19","33,16","42,63","9,57"
25/05/2026 00:00:00,"16,35","28,17","3,39","9,12","3,40","12,55","54,40","20,89","17,01","21,50","15,28","17,67","32,94","3,83","55,09","23,19","19,93","10,64","11,94","11,04","4,49","2,56","43,30","14,87","4,39","52,66","6,72","31,26","1,78","17,31","22,67","13,56","7,99","32,58","73,02","25,22","48,41","38,50","13,17","15,58","23,94","13,04","4,45","10,27","12,40","22,69","26,51","13,90","51,87","28,10","12,95","40,52","39,92","10,60","16,55","15,17","16,24","28,13","6,77","14,71","10,49","6,27","30,09","10,53","19,51","47,97","42,68","6,22","64,31","48,77","18,35","14,36","5,20","34,33","11,96","44,34","27,10","37,89","13,37","29,10","9,30","16,22","19,35","17,07","41,41","38,88","31,83","22,52","31,70","28,44","10,02","81,31","3,37","31,77","22,73","33,14","43,21","9,70"
26/05/2026 00:00:00,"16,54","28,06","3,34","9,11","3,40","12,50","53,51","20,50","16,69","20,96","15,22","17,45","33,04","3,93","54,70","23,08","20,07","10,71","11,37","10,98","4,51","2,54","43,59","14,78","4,28","52,92","6,69","31,46","1,72","17,31","22,28","13,40","7,71","32,25","72,12","25,06","47,94","38,60","12,94","15,70","23,37","12,63","4,28","10,09","12,60","22,26","26,14","13,87","51,78","27,78","12,83","40,38","39,67","10,59","16,61","14,80","16,36","27,95","6,65","14,51","10,03","6,15","29,71","10,40","19,49","48,17","42,72","6,16","64,75","48,42","17,89","14,25","5,18","34,81","11,52","43,16","26,78","38,00","13,71","28,77","9,03","16,13","18,99","16,91","41,68","38,38","32,04","22,38","31,29","27,87","9,66","80,80","3,24","31,36","22,27","33,45","43,34","9,60"
27/05/2026 00:00:00,"16,56","27,94","3,33","9,25","3,40","12,40","52,57","20,65","16,24","20,92","15,28","17,60","33,17","3,89","54,20","23,29","19,91","10,72","11,38","10,94","4,63","2,53","44,18","14,64","4,01","50,43","6,55","30,87","1,69","17,15","22,20","13,32","7,80","32,63","73,24","25,14","47,71","37,99","13,17","15,64","23,50","12,57","4,26","10,21","12,40","22,20","25,97","13,82","52,09","27,38","12,91","40,42","39,92","10,65","16,78","14,64","16,29","28,10","6,60","14,33","9,99","5,97","29,49","9,97","19,25","47,39","42,11","6,22","62,98","48,07","18,37","14,05","5,19","34,22","11,43","42,29","26,93","38,00","13,72","28,56","8,99","15,89","18,57","16,90","42,09","38,75","32,29","22,43","30,89","27,48","10,23","81,17","3,23","30,53","22,18","33,53","43,35","9,62"
28/05/2026 00:00:00,"16,24","28,01","3,31","8,98","3,33","12,40","52,70","19,85","16,26","20,47","15,23","17,51","32,91","3,97","53,52","23,35","20,24","10,73","11,44","10,83","4,70","2,53","43,03","14,45","3,94","52,60","6,80","31,55","1,60","17,13","22,50","13,37","7,66","32,32","73,34","25,00","47,87","38,20","13,10","15,40","23,26","12,40","4,14","10,11","12,48","22,14","26,02","13,74","51,62","27,09","12,81","39,90","39,61","10,77","16,67","14,76","16,29","27,94","6,35","14,13","9,81","5,97","29,63","10,10","19,53","46,84","41,81","6,18","62,97","47,81","18,82","13,85","5,20","34,29","11,21","42,29","26,69","38,51","13,62","28,16","8,94","15,90","18,66","16,92","41,69","38,60","32,09","22,17","31,56","26,91","10,65","81,67","3,19","30,42","22,15","33,39","43,62","9,58"
29/05/2026 00:00:00,"16,27","27,60","3,30","8,75","3,22","12,37","52,43","19,31","16,26","20,16","15,14","17,31","33,69","3,69","52,97","23,25","20,25","10,69","11,58","10,54","4,66","2,50","43,39","14,56","3,80","52,37","6,71","31,11","1,50","17,40","22,52","13,40","7,53","33,10","73,12","25,63","47,47","38,55","13,03","15,06","22,54","12,21","4,27","9,70","12,15","21,64","25,78","13,62","50,98","27,03","12,76","39,68","39,65","11,09","16,67","14,67","16,01","28,11","5,98","14,11","9,51","5,85","29,50","9,95","20,25","46,04","41,31","6,06","62,25","47,84","18,56","13,72","5,18","33,84","11,01","41,50","26,63","37,94","13,49","27,95","8,75","15,50","18,46","16,74","41,91","38,54","32,08","21,73","32,87","25,87","11,08","80,56","3,06","29,28","21,84","33,60","44,00","9,54"
01/06/2026 00:00:00,"16,38","27,18","3,20","8,60","3,28","12,06","51,15","18,78","16,01","19,94","14,94","17,11","33,33","3,50","51,99","22,87","20,77","10,70","11,33","10,59","4,54","2,47","42,85","14,41","3,88","51,87","6,55","30,71","1,55","17,14","22,38","13,37","7,35","32,80","71,91","24,88","47,40","38,43","12,92","14,98","22,91","12,25","4,14","9,88","12,20","21,17","25,51","13,64","51,06","26,86","12,62","39,70","38,99","11,10","16,64","14,78","15,83","27,56","5,82","14,13","9,54","5,72","29,01","9,84","19,98","46,64","41,67","6,12","62,82","47,54","17,74","13,92","5,14","33,69","10,86","40,83","26,68","36,72","13,33","27,28","8,90","15,21","18,28","16,98","40,65","38,28","31,98","21,62","34,29","25,41","11,09","79,47","3,00","29,44","21,55","33,04","42,90","9,46"
02/06/2026 00:00:00,"16,40","27,04","3,18","9,05","3,24","12,27","52,36","18,99","16,04","19,89","15,09","17,38","33,43","3,50","52,48","23,61","20,57","10,77","11,46","10,78","4,78","2,49","43,50","14,65","3,88","52,56","7,13","30,72","1,54","17,45","22,35","13,35","7,44","33,94","71,69","25,35","48,02","39,07","13,00","15,00","24,40","11,87","4,21","10,46","12,23","21,44","25,55","13,63","51,35","27,50","12,76","39,78","39,19","11,00","16,91","15,28","15,85","27,93","5,68","14,15","9,82","5,93","29,13","9,86","19,50","46,47","41,57","5,95","61,98","48,27","17,98","14,19","5,13","34,07","10,75","41,31","26,82","37,24","13,21","27,69","8,88","15,29","18,53","17,26","40,43","38,63","32,77","21,85","34,20","25,71","12,04","82,68","2,97","29,65","21,40","33,58","41,90","9,39"
03/06/2026 00:00:00,"16,03","26,69","3,07","8,79","3,20","11,97","50,75","17,38","15,29","19,53","14,78","17,01","33,34","3,58","49,98","22,78","20,75","10,78","10,95","10,64","4,50","2,39","43,30","14,41","3,58","59,62","6,68","28,88","1,48","17,14","20,86","12,43","7,10","34,09","69,42","24,23","46,63","39,81","12,14","14,38","23,89","11,84","4,20","10,22","11,22","21,05","24,55","12,95","50,60","27,18","12,47","39,54","38,36","10,82","16,76","14,41","15,78","26,10","5,34","13,98","9,30","5,72","28,37","9,80","19,12","45,95","41,25","5,73","62,59","47,70","17,39","13,89","5,00","32,93","10,52","39,94","26,19","37,25","12,71","27,23","8,61","14,98","18,16","17,06","41,22","38,18","30,81","22,17","33,41","24,92","11,46","79,56","2,94","29,01","20,50","33,53","41,68","8,86"
05/06/2026 00:00:00,"16,13","26,37","3,06","8,62","3,16","11,77","50,76","17,13","15,18","19,17","14,80","17,10","33,68","3,68","49,92","21,88","21,00","10,72","11,37","10,66","4,37","2,41","42,69","14,44","3,59","56,49","6,00","28,14","1,45","17,26","19,83","12,35","7,22","33,73","72,07","23,89","45,99","38,91","12,32","14,43","23,24","11,89","4,08","10,05","10,94","20,72","24,66","13,27","50,54","26,95","12,41","40,10","38,47","11,16","17,05","14,66","15,76","26,21","5,44","13,96","9,28","5,60","28,07","9,72","19,48","45,71","40,89","5,65","61,12","47,35","17,34","13,94","4,98","32,59","10,44","40,08","26,20","36,95","12,52","27,34","8,49","14,81","18,49","16,64","41,74","37,99","29,61","21,83","32,90","24,96","11,31","76,55","2,95","28,43","20,42","32,74","42,36","8,89"
08/06/2026 00:00:00,"16,04","26,28","3,05","8,45","3,15","11,64","50,52","17,10","15,00","19,10","14,64","16,84","34,13","3,64","49,77","21,59","21,26","10,72","11,23","10,54","4,31","2,36","42,69","14,40","3,43","56,82","5,90","28,43","1,42","17,38","20,15","12,30","7,19","33,42","73,18","23,95","45,70","38,60","12,46","14,30","23,44","11,75","4,06","10,18","10,89","20,37","24,42","13,21","50,68","26,79","12,29","39,82","38,16","10,96","17,12","14,73","15,53","25,80","5,34","13,89","9,20","5,34","27,91","9,46","19,21","46,04","41,22","5,71","62,54","47,42","17,72","13,52","4,92","32,55","10,48","39,67","26,25","36,80","12,50","27,27","8,32","14,45","18,30","16,97","41,97","38,21","29,44","21,93","32,16","24,68","11,18","75,94","2,92","28,25","20,50","33,12","43,90","8,80"
09/06/2026 00:00:00,"16,16","26,42","3,08","8,39","3,13","11,81","50,46","17,24","15,16","19,11","14,81","17,06","34,49","3,64","50,12","21,84","21,25","10,68","11,19","10,59","4,35","2,39","43,60","14,58","3,40","57,13","6,07","29,61","1,42","17,64","20,75","12,85","7,35","33,83","72,47","24,70","46,17","38,76","12,50","14,88","23,23","12,10","4,02","10,22","11,38","20,82","24,69","13,07","50,93","27,36","12,45","40,90","38,85","11,46","17,04","14,77","15,48","26,50","5,49","14,03","9,35","5,37","28,24","9,20","19,77","46,12","41,17","5,80","61,80","48,19","17,98","13,49","5,06","33,16","10,40","40,34","26,64","37,24","13,00","27,69","8,56","14,56","18,80","16,96","42,05","38,62","31,11","22,01","30,60","25,28","11,12","76,36","2,89","28,93","21,00","32,74","43,23","8,86"
10/06/2026 00:00:00,"16,23","26,11","3,00","8,20","3,14","11,58","50,53","16,85","14,90","19,00","14,73","16,90","34,86","3,65","48,49","21,69","21,17","10,69","10,96","10,51","4,32","2,35","43,28","14,28","3,37","57,83","6,04","29,71","1,42","18,03","20,37","12,81","7,12","33,24","69,40","23,87","45,45","38,41","12,36","14,50","23,20","11,81","3,91","10,21","11,41","20,65","24,30","12,53","50,82","26,87","12,46","41,59","38,99","11,19","16,86","14,59","15,90","26,13","5,12","13,80","9,03","5,19","27,78","8,68","19,44","46,81","41,65","5,70","62,88","48,01","17,64","13,30","5,06","32,33","10,16","38,63","26,47","37,20","12,77","27,52","8,12","14,89","18,77","16,66","41,45","38,37","31,58","22,27","28,45","24,99","10,96","75,58","2,76","28,85","20,73","33,05","42,29","8,83"
11/06/2026 00:00:00,"16,59","26,62","3,13","8,24","3,21","11,75","52,27","17,51","15,21","19,41","15,08","17,31","35,97","3,78","49,75","22,02","21,05","10,69","11,22","10,59","4,34","2,45","44,37","14,50","3,37","58,13","6,01","31,26","1,32","18,31","21,10","13,55","7,38","34,54","70,95","24,40","46,56","38,89","12,85","14,83","23,58","11,90","4,12","10,32","11,59","21,00","24,79","12,87","51,71","27,41","12,79","42,19","40,12","10,80","16,78","15,15","16,00","27,43","5,33","14,10","9,70","5,21","28,22","8,51","19,47","46,80","41,76","5,80","62,05","49,03","17,50","13,49","5,07","33,86","10,76","40,29","26,64","38,38","12,93","27,85","8,44","14,68","19,35","15,94","41,29","39,07","32,65","22,65","29,86","24,98","10,85","76,65","2,94","29,06","21,21","33,64","42,25","8,80"
12/06/2026 00:00:00,"16,56","26,49","3,07","8,10","3,29","11,79","52,00","17,19","15,01","19,46","15,16","17,43","36,04","3,78","49,66","22,42","21,02","10,70","10,96","10,51","4,30","2,34","44,42","14,61","3,34","57,03","6,05","31,49","1,39","18,27","21,36","13,44","7,27","35,21","72,59","24,54","46,88","38,77","13,01","14,85","23,64","11,65","3,96","10,42","11,40","21,23","24,39","12,77","51,74","27,33","12,76","41,51","40,22","10,78","16,88","15,14","15,99","27,36","5,22","13,95","9,63","5,18","28,16","8,56","19,17","46,19","41,18","5,86","61,34","50,00","17,34","13,36","4,90","33,90","10,58","40,19","26,60","38,39","13,08","27,54","8,56","14,25","18,93","15,58","41,52","39,06","33,52","22,34","29,62","24,80","10,85","77,01","3,03","28,69","21,33","33,32","42,51","8,73"
15/06/2026 00:00:00,"16,52","26,03","3,05","7,97","3,25","11,78","53,00","17,44","14,92","19,39","15,07","17,28","35,95","3,82","50,15","23,03","20,18","10,69","10,80","10,51","4,39","2,34","44,07","14,75","3,27","56,22","6,09","32,44","1,38","18,37","21,66","13,54","7,25","35,32","77,71","25,06","46,49","38,42","12,96","14,66","23,13","11,38","3,95","10,16","11,42","20,92","23,76","12,76","51,65","27,62","12,65","41,28","40,02","10,70","17,11","15,07","15,78","27,30","5,35","13,98","9,54","5,18","27,97","8,48","19,26","43,74","39,06","5,87","57,10","49,47","17,17","13,27","4,94","33,62","9,90","40,15","26,56","38,44","12,87","27,87","8,30","14,12","18,66","15,90","42,59","38,88","33,33","22,11","29,26","24,10","10,80","78,94","2,98","28,28","21,59","32,93","42,68","8,90"
16/06/2026 00:00:00,"16,39","26,19","3,03","7,89","3,15","11,46","53,16","17,45","14,82","19,40","14,96","17,29","36,34","3,74","49,97","22,98","19,64","10,70","10,31","10,51","4,35","2,30","43,77","14,50","3,27","55,83","6,02","32,06","1,35","18,40","21,58","13,44","7,08","34,33","76,00","24,44","45,65","37,60","13,23","14,48","23,06","11,34","3,91","10,19","11,21","20,25","23,58","12,41","51,40","27,70","12,72","41,57","40,07","10,73","17,06","14,66","15,96","27,54","5,00","14,00","9,41","5,30","27,81","8,58","18,86","43,32","38,54","5,81","56,85","50,07","17,55","13,03","4,92","33,90","9,68","40,45","26,56","37,98","12,78","27,80","8,07","14,04","18,64","15,75","42,93","38,78","33,16","21,59","28,62","23,88","10,13","79,22","2,86","27,48","21,00","33,37","42,73","8,74"
17/06/2026 00:00:00,"16,15","25,90","2,96","7,80","3,17","11,18","52,39","16,60","14,40","19,41","14,97","17,18","37,40","3,72","49,66","22,56","19,89","10,72","10,09","10,43","4,27","2,30","43,43","14,30","3,47","55,79","5,63","31,26","1,31","18,67","20,86","13,18","7,01","33,45","78,46","24,08","45,20","37,09","12,66","14,37","22,58","11,27","3,84","9,94","10,58","19,95","23,30","12,39","50,95","27,11","12,89","42,61","40,42","10,42","16,96","14,22","15,50","27,19","4,74","13,83","8,74","5,08","27,66","7,83","18,68","43,07","38,57","5,91","56,74","51,05","17,39","12,45","4,66","32,94","9,60","40,04","26,55","37,45","12,69","27,46","7,62","13,75","18,96","15,31","42,23","38,26","32,33","21,19","27,93","24,19","9,56","77,60","2,71","27,87","20,72","32,65","43,70","8,36"
18/06/2026 00:00:00,"16,17","26,07","2,70","7,68","3,18","11,21","51,51","16,21","14,12","19,53","14,93","17,10","37,53","3,71","50,12","22,65","19,24","10,73","9,71","10,51","4,21","2,33","44,01","14,78","3,40","57,18","5,18","32,08","1,24","18,99","21,15","13,45","6,73","33,88","78,60","24,10","44,99","36,86","12,55","14,51","21,43","11,30","3,83","9,43","10,58","19,85","23,62","12,82","51,36","27,90","12,89","42,15","40,11","10,34","17,23","13,77","15,45","26,89","4,50","13,75","8,84","4,86","27,93","7,43","18,83","43,13","38,85","5,99","56,97","51,97","16,44","12,33","4,64","33,07","9,68","39,59","26,19","37,72","12,87","26,90","7,40","13,54","18,76","14,76","43,58","38,83","32,92","21,21","27,14","24,83","9,10","77,76","2,71","28,14","21,06","32,47","45,70","7,94"
19/06/2026 00:00:00,"16,01","25,98","2,73","7,65","3,16","11,29","51,81","17,56","14,20","19,42","14,83","17,10","37,02","3,52","49,91","22,68","18,99","10,75","9,91","10,47","4,32","2,34","43,88","14,56","3,49","56,31","5,26","32,62","1,22","19,29","21,83","13,59","6,89","33,88","78,92","24,49","44,94","37,05","12,63","14,61","21,44","11,25","3,90","9,53","10,31","19,97","23,63","12,59","51,80","27,65","12,79","41,91","39,85","10,51","17,13","14,06","15,28","27,28","4,62","13,67","8,99","4,92","27,75","7,50","18,80","43,34","38,80","5,99","57,20","51,99","16,14","12,45","4,76","33,42","9,86","39,62","26,35","36,85","13,33","26,96","7,48","13,60","18,67","14,72","43,23","38,68","33,35","20,91","27,10","25,10","9,17","78,55","2,68","28,34","20,85","32,25","45,06","8,03"
22/06/2026 00:00:00,"16,13","26,55","2,61","7,70","3,20","11,30","52,85","19,40","14,48","19,58","15,09","17,31","36,76","3,50","51,46","22,74","18,76","10,75","9,79","10,72","4,30","2,35","44,37","14,86","3,65","58,94","5,34","33,21","1,26","19,10","21,66","13,73","6,81","34,22","78,06","24,63","45,57","37,65","12,81","14,65","21,68","11,50","3,79","9,46","10,61","19,99","23,95","12,83","52,70","27,99","12,96","42,93","40,92","10,72","16,93","14,16","15,29","27,35","4,66","13,92","9,33","4,95","28,36","7,67","18,95","43,64","39,17","5,91","56,68","52,73","16,68","12,47","4,54","33,65","9,80","40,31","26,42","38,13","13,57","27,91","7,50","13,42","18,93","14,40","42,04","39,29","33,76","21,97","27,25","25,22","9,11","78,70","2,75","28,93","20,91","33,33","45,25","8,45"
23/06/2026 00:00:00,"16,37","26,65","2,58","7,94","3,21","11,36","54,22","20,10","14,50","19,86","15,20","17,47","36,42","3,57","52,04","22,62","18,97","10,72","9,81","10,77","4,28","2,29","44,12","14,99","3,75","58,47","5,27","33,66","1,32","19,09","21,60","13,80","6,98","34,20","78,52","25,20","46,15","38,20","13,00","14,75","21,48","11,58","3,84","9,45","10,28","20,08","24,03","13,23","53,93","27,85","13,03","43,18","41,03","10,62","16,81","14,31","16,80","27,50","4,42","14,21","9,62","4,90","28,47","7,72","18,89","43,98","39,33","5,81","56,10","52,19","16,88","12,90","4,41","34,16","9,79","41,26","26,22","38,82","13,73","28,16","7,77","13,46","18,85","14,56","41,95","39,16","34,35","22,30","27,55","25,49","8,66","77,21","2,81","29,39","21,88","34,06","45,71","8,53"
24/06/2026 00:00:00,"16,38","26,76","2,63","8,27","3,17","11,18","54,18","19,31","14,81","19,73","15,04","17,28","36,81","3,57","52,89","22,11","19,00","10,75","10,68","10,72","4,27","2,28","44,37","15,02","3,70","58,28","5,06","34,28","1,42","19,07","22,50","13,87","7,12","33,60","79,98","25,94","45,89","38,00","13,31","14,83","21,17","11,68","3,82","9,40","10,17","20,73","24,40","13,38","54,16","27,83","13,05","43,28","40,95","10,65","16,85","14,50","16,14","28,92","4,36","14,26","9,56","5,01","28,57","7,81","19,42","42,80","38,29","5,83","54,10","52,38","16,96","12,98","4,35","33,92","9,67","41,24","25,86","37,21","13,82","28,47","7,65","13,37","18,77","14,51","42,20","39,09","35,49","22,18","27,41","25,32","8,68","75,61","2,77","29,11","22,65","34,03","46,61","8,78"
25/06/2026 00:00:00,"16,39","27,39","2,69","8,61","3,20","11,41","55,06","19,80","14,61","20,05","15,02","17,25","36,99","3,52","53,52","22,31","19,22","10,75","10,70","10,79","4,24","2,28","45,12","15,07","3,71","59,94","4,82","34,04","1,42","19,04","22,94","13,83","7,26","33,71","81,10","26,12","46,39","39,05","13,18","15,12","21,23","11,76","3,83","9,46","10,12","20,82","24,95","13,29","54,39","28,05","13,30","44,06","41,68","10,91","17,05","14,52","16,65","28,78","4,42","14,37","9,70","5,18","29,20","7,82","19,63","42,75","38,45","5,77","53,94","52,60","17,08","13,45","4,42","34,37","9,66","41,82","25,69","37,57","13,92","28,90","7,87","13,30","19,11","14,50","42,00","39,25","35,42","22,55","27,16","25,25","8,50","76,51","2,82","29,17","23,08","34,35","46,50","8,75"
26/06/2026 00:00:00,"16,73","27,74","2,74","8,83","3,21","11,55","55,62","18,99","14,92","20,34","15,30","17,54","37,27","3,59","53,87","22,21","19,21","10,73","11,02","10,96","4,25","2,30","45,50","15,26","3,76","60,16","4,73","34,43","1,41","19,27","23,33","14,20","7,40","34,16","81,90","26,81","47,08","39,75","13,23","15,27","21,21","11,84","3,87","9,40","10,24","21,31","25,44","13,68","55,01","28,20","13,46","44,36","42,22","11,21","16,96","14,97","17,10","29,48","4,44","14,48","9,70","5,24","29,62","7,98","19,67","42,25","38,06","5,85","53,29","53,26","17,23","13,69","4,57","34,71","9,70","42,56","25,83","37,45","14,20","29,60","8,07","13,17","19,42","14,83","40,11","39,09","36,16","22,73","28,69","25,60","8,27","76,02","2,88","29,69","23,54","34,57","46,90","8,90"
29/06/2026 00:00:00,"16,59","27,76","2,70","9,00","3,21","11,63","55,11","18,38","14,71","20,26","15,46","17,79","37,43","3,70","53,72","22,25","19,05","10,73","11,02","10,95","4,16","2,29","45,15","15,21","3,71","60,67","4,64","34,67","1,40","19,36","23,26","14,17","7,48","34,18","80,18","26,71","47,40","39,74","13,23","15,24","21,08","11,69","3,83","9,32","10,35","21,16","25,13","13,70","54,12","28,25","13,52","44,35","42,39","11,29","16,89","14,99","17,70","29,21","4,64","14,70","9,58","5,24","29,30","8,30","19,29","42,31","38,14","5,90","53,15","53,30","17,04","13,61","4,64","34,68","9,74","42,25","26,29","37,71","14,38","29,65","7,99","13,01","19,47","15,14","39,68","39,49","36,21","22,29","28,50","26,32","8,33","76,00","2,88","29,92","23,00","34,25","46,79","8,86"
30/06/2026 00:00:00,"16,29","27,76","2,63","8,74","3,24","11,60","54,38","17,88","14,53","19,91","15,42","17,72","37,27","3,71","53,31","22,08","19,30","10,77","10,75","10,87","4,18","2,25","44,78","15,02","3,70","59,93","4,62","34,38","1,36","19,36","23,02","13,92","7,45","34,83","81,85","26,72","47,47","38,94","12,91","15,07","20,57","11,59","3,67","9,11","10,21","20,81","25,01","13,81","54,78","28,11","13,38","44,25","42,16","11,19","16,74","14,76","18,03","29,28","4,68","14,62","9,39","5,28","28,98","8,73","19,78","41,78","37,80","5,99","52,15","52,92","16,70","13,43","4,45","34,71","9,66","41,54","26,27","37,06","14,30","29,64","7,80","12,90","19,69","15,48","39,75","39,15","35,87","21,87","28,70","26,06","8,45","75,75","2,81","29,89","22,88","33,80","46,91","8,88"
01/07/2026 00:00:00,"16,20","27,70","2,68","8,66","3,22","11,54","53,97","17,05","14,40","19,73","15,39","17,74","36,28","3,54","53,22","22,29","18,50","10,73","10,76","10,81","4,14","2,29","44,26","15,00","3,70","61,14","4,59","34,11","1,37","19,51","22,84","13,87","7,26","32,69","81,87","26,25","46,89","38,74","13,00","15,15","20,68","11,66","3,57","9,20","10,55","20,70","25,12","12,91","54,48","28,42","13,40","44,54","42,44","11,01","16,92","14,86","18,00","29,77","4,43","14,42","9,28","5,17","28,88","8,58","19,87","41,57","37,83","5,94","52,40","52,97","16,59","13,17","4,56","35,02","9,54","41,08","26,14","37,31","14,25","29,85","7,75","12,65","19,86","15,71","40,59","39,22","36,71","22,13","28,98","26,04","8,60","75,84","2,75","29,48","22,52","33,63","46,26","8,90"
02/07/2026 00:00:00,"16,30","27,80","2,70","8,69","3,20","11,66","54,25","17,34","14,61","20,00","15,52","17,80","36,80","3,51","53,75","22,37","17,90","10,72","10,84","10,97","4,25","2,30","45,10","15,07","3,72","61,84","4,62","34,05","1,31","19,80","23,15","13,94","7,45","32,36","83,10","26,22","47,86","39,30","13,09","15,44","20,94","12,46","3,61","9,25","10,41","20,80","25,27","13,14","54,56","28,89","13,50","44,54","42,47","10,94","16,99","14,80","16,94","30,19","4,27","14,63","9,41","5,30","29,19","8,22","19,77","42,10","37,96","5,99","52,57","53,46","16,77","13,45","4,56","35,53","9,30","41,25","26,24","37,78","14,41","29,91","7,88","12,62","20,10","15,39","40,78","40,24","36,62","22,63","29,54","26,60","8,56","76,10","2,80","29,83","22,75","34,46","46,26","8,92"
03/07/2026 00:00:00,"16,29","27,89","2,75","8,79","3,25","12,01","53,97","17,14","14,76","19,98","15,55","17,90","36,78","3,54","55,03","22,43","17,91","10,76","10,99","11,03","4,31","2,31","45,69","15,06","3,78","62,11","4,82","34,25","1,31","20,17","23,40","14,28","7,56","32,14","84,83","26,63","48,04","39,44","13,28","15,38","21,23","12,39","3,75","9,38","10,63","20,99","25,64","12,99","54,77","27,65","13,60","44,50","42,74","10,95","17,10","14,80","16,78","30,05","4,45","14,83","9,50","5,43","29,35","8,38","19,78","42,39","38,25","5,96","52,96","54,19","16,95","13,63","4,55","35,75","9,33","41,45","26,42","37,04","14,62","30,37","7,96","12,81","20,15","15,30","40,80","40,42","36,31","22,80","30,00","27,53","8,77","76,69","2,87","30,38","22,77","34,60","46,48","9,07"
06/07/2026 00:00:00,"15,88","27,32","2,67","8,67","3,22","12,24","53,54","17,45","14,58","19,77","15,53","17,90","36,84","3,51","54,58","22,24","18,50","10,75","10,66","10,88","4,33","2,25","44,88","14,93","3,84","62,50","4,76","33,14","1,25","20,22","22,59","13,88","7,44","32,14","86,29","26,10","47,21","39,06","12,87","15,31","21,62","12,67","3,66","9,52","10,38","20,69","25,05","12,62","54,86","27,58","13,46","44,51","42,56","10,57","17,00","14,09","16,41","29,97","4,35","14,67","9,15","5,31","28,87","8,31","19,62","41,85","37,77","5,74","53,57","53,40","17,44","13,50","4,50","35,00","9,17","40,32","26,19","36,09","14,77","29,71","7,76","12,80","19,86","14,96","40,72","39,63","35,93","22,50","28,51","27,94","8,71","75,67","2,87","30,12","22,53","34,35","46,26","8,69"
07/07/2026 00:00:00,"15,61","26,88","2,62","8,53","3,15","12,07","53,39","18,08","14,53","19,73","15,54","17,80","36,68","3,47","53,76","21,79","18,87","10,77","10,22","10,93","4,55","2,21","45,44","14,91","3,84","63,00","4,74","33,34","1,24","20,52","22,21","13,41","7,42","32,75","85,32","25,67","48,03","39,14","12,57","15,23","21,63","12,37","3,58","9,50","10,19","20,68","24,77","12,60","54,80","28,26","13,49","44,75","42,43","10,34","17,17","13,65","15,73","27,28","4,42","14,64","8,90","5,14","28,62","8,05","19,22","42,96","38,44","5,67","56,23","51,50","17,60","13,50","4,47","34,83","9,30","39,09","25,50","36,18","14,83","29,47","7,71","13,16","19,72","15,32","40,92","39,76","34,35","22,50","28,67","28,20","8,43","74,12","2,89","30,86","22,67","34,16","45,87","8,36"
08/07/2026 00:00:00,"15,62","26,65","2,55","8,49","3,10","11,69","53,05","17,90","14,24","19,53","15,48","17,67","36,87","3,45","53,17","20,93","18,88","10,84","10,13","10,80","4,66","2,18","45,46","14,81","3,75","62,80","4,67","30,72","1,22","20,74","21,30","12,58","7,18","32,42","81,50","25,50","48,07","38,65","12,29","15,08","21,92","12,10","3,74","9,59","9,96","20,12","24,48","12,55","54,85","28,79","13,33","44,33","41,89","10,29","17,16","13,71","15,38","25,35","4,51","14,46","8,52","4,84","28,51","8,50","18,75","44,16","39,65","5,56","56,42","52,50","17,32","13,25","4,41","34,08","9,86","38,84","25,10","36,23","15,00","29,25","7,53","13,21","19,45","15,25","40,83","39,16","32,60","22,29","28,94","29,36","8,35","70,72","2,81","31,65","22,17","34,16","45,35","8,27"
09/07/2026 00:00:00,"15,72","27,40","2,68","8,46","3,13","12,04","51,63","18,46","14,79","20,00","15,68","17,98","37,38","3,59","54,88","21,22","18,88","10,78","10,32","11,08","4,83","2,25","46,29","15,05","3,86","64,50","4,80","32,06","1,25","21,21","22,17","12,69","7,40","32,62","83,86","26,20","49,55","39,51","12,61","15,41","22,25","12,38","3,93","9,79","10,07","20,35","25,29","12,65","55,26","29,33","13,59","44,86","42,59","10,65","17,40","14,15","15,41","25,43","4,86","14,67","8,77","4,96","28,98","8,46","19,03","43,53","39,21","5,69","55,61","53,35","18,13","13,75","4,59","35,15","9,69","39,40","25,73","36,98","15,18","30,00","7,82","13,79","19,95","16,05","41,03","39,67","33,85","22,29","29,59","30,10","8,35","71,15","2,96","32,10","22,58","34,35","45,74","8,68"
10/07/2026 00:00:00,"15,82","28,39","2,87","8,87","3,19","13,03","54,03","19,10","15,42","20,58","16,44","18,84","38,40","3,66","57,88","21,70","18,94","10,81","10,68","11,38","5,23","2,40","47,87","15,53","4,07","67,45","5,18","33,55","1,25","21,66","23,06","13,28","7,77","33,58","84,60","27,55","51,55","40,91","13,03","16,07","22,78","12,82","3,97","10,10","10,60","21,11","26,41","12,94","57,30","30,00","14,17","46,46","44,30","11,08","17,54","14,62","15,55","27,02","5,22","15,15","9,02","5,01","30,29","8,68","19,58","44,19","39,65","5,81","55,45","54,97","18,77","14,36","4,74","36,02","9,90","41,10","27,08","37,85","15,45","31,11","8,18","14,02","21,17","16,37","41,55","41,11","34,70","22,78","29,91","30,71","8,45","72,16","3,06","33,00","23,53","35,60","46,51","8,95"
13/07/2026 00:00:00,"15,83","27,81","2,82","8,71","3,16","12,32","52,38","19,22","15,12","20,24","16,31","18,75","38,33","3,70","56,69","21,29","18,80","10,81","10,29","11,07","5,45","2,34","46,84","15,17","3,90","66,27","5,24","32,48","1,25","21,39","22,44","12,83","7,66","32,44","83,01","26,88","50,40","40,21","12,88","15,80","22,59","12,93","3,94","10,01","10,46","20,77","25,88","12,70","56,24","29,20","13,82","45,72","43,52","10,66","17,48","14,15","15,72","26,17","5,06","14,97","8,76","4,74","29,75","8,60","18,95","45,71","40,66","5,64","57,20","54,04","18,20","14,11","4,75","35,56","9,97","40,20","26,83","37,00","15,25","30,37","7,93","13,87","20,85","16,37","41,49","40,70","33,91","22,46","29,22","30,93","8,38","70,86","3,02","32,76","23,11","34,58","44,39","8,88"
14/07/2026 00:00:00,"15,81","27,93","2,87","8,66","3,23","12,31","52,63","18,85","15,33","20,59","16,25","18,61","38,43","3,72","57,11","21,56","20,02","10,84","10,48","11,20","5,10","2,33","47,20","15,21","3,89","66,10","5,20","32,94","1,38","21,72","22,96","12,99","7,82","32,27","82,49","27,17","51,07","40,95","12,62","16,06","23,09","12,96","3,96","10,12","11,19","21,03","26,03","12,81","56,38","29,25","13,90","45,75","43,63","10,64","17,32","14,29","16,09","26,80","5,05","15,15","8,82","4,84","29,62","8,55","18,99","45,48","40,66","5,62","57,57","54,29","18,60","14,13","4,82","36,05","10,10","40,54","26,80","37,43","15,35","30,34","8,06","13,81","21,30","16,12","41,11","40,61","33,95","23,09","28,72","30,11","8,23","71,99","3,15","33,30","23,43","35,37","44,20","8,96"
15/07/2026 00:00:00,"15,57","27,92","1,93","8,66","3,22","11,99","50,42","18,66","15,69","20,55","16,30","18,58","38,74","3,72","56,22","21,77","20,05","10,87","10,34","11,15","5,24","2,25","46,83","15,02","3,93","65,36","5,24","32,09","1,34","21,77","22,50","12,67","7,57","30,62","82,35","26,95","50,35","40,33","12,15","16,15","23,96","12,81","3,98","10,41","10,99","20,98","26,54","13,05","56,65","27,78","13,93","45,49","43,14","10,70","17,39","14,10","15,40","26,68","5,03","14,96","8,71","4,87","29,74","8,67","18,82","45,53","40,59","5,43","57,50","55,22","18,67","14,07","4,81","36,01","9,96","40,35","26,47","37,26","15,35","29,98","7,71","13,50","20,97","15,53","41,48","40,27","32,42","22,72","29,92","31,10","8,20","72,48","3,12","33,75","23,52","35,32","44,26","8,76"
16/07/2026 00:00:00,"15,60","27,50","2,11","8,56","3,15","11,76","49,73","18,53","15,39","20,76","15,97","18,39","39,19","3,67","55,77","21,31","19,65","10,85","9,98","11,09","5,45","2,28","47,19","14,60","3,88","64,06","5,10","30,68","1,35","21,91","21,79","12,38","7,22","30,40","81,77","25,95","49,52","39,85","11,95","16,07","23,67","12,36","3,92","10,36","10,95","21,04","25,73","13,14","57,45","28,00","13,79","45,29","42,55","10,97","17,36","13,65","15,29","25,21","4,92","14,82","8,72","4,84","29,22","8,56","18,54","44,64","39,89","5,27","56,79","55,22","18,52","13,93","4,78","35,87","9,96","38,86","26,30","37,23","15,50","29,30","7,56","13,61","20,83","15,72","41,70","40,38","31,88","22,43","29,90","31,99","7,90","70,99","3,16","34,37","23,35","35,32","43,49","8,84"
17/07/2026 00:00:00,"15,63","27,02","2,25","8,50","3,08","11,59","50,20","18,59","15,20","20,49","15,92","18,27","39,13","3,60","55,37","21,19","19,57","10,83","9,75","11,12","5,33","2,23","46,87","14,80","3,84","63,56","5,05","30,07","1,22","21,67","21,63","12,04","7,04","29,97","81,75","25,68","48,71","39,50","11,90","16,23","23,80","12,54","3,88","10,37","11,38","21,19","25,22","13,09","57,00","28,01","13,61","44,78","41,96","10,86","17,58","13,42","15,03","24,74","4,92","14,61","8,67","4,68","28,53","8,55","18,41","45,81","40,90","5,24","57,85","55,14","18,55","13,70","4,76","35,78","9,96","38,23","26,13","37,14","15,20","29,22","7,54","13,53","20,34","15,45","41,93","40,24","31,08","22,60","29,19","32,07","8,23","70,95","3,17","34,92","22,44","35,37","43,63","8,61"
21/07/2026 00:00:00,"15,80","26,81","2,08","8,25","3,14","11,21","50,46","17,48","15,17","20,88","16,13","18,53","39,54","3,52","54,57","20,80","20,14","10,84","9,31","11,02","5,58","2,14","46,40","14,51","3,78","63,16","5,06","29,37","1,12","21,94","21,18","11,53","6,80","30,34","82,65","25,42","48,48","38,83","11,49","16,19","23,25","11,80","3,83","10,12","11,24","20,24","24,59","12,98","55,80","28,43","13,62","45,12","42,53","10,96","17,59","13,27","15,11","24,90","4,82","14,46","8,00","4,51","28,35","8,71","17,65","46,78","41,66","5,10","58,18","53,48","18,13","13,24","4,67","33,92","10,01","36,55","26,68","36,16","14,77","28,60","7,25","13,75","19,97","15,58","41,63","40,48","29,09","22,67","28,57","31,82","8,46","70,39","3,09","33,95","21,41","35,64","42,47","7,83"
22/07/2026 00:00:00,"16,13","27,17","2,16","8,40","3,23","11,55","51,68","17,81","15,90","21,09","16,50","18,95","40,52","3,61","56,20","21,64","20,37","10,86","9,64","11,21","5,84","2,17","46,71","14,95","3,92","64,00","5,38","29,61","1,27","22,02","21,28","11,70","7,06","30,30","83,79","25,97","49,73","39,35","11,60","16,29","23,82","11,99","3,91","10,42","11,39","20,30","25,20","13,63","56,43","28,53","13,82","45,50","42,90","11,34","17,93","13,54","16,03","25,40","4,91","14,71","8,05","4,59","28,97","8,68","17,97","47,90","42,58","5,27","59,77","55,45","18,29","13,64","4,82","34,49","10,46","37,14","26,95","36,88","15,02","29,29","7,31","13,96","20,62","16,05","42,66","40,93","28,83","22,12","28,89","32,83","8,65","73,05","3,23","34,98","21,55","35,23","46,74","7,77"
23/07/2026 00:00:00,"15,92","26,64","2,17","8,02","3,28","11,39","51,39","17,05","15,65","20,93","16,31","18,70","40,35","3,56","55,49","21,85","20,58","10,90","9,44","11,19","5,83","2,11","46,22","14,88","3,90","63,95","5,30","29,04","1,31","22,04","20,66","11,63","6,96","30,15","83,40","25,70","49,45","39,02","11,17","16,22","23,82","11,72","3,87","10,41","10,47","20,10","24,73","13,29","54,10","28,50","13,73","45,12","42,56","11,08","17,66","13,37","15,59","24,95","4,71","14,50","7,83","4,39","28,43","8,56","17,86","48,70","42,95","5,26","60,54","55,18","18,19","13,96","4,86","33,67","10,54","37,14","26,63","36,47","14,90","28,75","7,67","13,77","20,12","15,71","42,43","40,76","28,91","21,25","27,05","33,39","8,49","73,61","3,21","35,60","21,45","34,55","45,67","7,55"
24/07/2026 00:00:00,"15,64","26,19","2,05","7,85","3,26","11,19","50,26","16,65","15,44","20,35","16,07","18,46","39,48","3,42","53,88","21,60","20,64","10,92","9,27","10,98","5,69","2,08","45,09","14,54","3,80","61,97","5,36","28,78","1,34","20,89","20,70","11,45","7,01","29,39","82,50","24,90","48,46","38,34","11,30","15,91","24,02","11,48","3,79","10,41","9,92","20,23","24,29","13,27","53,84","26,46","13,45","44,70","42,10","10,93","17,52","13,27","14,84","25,23","4,65","14,43","7,94","4,46","28,04","8,38","17,53","47,55","42,21","5,23","58,82","54,78","17,98","13,57","4,83","33,38","10,25","36,89","26,34","36,39","14,63","28,38","7,46","13,64","19,65","15,05","41,84","39,66","29,19","21,47","27,47","32,71","8,48","73,19","3,15","35,10","21,42","35,32","45,99","7,78"
27/07/2026 00:00:00,"15,86","26,79","2,10","8,11","3,22","11,32","51,27","17,11","15,72","20,50","16,23","18,66","38,58","3,46","54,75","21,75","21,00","10,92","9,60","11,17","5,80","2,15","44,75","14,78","3,95","63,41","5,71","29,80","1,36","20,35","21,21","11,84","7,13","30,04","86,90","25,47","49,10","38,80","11,36","16,17","24,23","11,64","3,83","10,56","10,19","21,06","24,89","13,30","54,00","26,68","13,72","45,27","42,69","10,96","17,68","13,73","15,89","25,40","4,83","14,61","8,19","4,67","28,56","8,49","17,89","46,05","41,01","5,27","55,71","54,29","18,17","13,80","4,88","33,60","9,91","37,72","27,36","36,74","14,97","28,87","7,64","13,38","19,77","14,67","41,87","39,32","30,22","21,50","29,38","32,09","8,61","73,62","3,17","34,50","22,01","35,95","46,40","7,94"
28/07/2026 00:00:00,"16,10","27,14","2,17","8,24","3,29","11,45","52,26","17,15","16,00","20,83","16,36","18,72","39,21","3,41","55,03","21,76","20,85","10,94","9,54","11,19","5,96","2,16","45,96","14,93","4,00","64,39","5,64","29,52","1,32","20,14","21,32","11,64","7,17","30,01","88,86","25,85","49,25","38,83","11,28","16,69","24,89","11,80","3,92","10,77","10,60","21,44","25,28","13,24","53,66","26,84","13,76","45,43","42,86","10,98","18,04","13,90","16,30","24,70","4,83","14,69","8,06","4,66","28,79","8,34","17,90","46,42","41,21","5,38","56,77","54,91","18,20","14,08","4,95","34,32","9,88","38,37","27,67","36,22","14,94","28,27","7,88","13,16","19,99","14,30","43,10","39,17","29,50","20,25","29,69","32,45","8,69","73,62","3,33","35,13","22,61","33,83","46,70","8,16"
29/07/2026 00:00:00,"15,90","26,58","2,27","8,30","3,35","11,11","51,13","16,15","15,32","20,78","15,99","18,30","38,94","3,47","53,87","21,66","20,82","10,98","9,12","11,00","5,98","2,19","44,79","14,53","3,89","61,82","5,20","28,29","1,28","19,97","20,77","11,09","6,89","29,29","86,09","25,87","47,93","37,82","10,98","16,47","24,54","11,51","3,89","10,66","10,55","21,03","24,45","13,18","53,32","26,29","13,49","44,26","41,82","10,51","18,02","13,36","16,66","23,76","4,76","14,16","7,85","4,59","27,54","8,27","17,13","47,51","42,00","5,31","58,41","53,81","17,76","13,95","4,87","33,85","9,99","37,44","25,63","35,40","15,01","26,61","7,54","13,09","19,57","14,27","42,30","38,43","28,55","19,48","29,44","32,00","8,32","73,00","3,31","34,60","22,35","32,54","45,64","8,14"
30/07/2026 00:00:00,"15,96","27,22","2,20","8,41","3,39","11,20","52,95","15,86","15,63","21,19","15,94","18,34","38,88","3,59","55,80","21,73","20,39","11,02","9,43","11,23","5,72","2,31","46,09","14,89","3,99","63,50","4,95","29,81","1,30","19,76","21,53","11,46","7,03","29,99","86,14","26,15","49,07","38,66","11,39","16,60","24,73","11,76","3,98","10,84","11,01","21,65","25,11","14,24","54,31","26,76","13,80","45,34","42,74","11,14","18,05","13,52","17,96","24,72","5,02","14,89","7,93","4,73","28,23","8,33","17,35","48,55","42,84","5,34","59,96","54,35","18,25","14,28","4,88","34,42","10,21","38,23","25,25","36,34","15,77","27,41","7,73","13,26","19,96","14,40","42,73","39,24","29,49","19,30","31,13","32,92","7,55","74,01","3,42","35,63","22,16","32,63","46,82","8,34"
03/08/2026 00:00:00,"15,77","27,39","2,18","8,55","3,65","11,20","53,56","16,23","15,62","21,27","16,13","18,50","39,36","3,64","56,30","21,50","19,86","11,11","9,78","11,28","5,73","2,33","46,11","14,87","4,10","64,25","4,51","30,84","1,44","19,50","21,50","11,75","7,03","30,10","89,60","26,75","49,64","38,89","11,32","16,90","25,37","11,66","3,97","11,08","11,91","21,52","25,30","14,38","55,30","26,84","13,88","45,63","43,17","11,15","18,24","13,85","17,70","25,11","5,16","14,82","7,59","4,68","28,72","8,50","17,72","48,62","43,05","5,37","58,50","54,00","18,85","14,16","5,14","34,06","10,00","38,10","28,93","35,62","16,09","27,57","7,55","13,35","19,62","14,38","43,10","39,37","31,10","19,28","31,74","33,10","7,56","72,60","3,26","36,13","22,84","32,30","48,20","8,38"
04/08/2026 00:00:00,"15,87","27,57","2,19","8,66","3,68","11,28","53,71","16,04","15,70","20,99","15,92","18,19","40,03","3,62","55,93","21,87","18,95","11,12","9,72","11,28","5,91","2,26","46,35","14,93","4,05","63,91","4,79","31,13","1,38","19,75","21,35","11,69","7,11","30,13","90,51","27,16","49,78","39,21","11,04","17,11","25,61","11,66","3,95","11,29","11,78","21,54","25,57","15,02","54,39","26,61","13,65","44,75","42,10","10,93","18,25","13,67","16,93","24,91","4,92","14,96","7,70","4,62","29,07","8,42","17,81","48,15","42,50","4,81","58,45","54,25","19,41","14,12","5,10","34,40","9,92","39,09","29,10","35,28","14,23","28,01","7,56","13,57","20,04","13,94","43,02","39,26","31,27","18,83","31,79","32,60","7,52","74,23","3,33","35,44","22,60","31,65","49,17","8,29"
05/08/2026 00:00:00,"15,84","27,49","2,15","8,83","3,62","11,16","53,71","15,96","15,55","21,05","15,75","18,05","39,65","3,61","55,99","22,00","19,45","11,11","9,34","11,25","5,90","2,22","46,09","14,86","3,91","63,71","4,89","31,41","1,55","19,45","21,62","11,81","7,24","29,83","93,01","26,98","49,69","39,18","11,14","16,99","26,05","11,68","3,89","11,41","11,11","21,46","24,99","15,13","54,20","26,71","13,73","45,21","42,38","10,85","18,64","13,67","16,77","25,09","4,79","14,97","7,96","4,71","28,70","8,30","17,88","47,15","41,93","4,66","59,20","53,48","20,55","13,99","5,07","34,45","9,79","39,20","29,48","34,81","14,47","27,71","7,66","13,51","19,94","14,30","42,84","39,43","32,83","18,70","32,51","32,41","7,46","74,57","3,32","35,09","22,29","31,21","48,80","8,29"
06/08/2026 00:00:00,"15,66","27,00","2,15","8,49","3,57","10,98","53,17","16,19","15,36","20,28","15,45","17,70","38,98","3,50","55,39","21,66","18,52","11,13","9,44","11,11","5,75","2,20","45,85","14,90","3,79","63,35","4,74","30,92","1,51","19,62","21,83","11,75","6,82","29,91","91,65","26,60","48,92","38,43","10,92","16,90","25,39","11,60","3,82","11,08","11,13","21,33","24,27","14,63","52,74","26,65","13,51","44,87","41,83","10,67","18,02","13,48","16,46","24,92","4,57","14,64","7,71","4,57","27,88","8,18","17,77","47,31","42,13","4,55","58,61","52,65","20,12","13,71","5,04","34,06","9,75","38,16","29,27","34,83","14,18","27,39","7,14","13,21","18,38","14,69","41,97","38,91","32,48","18,90","32,21","32,75","7,19","73,33","3,11","35,05","21,81","30,89","48,40","8,24"
07/08/2026 00:00:00,"15,48","26,94","2,19","8,24","3,52","10,81","53,05","17,01","14,95","20,06","15,15","17,31","38,38","3,44","53,13","21,35","18,27","11,12","9,18","10,92","5,45","2,22","44,80","14,67","3,67","61,94","4,57","30,75","1,52","19,32","21,67","11,58","6,63","29,73","92,52","26,18","46,37","37,28","10,66","18,54","24,80","11,63","3,73","10,89","10,77","21,60","24,33","14,72","52,14","26,27","13,21","43,65","40,75","10,79","18,01","12,39","16,07","24,90","4,40","14,49","7,76","4,46","27,79","8,28","16,96","45,69","40,87","4,52","57,45","50,42","20,22","13,59","4,99","33,92","9,91","37,82","29,27","34,04","14,19","26,89","7,04","13,22","18,15","14,77","41,70","38,63","33,00","18,76","32,21","31,28","7,15","72,92","3,08","34,23","21,63","30,58","48,12","7,96"
10/08/2026 00:00:00,"15,27","27,06","2,08","8,06","3,41","10,70","51,85","16,75","14,67","20,03","15,07","17,18","38,23","3,30","53,08","21,65","18,50","11,09","8,91","10,68","5,46","2,13","44,40","14,30","3,45","60,57","4,46","31,07","1,42","18,93","21,46","11,32","6,24","29,25","94,66","25,32","45,81","36,77","10,62","18,41","25,00","11,15","3,68","11,03","10,30","21,65","24,65","14,51","51,10","25,87","13,12","43,48","40,42","10,64","17,86","12,12","15,94","24,57","4,32","14,37","7,45","4,38","28,03","8,08","16,90","47,21","42,23","4,41","61,24","49,70","19,38","13,22","4,91","33,97","10,40","36,30","29,25","33,36","13,95","26,55","6,75","13,37","17,92","14,95","41,29","37,89","32,23","18,80","31,84","31,00","7,16","73,86","2,91","33,44","21,64","30,55","47,63","7,54"
11/08/2026 00:00:00,"15,01","26,05","1,99","8,08","3,32","10,54","49,43","16,32","14,29","19,28","14,72","16,79","37,26","3,27","50,13","21,05","18,65","11,10","8,67","10,40","5,57","2,03","43,65","13,94","3,28","57,90","4,28","30,89","1,37","18,45","20,54","11,01","6,01","29,09","92,48","24,55","45,14","35,81","10,22","18,19","23,92","11,00","3,69","10,57","9,79","21,16","23,60","14,28","49,05","25,37","12,63","41,90","39,00","10,28","17,55","12,03","16,16","23,80","4,26","14,03","6,86","4,28","27,13","8,20","16,40","46,53","41,66","4,32","59,25","48,39","18,28","12,96","4,67","33,17","10,07","34,71","29,52","31,55","13,70","25,99","6,15","13,30","17,54","15,01","40,38","37,69","31,80","18,73","30,59","30,99","6,62","72,37","2,80","33,23","20,89","30,14","47,36","7,52"
12/08/2026 00:00:00,"14,85","26,22","2,02","8,00","3,36","10,38","50,03","15,88","14,24","19,00","14,70","16,74","37,56","3,29","49,60","21,10","18,70","11,10","8,38","10,33","5,79","2,03","43,11","13,80","3,21","58,43","4,32","30,27","1,35","18,48","20,50","10,49","6,17","28,43","96,18","24,11","44,49","35,50","10,21","18,25","24,63","11,26","3,60","10,86","9,58","21,57","24,18","14,23","49,13","25,56","12,45","41,48","38,43","10,28","17,62","11,74","16,58","23,81","4,24","13,98","6,88","4,20","27,26","8,16","16,16","46,32","41,45","4,29","59,14","48,05","18,00","12,96","4,72","32,49","10,28","34,10","29,62","31,45","13,88","26,12","6,21","13,23","17,25","14,78","41,45","37,10","32,81","18,75","29,32","30,49","6,54","73,18","2,78","33,04","20,94","29,93","47,64","7,44"
13/08/2026 00:00:00,"14,92","26,07","2,04","7,96","3,45","10,29","49,69","15,26","14,80","18,21","14,59","16,66","37,19","3,04","50,24","20,42","18,35","11,13","8,16","10,30","5,49","2,19","43,23","13,80","3,32","56,20","4,56","31,77","1,28","18,11","21,00","10,59","6,12","28,29","96,67","24,34","43,95","34,82","10,52","18,32","24,54","11,16","3,79","10,86","6,41","21,84","23,92","14,50","49,47","25,83","12,44","41,39","38,31","10,57","17,51","11,51","16,35","24,16","3,98","14,06","6,91","4,80","27,37","7,96","16,01","46,73","41,90","4,28","59,07","46,75","18,30","13,55","4,74","34,54","10,31","34,06","29,83","31,84","13,72","24,28","6,16","13,33","17,12","14,80","41,50","37,61","33,46","17,95","29,53","32,04","6,47","71,90","2,81","33,71","21,22","29,40","47,50","7,72"
14/08/2026 00:00:00,"14,75","25,69","2,16","8,10","3,16","10,05","49,83","14,87","14,67","18,38","14,51","16,54","36,95","3,20","51,00","20,26","18,38","11,07","8,00","10,23","5,54","2,11","41,29","13,69","3,31","55,81","4,49","31,13","1,34","17,91","21,33","10,45","5,91","28,03","99,02","24,45","43,80","34,90","10,67","18,23","24,40","11,22","3,98","10,87","6,73","21,51","23,73","14,11","52,33","25,55","12,49","41,89","39,00","10,82","17,55","11,21","16,36","23,19","3,91","13,80","6,79","4,76","26,73","7,69","15,58","46,83","42,09","4,11","58,63","46,58","17,53","13,67","4,53","33,66","10,18","33,51","29,93","32,63","13,77","23,79","6,16","13,36","17,12","14,61","42,03","37,34","33,67","18,12","30,20","32,27","6,32","71,30","2,80","33,60","20,87","29,74","47,50","7,32"
17/08/2026 00:00:00,"14,67","25,44","2,26","8,14","3,13","10,10","50,18","14,97","14,41","17,95","14,27","16,22","37,30","3,39","50,00","20,19","18,65","11,14","7,84","10,21","5,78","2,13","40,99","13,79","3,22","54,78","4,57","32,32","1,38","17,93","21,47","10,68","5,98","28,05","100,44","24,53","43,69","34,23","10,76","18,14","24,53","11,50","3,95","10,95","6,58","20,98","23,42","14,13","50,35","25,60","12,36","41,15","38,38","10,33","17,40","11,02","16,10","23,40","4,23","13,74","6,60","4,86","26,73","7,66","15,45","47,46","42,47","4,10","61,58","47,52","17,27","13,63","4,58","33,09","10,39","33,43","29,60","32,61","13,73","23,80","6,10","13,74","17,16","15,11","40,58","37,25","33,54","18,15","30,57","33,82","6,36","71,41","2,80","33,65","20,69","29,74","47,99","7,32"
18/08/2026 00:00:00,"14,73","25,37","2,12","7,90","3,14","10,05","49,90","15,34","14,30","17,80","14,15","16,12","37,13","3,35","50,22","20,25","18,74","11,15","7,38","10,17","5,78","2,08","41,18","13,72","3,13","53,85","4,54","31,05","1,43","17,95","21,05","10,30","5,87","27,81","101,29","24,65","43,67","34,50","10,37","18,05","23,96","11,35","3,87","10,75","6,78","20,72","23,26","14,33","50,16","25,33","12,34","41,27","38,19","10,03","17,46","10,64","16,08","22,65","4,28","13,69","6,58","4,76","26,38","7,49","15,55","47,53","42,60","4,05","61,50","47,80","17,11","13,26","4,58","32,81","10,17","32,47","29,25","31,94","13,82","23,65","5,95","13,74","16,61","15,90","41,16","36,91","32,28","17,94","31,18","33,27","6,24","71,55","2,73","34,20","20,59","29,45","48,47","7,33"
19/08/2026 00:00:00,"14,78","25,67","2,19","8,08","3,25","10,10","50,80","15,38","14,42","18,08","14,14","16,02","36,66","3,57","50,51","20,21","18,60","11,16","7,44","10,17","5,91","2,06","42,29","13,82","3,39","54,74","4,43","31,45","1,49","18,05","21,70","10,51","6,10","27,69","101,09","25,10","44,29","34,83","10,57","18,28","22,71","11,45","3,93","10,26","6,56","20,79","23,05","14,39","49,74","25,53","12,38","41,35","38,37","10,02","17,76","10,73","17,31","23,17","4,05","13,96","6,72","4,88","26,49","7,61","15,68","48,14","43,11","4,18","61,53","46,50","17,72","13,75","4,67","33,65","10,42","32,51","28,70","32,06","13,92","23,88","5,95","14,33","16,75","16,61","43,07","37,17","32,05","18,41","32,05","33,94","6,18","72,13","2,71","35,41","20,77","29,79","48,51","7,41"
20/08/2026 00:00:00,"14,65","25,41","2,23","8,01","3,13","10,21","50,85","15,03","14,38","18,05","13,93","15,80","36,67","3,75","50,17","20,55","18,96","11,15","7,40","10,14","5,72","2,05","42,46","14,02","3,36","53,44","4,46","30,53","1,48","18,11","22,33","10,47","6,20","28,18","98,13","25,18","44,49","35,18","10,51","18,17","22,29","11,48","3,94","9,96","6,10","20,74","22,88","13,53","49,02","25,61","12,22","40,64","37,69","9,98","18,20","10,71","18,06","22,93","3,76","13,94","6,51","4,90","26,36","7,67","15,67","49,54","44,31","4,48","62,83","46,86","17,49","13,92","4,62","33,76","10,63","32,06","28,81","32,94","13,79","23,44","5,82","14,93","16,78","17,69","44,11","37,36","31,24","18,43","31,07","34,30","6,11","73,85","2,59","34,89","21,30","29,47","48,50","7,40"
21/08/2026 00:00:00,"15,00","26,08","2,37","8,40","3,22","10,23","51,85","15,14","15,09","18,43","14,33","16,24","37,19","3,99","51,85","21,03","18,80","11,18","7,64","10,04","5,90","2,11","42,32","14,15","3,64","54,50","4,79","29,90","1,56","18,25","23,11","10,48","6,69","27,63","97,27","25,36","44,76","35,77","11,27","18,68","22,15","12,10","4,15","9,85","6,54","21,17","23,58","14,06","50,00","26,02","12,50","41,39","38,60","10,16","18,49","10,99","19,54","23,51","4,16","14,50","7,12","5,09","26,86","8,23","15,95","49,34","44,30","4,47","62,85","46,57","18,43","14,25","4,71","34,25","10,51","33,92","29,55","33,23","13,92","23,75","6,11","15,89","17,31","18,41","44,97","37,57","31,14","18,41","32,18","34,58","6,55","75,03","2,74","34,61","21,52","29,33","49,27","7,87"
24/08/2026 00:00:00,"15,25","26,01","2,51","8,31","3,23","10,25","52,53","14,54","15,45","18,60","14,36","16,27","38,10","3,93","52,60","21,49","18,15","11,14","7,50","10,21","5,97","2,14","42,85","14,35","3,50","54,56","5,16","30,31","1,62","18,70","23,94","10,64","6,67","28,04","98,20","26,10","45,42","36,33","11,01","18,57","22,14","12,20","4,30","9,75","6,36","21,42","23,65","13,84","51,16","26,08","12,65","41,66","38,73","10,20","18,68","10,65","18,46","23,57","4,16","14,47","7,03","5,16","26,94","8,25","16,03","46,94","42,11","4,44","61,62","47,59","18,32","14,24","4,73","34,52","10,51","33,70","29,65","33,20","13,93","23,86","6,24","15,74","17,60","19,27","46,32","37,78","31,02","18,58","31,92","34,72","7,12","77,13","2,82","33,86","21,60","29,42","49,07","8,88"
25/08/2026 00:00:00,"15,31","26,56","2,74","8,96","3,33","10,71","53,65","14,64","15,75","19,57","14,78","16,78","38,90","4,05","54,20","21,89","18,20","11,18","8,00","10,51","5,88","2,17","44,24","14,65","3,75","55,50","5,08","32,58","1,74","19,14","24,73","11,29","6,95","28,85","96,34","26,69","47,24","37,15","11,76","18,64","22,45","12,54","4,64","9,84","6,42","21,80","24,33","14,13","52,94","26,46","12,85","42,60","39,44","10,39","18,74","11,08","18,31","24,54","4,54","15,12","7,42","5,46","27,52","8,76","16,43","45,98","41,35","4,51","60,88","48,24","19,59","14,53","4,81","36,07","10,59","35,65","29,69","33,65","13,90","24,69","6,56","15,91","17,45","18,46","46,34","38,86","33,43","18,74","32,75","33,62","6,97","78,70","3,01","34,09","22,07","30,00","49,58","8,74"
26/08/2026 00:00:00,"15,24","26,43","2,73","8,37","3,28","10,85","53,41","14,89","15,75","19,52","14,92","16,99","39,41","4,10","54,07","21,95","17,72","11,20","7,85","10,50","5,99","2,23","44,55","14,65","3,71","55,10","5,27","31,99","1,78","19,21","24,09","11,01","6,95","28,84","97,23","26,38","47,57","36,83","11,55","18,66","22,88","12,50","4,60","9,94","6,38","22,01","24,50","14,43","53,40","26,75","12,90","42,60","39,45","10,40","18,71","10,80","18,56","24,60","4,71","15,10","7,19","5,51","27,42","8,94","16,42","45,93","41,45","4,41","60,76","48,54","19,31","14,59","4,76","35,30","10,37","35,40","29,73","33,26","14,00","25,06","6,46","16,29","17,30","18,63","46,15","38,94","32,06","18,74","32,60","33,46","7,13","78,45","3,05","33,61","22,70","30,06","50,42","8,62"
27/08/2026 00:00:00,"15,12","26,21","2,78","8,20","3,30","10,86","52,60","14,79","15,73","19,97","14,96","16,93","39,45","3,97","53,74","22,35","17,50","11,21","8,14","10,40","6,01","2,23","44,06","14,57","3,71","55,20","5,37","32,85","1,78","19,31","23,80","10,97","6,96","28,85","97,61","26,15","47,50","36,71","11,77","18,74","23,97","12,42","4,76","10,45","6,55","21,25","24,18","14,73","55,23","26,65","12,84","42,32","39,10","10,36","18,79","10,63","18,76","24,61","4,84","15,08","7,21","5,47","27,42","8,91","16,23","47,31","42,70","4,50","61,09","48,34","19,40","14,81","4,82","35,31","10,66","35,06","29,47","33,36","14,04","25,08","6,53","16,01","17,03","18,87","46,40","38,70","33,39","18,33","34,69","33,17","7,17","79,11","3,03","33,35","22,60","29,39","50,25","8,86"
28/08/2026 00:00:00,"15,19","26,41","2,75","8,16","3,35","10,80","53,10","14,66","16,04","20,17","15,04","17,08","40,02","3,88","53,58","22,22","17,00","11,22","8,26","10,51","6,00","2,24","44,80","14,68","3,77","54,73","5,21","32,72","1,72","19,30","23,02","10,87","6,91","28,81","95,22","26,30","47,37","36,75","11,74","18,87","23,80","12,58","4,78","10,42","6,49","21,36","24,13","14,68","56,13","26,70","12,95","42,44","39,19","10,28","18,87","10,70","18,24","24,25","4,62","15,06","6,98","5,19","27,38","8,74","16,38","48,25","43,55","4,42","60,54","48,87","19,36","14,88","4,83","35,44","10,63","34,81","30,01","33,20","14,03","25,24","6,54","15,77","16,82","18,58","45,99","38,68","32,75","18,30","34,41","33,63","7,20","78,58","2,99","33,38","21,97","29,61","49,98","8,84"